user_id,total_orders,avg_days_between_orders,avg_order_hour,order_variability,avg_basket_size,reorder_rate,hierarchical_cluster
189033,2.302585092994046,14.5,16.11111111111111,7.5,2.3513752571634776,0.3026315789473684,3
113007,1.6094379124341003,11.666666666666666,18.0,1.6666666666666667,1.0986122886681096,0.0,3
40369,2.8903717578961645,12.5625,14.176470588235293,25.5,2.6210388241125804,0.553921568627451,1
2153,2.9444389791664403,8.823529411764707,15.944444444444445,28.5,1.7819071727850435,0.5,3
194850,4.189654742026425,5.671875,14.353846153846154,357.5,2.3333567516607996,0.7550335570469798,2
30124,1.791759469228055,5.25,13.2,2.5,2.5257286443082556,0.10869565217391304,0
118698,2.3978952727983707,23.555555555555557,12.9,9.166666666666666,1.8281271133989299,0.5531914893617021,0
130039,2.0794415416798357,30.0,16.714285714285715,4.666666666666667,1.5404450409471488,0.5454545454545454,3
151683,2.1972245773362196,25.142857142857142,14.375,6.0,2.5427262206768266,0.2682926829268293,0
139707,2.4849066497880004,24.1,14.181818181818182,11.0,1.3862943611198906,0.7,3
187888,1.9459101490553132,22.8,9.333333333333334,3.5,2.580216829592325,0.19672131147540983,0
134789,2.772588722239781,20.071428571428573,15.6,20.0,2.639057329615259,0.4175824175824176,1
148324,2.302585092994046,23.25,10.11111111111111,7.5,2.6210388241125804,0.5882352941176471,0
203190,1.791759469228055,18.0,17.6,2.5,2.5649493574615367,0.14583333333333334,0
105969,1.9459101490553132,20.2,14.166666666666666,3.5,2.4159137783010487,0.13725490196078433,0
35942,1.9459101490553132,23.8,13.0,3.5,2.0541237336955462,0.029411764705882353,0
204656,2.833213344056216,11.8,12.5,22.666666666666668,1.4350845252893227,0.5,0
105795,1.791759469228055,19.25,16.4,2.5,2.0476928433652555,0.1111111111111111,0
149179,2.4849066497880004,24.5,14.454545454545455,11.0,1.916922612182061,0.3793103448275862,0
58648,2.5649493574615367,10.454545454545455,17.0,13.0,1.7129785913749407,0.38,0
206054,3.4965075614664802,11.67741935483871,16.09375,88.0,1.7971214123694403,0.6730769230769231,1
62267,2.3978952727983707,6.222222222222222,8.8,9.166666666666666,2.3774864011671637,0.3181818181818182,0
134009,2.1972245773362196,25.428571428571427,17.375,6.0,2.181224235989778,0.41818181818181815,0
152083,4.465908118654584,4.211764705882353,11.488372093023257,623.5,2.018816919863401,0.8234234234234235,2
55419,3.7612001156935624,8.731707317073171,10.595238095238095,150.5,2.5798472121421736,0.808,1
74630,1.791759469228055,23.5,12.0,2.5,2.0794415416798357,0.2857142857142857,0
65387,3.044522437723423,14.842105263157896,15.8,35.0,2.0794415416798357,0.6766917293233082,1
21414,1.791759469228055,7.5,13.4,2.5,1.749199854809259,0.47368421052631576,3
53702,4.174387269895637,5.761904761904762,16.34375,346.6666666666667,2.456735772821304,0.8318452380952381,2
170667,2.302585092994046,12.625,12.444444444444445,7.5,0.9162907318741551,0.5,3
118532,2.5649493574615367,12.090909090909092,15.25,13.0,2.783888277493715,0.31736526946107785,3
194202,1.6094379124341003,21.666666666666668,12.75,1.6666666666666667,2.512305623976115,0.3235294117647059,0
187455,2.9444389791664403,13.823529411764707,14.444444444444445,28.5,2.6721181918761467,0.611353711790393,1
13131,4.499809670330265,4.113636363636363,12.269662921348315,667.5,2.953962860677696,0.75,2
112460,1.6094379124341003,26.666666666666668,17.75,1.6666666666666667,2.7300291078209855,0.11627906976744186,0
51578,1.6094379124341003,30.0,16.0,1.6666666666666667,2.8716796248840124,0.3,0
37301,1.9459101490553132,14.6,13.333333333333334,3.5,1.4350845252893227,0.3125,3
28328,2.0794415416798357,13.5,16.857142857142858,4.666666666666667,3.106080330722856,0.5234375,0
122019,2.639057329615259,14.333333333333334,13.692307692307692,15.166666666666666,2.3434070875143007,0.5663716814159292,1
75527,2.302585092994046,19.125,10.0,7.5,1.0560526742493137,0.3333333333333333,3
16354,2.0794415416798357,20.333333333333332,13.0,4.666666666666667,2.7300291078209855,0.5697674418604651,0
75779,3.7376696182833684,8.9,14.21951219512195,143.5,2.803360380906535,0.8693548387096774,1
149720,1.791759469228055,26.25,14.2,2.5,2.0794415416798357,0.07142857142857142,0
126360,1.6094379124341003,4.0,12.25,1.6666666666666667,2.4849066497880004,0.18181818181818182,0
168326,1.791759469228055,17.75,15.8,2.5,2.583997552432231,0.10204081632653061,0
92090,3.044522437723423,6.7894736842105265,13.2,35.0,1.670681537674819,0.6707317073170732,1
36449,2.70805020110221,16.846153846153847,13.785714285714286,17.5,2.009761621041846,0.39285714285714285,3
112585,2.772588722239781,9.285714285714286,12.8,20.0,2.2735975561207935,0.6639344262295082,1
193107,1.6094379124341003,28.666666666666668,13.5,1.6666666666666667,2.793208009442517,0.021739130434782608,0
94506,2.9444389791664403,14.176470588235293,15.166666666666666,28.5,2.3817224135527697,0.41916167664670656,1
51101,2.0794415416798357,13.666666666666666,12.285714285714286,4.666666666666667,2.7300291078209855,0.37209302325581395,0
73654,4.1588830833596715,5.67741935483871,13.333333333333334,336.0,1.7279375371573356,0.5156794425087108,1
64583,2.1972245773362196,11.714285714285714,13.125,6.0,2.4849066497880004,0.5714285714285714,3
69026,1.791759469228055,23.5,13.0,2.5,2.4203681286504293,0.21951219512195122,0
194398,1.6094379124341003,12.666666666666666,16.5,1.6666666666666667,1.6739764335716716,0.23076923076923078,3
169714,2.4849066497880004,19.2,15.727272727272727,11.0,2.1972245773362196,0.5,0
33825,3.295836866004329,13.4,15.961538461538462,58.5,1.8500283773520307,0.4626865671641791,3
10654,1.6094379124341003,29.0,10.0,1.6666666666666667,2.03688192726104,0.1,0
2957,2.0794415416798357,21.0,13.428571428571429,4.666666666666667,1.4663370687934272,0.3,3
193858,3.4965075614664802,11.67741935483871,14.71875,88.0,2.5474270067693343,0.7013698630136986,1
188365,1.9459101490553132,11.8,11.0,3.5,2.2823823856765264,0.1590909090909091,0
180311,2.0794415416798357,17.333333333333332,13.0,4.666666666666667,3.245193133185574,0.3918918918918919,0
28497,3.8066624897703196,8.069767441860465,13.204545454545455,165.0,2.552347930583533,0.756385068762279,1
38750,1.6094379124341003,26.333333333333332,14.5,1.6666666666666667,2.268683541318364,0.038461538461538464,0
58806,2.4849066497880004,13.7,13.363636363636363,11.0,2.714694743820879,0.475177304964539,1
142818,1.6094379124341003,26.666666666666668,15.25,1.6666666666666667,2.0794415416798357,0.2857142857142857,0
286,1.6094379124341003,12.666666666666666,9.5,1.6666666666666667,2.268683541318364,0.0,0
41315,1.9459101490553132,27.0,16.166666666666668,3.5,2.468099531471619,0.2962962962962963,0
86626,1.6094379124341003,30.0,14.0,1.6666666666666667,2.1972245773362196,0.16666666666666666,0
62123,2.772588722239781,6.285714285714286,13.0,20.0,2.502606226887401,0.5605095541401274,1
166390,3.091042453358316,11.95,13.047619047619047,38.5,3.0633909220278057,0.7622549019607843,1
44412,1.791759469228055,22.5,10.4,2.5,2.374905754573672,0.28205128205128205,0
73408,1.9459101490553132,21.2,13.5,3.5,1.4350845252893227,0.25,3
118384,2.5649493574615367,2.727272727272727,13.083333333333334,13.0,2.6772785424354564,0.31543624161073824,1
89713,3.367295829986474,7.444444444444445,13.357142857142858,67.66666666666667,2.2801122371419873,0.6497890295358649,1
204874,2.833213344056216,19.2,12.0625,22.666666666666668,2.7767467323884447,0.6371681415929203,1
68065,4.143134726391533,5.786885245901639,14.709677419354838,325.5,2.591086501829229,0.7197875166002656,2
48610,3.713572066704308,8.051282051282051,10.825,136.66666666666666,2.1078794770003695,0.6453900709219859,1
199381,3.8501476017100584,7.933333333333334,14.847826086956522,180.16666666666666,2.6002174962989946,0.7076648841354723,1
198115,2.9444389791664403,15.058823529411764,15.166666666666666,28.5,2.254382991176168,0.6482758620689655,1
173016,2.1972245773362196,13.285714285714286,13.5,6.0,1.9042374526547454,0.55,3
43255,2.8903717578961645,11.25,15.294117647058824,25.5,2.07159836421881,0.40540540540540543,3
148031,1.9459101490553132,29.6,11.833333333333334,3.5,1.0986122886681096,0.6,0
115380,1.9459101490553132,14.4,12.333333333333334,3.5,2.747270914255491,0.1917808219178082,0
21028,2.833213344056216,16.466666666666665,12.4375,22.666666666666668,3.158417855831087,0.6834319526627219,1
3427,2.3978952727983707,15.11111111111111,13.0,9.166666666666666,2.8134107167600364,0.3191489361702128,0
52939,3.970291913552122,6.882352941176471,11.76923076923077,229.66666666666666,2.902283106089513,0.7095671981776766,1
148745,2.4849066497880004,20.7,13.727272727272727,11.0,1.9600947840472698,0.5573770491803278,3
129721,1.791759469228055,19.75,10.6,2.5,2.9444389791664403,0.2638888888888889,0
199798,3.295836866004329,14.52,15.038461538461538,58.5,3.518091133133655,0.69559902200489,1
102177,1.6094379124341003,27.333333333333332,17.25,1.6666666666666667,2.3353749158170367,0.2857142857142857,0
188905,3.044522437723423,10.526315789473685,10.55,35.0,2.8270021439635755,0.4768211920529801,1
70771,2.0794415416798357,19.833333333333332,12.714285714285714,4.666666666666667,2.302585092994046,0.48148148148148145,0
192720,1.9459101490553132,16.0,12.333333333333334,3.5,2.2407096892759584,0.23809523809523808,0
139689,2.639057329615259,17.25,13.692307692307692,15.166666666666666,2.1400661634962708,0.3,0
159964,1.9459101490553132,18.6,13.166666666666666,3.5,2.341805806147327,0.2553191489361702,0
94291,2.833213344056216,18.733333333333334,12.9375,22.666666666666668,3.20545280453606,0.476056338028169,0
33403,2.302585092994046,17.125,10.444444444444445,7.5,2.224623551524334,0.4393939393939394,0
25583,2.3978952727983707,23.77777777777778,16.4,9.166666666666666,2.1972245773362196,0.4583333333333333,0
160939,2.0794415416798357,21.0,13.714285714285714,4.666666666666667,1.791759469228055,0.26666666666666666,3
175861,2.833213344056216,12.666666666666666,12.6875,22.666666666666668,2.087740344494531,0.3113207547169811,0
114712,1.6094379124341003,22.666666666666668,11.0,1.6666666666666667,2.03688192726104,0.05,0
52353,2.3978952727983707,23.22222222222222,14.7,9.166666666666666,1.1349799328389847,0.3157894736842105,3
45980,2.0794415416798357,21.0,17.142857142857142,4.666666666666667,1.6739764335716716,0.5769230769230769,3
185123,2.833213344056216,15.933333333333334,14.3125,22.666666666666668,1.916922612182061,0.28735632183908044,0
138399,4.060443010546419,6.410714285714286,12.421052631578947,275.5,2.613216098431371,0.693502824858757,1
62197,2.833213344056216,11.066666666666666,17.8125,22.666666666666668,2.538973871058276,0.5314285714285715,0
41080,2.9444389791664403,6.705882352941177,15.61111111111111,28.5,2.596132284898225,0.5260663507109005,1
186043,2.639057329615259,10.25,15.461538461538462,15.166666666666666,2.9998902837026544,0.34934497816593885,1
184695,2.9444389791664403,18.470588235294116,14.444444444444445,28.5,3.28927946545817,0.44419134396355353,1
10197,2.1972245773362196,18.0,12.625,6.0,2.0243817644968085,0.15217391304347827,0
78257,1.6094379124341003,22.0,15.75,1.6666666666666667,3.091042453358316,0.15873015873015872,0
81831,2.302585092994046,9.125,12.555555555555555,7.5,2.224623551524334,0.4393939393939394,0
91084,2.0794415416798357,14.333333333333334,12.142857142857142,4.666666666666667,1.4663370687934272,0.7,3
20535,3.7376696182833684,9.1,11.048780487804878,143.5,1.7182923173461826,0.7540983606557377,1
28842,2.4849066497880004,11.5,18.272727272727273,11.0,2.151762203259462,0.47368421052631576,0
30934,2.0794415416798357,12.0,12.571428571428571,4.666666666666667,1.4271163556401456,0.0,3
59969,3.2188758248682006,8.652173913043478,11.875,50.0,2.385966701933097,0.6740088105726872,1
29725,2.0794415416798357,25.833333333333332,14.857142857142858,4.666666666666667,1.7047480922384253,0.14814814814814814,0
61181,1.6094379124341003,8.0,8.25,1.6666666666666667,2.1972245773362196,0.5,0
40862,2.0794415416798357,27.333333333333332,17.857142857142858,4.666666666666667,2.512305623976115,0.6470588235294118,0
101936,1.6094379124341003,6.333333333333333,9.5,1.6666666666666667,1.7346010553881064,0.14285714285714285,0
158785,1.6094379124341003,26.0,14.75,1.6666666666666667,1.992430164690206,0.10526315789473684,0
175922,2.70805020110221,12.76923076923077,12.857142857142858,17.5,1.978345424808467,0.7037037037037037,3
184480,1.9459101490553132,4.8,14.0,3.5,1.9740810260220096,0.16129032258064516,0
78205,1.6094379124341003,12.666666666666666,14.25,1.6666666666666667,1.6739764335716716,0.38461538461538464,3
114842,2.833213344056216,13.733333333333333,15.1875,22.666666666666668,2.2192034840549946,0.5284552845528455,1
80548,1.9459101490553132,22.6,14.0,3.5,2.028148247292285,0.21212121212121213,0
44422,2.995732273553991,7.166666666666667,14.263157894736842,31.666666666666668,2.3877429013343527,0.4101123595505618,1
18235,1.6094379124341003,14.0,16.5,1.6666666666666667,2.70805020110221,0.2619047619047619,0
163747,1.9459101490553132,30.0,15.0,3.5,1.2237754316221157,0.3333333333333333,3
161700,2.639057329615259,15.5,9.846153846153847,15.166666666666666,0.9490805546971459,0.5789473684210527,3
149832,3.367295829986474,12.37037037037037,16.75,67.66666666666667,1.9822777932261881,0.7514792899408284,1
98500,3.6109179126442243,8.885714285714286,13.88888888888889,111.0,1.5686159179138452,0.706766917293233,1
197324,2.9444389791664403,17.941176470588236,11.055555555555555,28.5,2.290750635347043,0.37748344370860926,0
73878,3.7376696182833684,8.425,14.0,143.5,2.553343811341229,0.7172995780590717,1
64303,2.302585092994046,11.25,15.0,7.5,3.0504571732432377,0.5403726708074534,1
191895,1.6094379124341003,21.666666666666668,17.0,1.6666666666666667,2.9444389791664403,0.3333333333333333,0
124503,1.6094379124341003,24.333333333333332,18.75,1.6666666666666667,2.538973871058276,0.08571428571428572,0
35660,1.9459101490553132,17.6,14.666666666666666,3.5,1.4816045409242156,0.29411764705882354,3
189752,3.58351893845611,7.647058823529412,11.514285714285714,105.0,1.7466390339475855,0.6832298136645962,1
73251,1.6094379124341003,13.0,11.75,1.6666666666666667,2.3978952727983707,0.03333333333333333,0
182406,2.70805020110221,20.307692307692307,13.785714285714286,17.5,2.842222413998582,0.6476190476190476,1
188798,1.791759469228055,30.0,19.4,2.5,2.7568403652716422,0.1016949152542373,0
39480,1.9459101490553132,8.6,11.833333333333334,3.5,1.916922612182061,0.27586206896551724,0
200343,1.6094379124341003,10.333333333333334,16.25,1.6666666666666667,2.456735772821304,0.03125,0
120255,2.1972245773362196,20.714285714285715,14.625,6.0,2.2881963555419462,0.4032258064516129,0
126016,1.9459101490553132,25.4,11.333333333333334,3.5,3.295836866004329,0.3384615384615385,0
181399,1.6094379124341003,22.333333333333332,14.25,1.6666666666666667,2.1972245773362196,0.041666666666666664,0
30631,2.302585092994046,9.875,12.222222222222221,7.5,2.063693184711697,0.34545454545454546,0
29281,2.5649493574615367,3.090909090909091,14.25,13.0,2.57191802677763,0.12781954887218044,0
151508,2.0794415416798357,11.5,16.857142857142858,4.666666666666667,2.2335922215070942,0.08,0
91663,1.6094379124341003,30.0,12.75,1.6666666666666667,2.0794415416798357,0.14285714285714285,0
11360,2.0794415416798357,13.833333333333334,12.142857142857142,4.666666666666667,1.2992829841302609,0.125,3
112406,2.639057329615259,22.25,11.384615384615385,15.166666666666666,2.3902906734131513,0.5798319327731093,0
83171,3.6375861597263857,8.277777777777779,15.324324324324325,117.16666666666667,2.7245795030534206,0.8050682261208577,1
13498,2.0794415416798357,8.166666666666666,12.857142857142858,4.666666666666667,1.992430164690206,0.2631578947368421,0
78049,2.8903717578961645,15.75,16.823529411764707,25.5,3.1728318863667937,0.546448087431694,1
70297,2.302585092994046,13.625,14.777777777777779,7.5,3.044522437723423,0.525,1
97235,2.0794415416798357,22.0,16.0,4.666666666666667,2.412933150162911,0.2786885245901639,0
185761,1.6094379124341003,24.333333333333332,15.0,1.6666666666666667,1.992430164690206,0.05263157894736842,0
158124,1.9459101490553132,22.0,13.333333333333334,3.5,2.9652730660692823,0.5652173913043478,0
179389,2.1972245773362196,19.0,14.25,6.0,2.5538995212749516,0.26506024096385544,0
170091,2.5649493574615367,19.454545454545453,12.25,13.0,2.806111414278425,0.6374269005847953,1
137307,1.6094379124341003,13.333333333333334,14.0,1.6666666666666667,1.6094379124341003,0.16666666666666666,3
50954,1.791759469228055,27.0,12.0,2.5,1.3862943611198906,0.3333333333333333,3
51710,3.258096538021482,12.375,11.92,54.166666666666664,1.3328056761689044,0.6268656716417911,3
131514,2.5649493574615367,20.90909090909091,14.333333333333334,13.0,2.9492122579190982,0.7286432160804021,1
174910,2.1972245773362196,21.142857142857142,14.75,6.0,2.2735975561207935,0.3442622950819672,0
126215,1.6094379124341003,16.0,20.25,1.6666666666666667,1.8458266904983307,0.125,0
154320,1.6094379124341003,19.666666666666668,13.25,1.6666666666666667,1.8458266904983307,0.0,0
180484,2.0794415416798357,15.666666666666666,12.285714285714286,4.666666666666667,2.4709204078132605,0.3384615384615385,0
2864,1.9459101490553132,26.6,16.666666666666668,3.5,2.0541237336955462,0.35294117647058826,0
195447,2.3978952727983707,25.333333333333332,18.6,9.166666666666666,0.8938178760220965,0.38461538461538464,3
192820,2.0794415416798357,21.666666666666668,14.428571428571429,4.666666666666667,1.7047480922384253,0.1111111111111111,0
157716,2.3978952727983707,18.555555555555557,10.1,9.166666666666666,3.0231312477421053,0.5738636363636364,0
42573,2.3978952727983707,11.666666666666666,13.5,9.166666666666666,2.8067217286092396,0.6071428571428571,1
194072,3.58351893845611,7.470588235294118,16.0,105.0,2.325841955158313,0.535031847133758,1
40599,3.4657359027997265,11.6,11.64516129032258,82.66666666666667,0.9932517730102834,0.8235294117647058,3
175737,2.3978952727983707,25.0,17.5,9.166666666666666,2.3136349291806306,0.4024390243902439,0
38572,2.772588722239781,6.642857142857143,12.333333333333334,20.0,1.6514021115331325,0.7796610169491526,3
197805,2.0794415416798357,13.166666666666666,14.428571428571429,4.666666666666667,1.992430164690206,0.13157894736842105,0
94871,1.791759469228055,11.5,13.6,2.5,1.4469189829363254,0.23076923076923078,3
175883,2.1972245773362196,8.285714285714286,14.875,6.0,2.531426665422893,0.4074074074074074,1
45301,1.791759469228055,25.25,12.6,2.5,2.9575110607337933,0.0684931506849315,0
5800,1.6094379124341003,4.333333333333333,17.5,1.6666666666666667,1.992430164690206,0.15789473684210525,0
196227,3.7376696182833684,9.075,14.878048780487806,143.5,2.64084145140876,0.6180422264875239,1
185458,1.9459101490553132,23.6,13.166666666666666,3.5,3.126760535960395,0.4954128440366973,0
55544,1.791759469228055,27.75,14.4,2.5,3.6109179126442243,0.5069444444444444,0
118418,1.6094379124341003,9.333333333333334,12.5,1.6666666666666667,2.1594842493533726,0.21739130434782608,0
111529,3.332204510175204,13.76923076923077,10.851851851851851,63.0,2.4523304793533875,0.8079710144927537,1
181968,2.70805020110221,6.076923076923077,14.714285714285714,17.5,2.9156895658804545,0.7400881057268722,1
135718,2.1972245773362196,18.714285714285715,12.75,6.0,1.2321436812926323,0.35294117647058826,3
37346,2.302585092994046,23.25,11.666666666666666,7.5,2.094945728215801,0.14035087719298245,0
96010,3.8066624897703196,8.30232558139535,11.863636363636363,165.0,2.6652883417641284,0.6591304347826087,1
174079,2.833213344056216,6.6,12.125,22.666666666666668,0.8472978603872036,0.2,3
102816,2.0794415416798357,26.5,11.857142857142858,4.666666666666667,2.5257286443082556,0.42028985507246375,0
1827,1.6094379124341003,23.0,18.75,1.6666666666666667,2.538973871058276,0.3142857142857143,0
38697,2.639057329615259,14.916666666666666,14.0,15.166666666666666,2.0149030205422647,0.3717948717948718,3
137748,2.0794415416798357,11.0,10.428571428571429,4.666666666666667,2.4849066497880004,0.2727272727272727,0
18476,2.302585092994046,21.625,15.222222222222221,7.5,2.495269436823547,0.2696629213483146,0
193658,3.4011973816621555,10.321428571428571,14.689655172413794,72.5,1.455287232606842,0.5,1
187424,1.9459101490553132,21.8,14.333333333333334,3.5,1.9740810260220096,0.3548387096774194,0
190029,3.4965075614664802,11.774193548387096,8.75,88.0,2.4066544528882523,0.7028753993610224,1
189417,2.1972245773362196,23.857142857142858,11.0,6.0,1.0498221244986778,0.3076923076923077,3
164825,3.258096538021482,12.5,13.2,54.166666666666664,3.35136500791428,0.649016641452345,1
83728,2.5649493574615367,18.727272727272727,14.5,13.0,1.9965538818740682,0.45714285714285713,3
79601,3.2188758248682006,13.173913043478262,11.708333333333334,50.0,2.162823150618887,0.4293785310734463,0
39058,2.772588722239781,19.214285714285715,16.6,20.0,2.4107986776342782,0.3873239436619718,1
204463,3.8918202981106265,7.595744680851064,9.375,196.0,1.2915159547926012,0.8145161290322581,1
30143,3.5553480614894135,7.212121212121212,14.058823529411764,99.16666666666667,2.287317620863257,0.4349315068493151,1
182080,3.332204510175204,2.0384615384615383,14.074074074074074,63.0,1.578185368929996,0.69,1
99989,2.4849066497880004,19.3,14.090909090909092,11.0,2.2407096892759584,0.5476190476190477,3
177419,3.1354942159291497,13.476190476190476,13.727272727272727,42.166666666666664,2.0614230361771577,0.2916666666666667,3
190854,3.6375861597263857,10.083333333333334,13.243243243243244,117.16666666666667,2.844586334228486,0.758147512864494,1
154828,3.6109179126442243,9.257142857142858,10.0,111.0,3.0155349008501706,0.7407952871870398,1
197600,2.1972245773362196,9.857142857142858,11.125,6.0,0.9444616088408514,0.6363636363636364,3
192428,1.6094379124341003,27.333333333333332,15.25,1.6666666666666667,2.833213344056216,0.2916666666666667,0
193763,1.6094379124341003,30.0,16.5,1.6666666666666667,1.4663370687934272,0.1,0
84890,3.5553480614894135,10.575757575757576,13.882352941176471,99.16666666666667,1.8166984175753071,0.6764705882352942,1
47544,1.791759469228055,26.5,12.4,2.5,1.0986122886681096,0.5,3
131146,2.3978952727983707,23.11111111111111,14.1,9.166666666666666,2.3774864011671637,0.48863636363636365,0
144877,2.9444389791664403,15.176470588235293,14.777777777777779,28.5,2.1906671767900603,0.5555555555555556,1
137094,3.044522437723423,17.842105263157894,12.45,35.0,2.085998942225995,0.6268656716417911,1
153439,1.791759469228055,19.5,14.8,2.5,2.505525936990736,0.0,0
35998,2.995732273553991,15.277777777777779,11.0,31.666666666666668,1.563975538357343,0.4852941176470588,3
128518,2.4849066497880004,12.4,12.727272727272727,11.0,2.1972245773362196,0.5125,3
183251,1.9459101490553132,19.4,16.5,3.5,1.0296194171811583,0.6666666666666666,3
150660,1.791759469228055,17.5,15.4,2.5,1.8325814637483102,0.14285714285714285,3
1418,2.5649493574615367,21.181818181818183,13.583333333333334,13.0,2.068012845856213,0.35526315789473684,0
113104,1.6094379124341003,23.666666666666668,15.5,1.6666666666666667,2.793208009442517,0.13043478260869565,0
8791,1.9459101490553132,14.0,15.166666666666666,3.5,2.4336133554004498,0.3076923076923077,0
139658,1.6094379124341003,30.0,9.0,1.6666666666666667,1.6094379124341003,0.08333333333333333,0
121814,3.258096538021482,14.416666666666666,15.72,54.166666666666664,2.323204380196781,0.5972850678733032,1
88900,4.343805421853684,4.84,16.43421052631579,487.6666666666667,2.2837420051925656,0.6959152798789713,2
53560,1.6094379124341003,30.0,16.0,1.6666666666666667,1.6739764335716716,0.07692307692307693,0
198286,2.0794415416798357,26.666666666666668,14.857142857142858,4.666666666666667,2.2857779746776643,0.3584905660377358,0
185934,3.8066624897703196,8.069767441860465,16.15909090909091,165.0,2.3872681802240843,0.7176470588235294,1
135500,2.1972245773362196,14.142857142857142,15.875,6.0,2.181224235989778,0.2727272727272727,0
97531,2.0794415416798357,19.333333333333332,11.571428571428571,4.666666666666667,2.8903717578961645,0.19607843137254902,0
12563,1.791759469228055,24.0,13.8,2.5,3.1780538303479458,0.17391304347826086,0
189469,2.302585092994046,21.75,15.333333333333334,7.5,2.386466576974748,0.25316455696202533,0
185689,3.295836866004329,11.56,14.384615384615385,58.5,2.511223958105374,0.607773851590106,1
167726,1.6094379124341003,14.0,11.5,1.6666666666666667,2.512305623976115,0.029411764705882353,0
15002,2.0794415416798357,8.666666666666666,14.714285714285714,4.666666666666667,1.8718021769015913,0.2727272727272727,0
21616,3.258096538021482,7.583333333333333,12.4,54.166666666666664,2.6996819514316934,0.6846846846846847,1
57341,1.791759469228055,30.0,14.8,2.5,1.8325814637483102,0.047619047619047616,0
162129,4.04305126783455,3.8363636363636364,12.660714285714286,266.0,1.6863989535702286,0.8099173553719008,1
74736,1.9459101490553132,27.2,15.833333333333334,3.5,1.7578579175523736,0.20833333333333334,0
15122,1.6094379124341003,16.666666666666668,15.0,1.6666666666666667,2.639057329615259,0.15384615384615385,0
152617,2.302585092994046,19.375,12.333333333333334,7.5,1.927891643552635,0.3829787234042553,3
105971,2.9444389791664403,14.0,16.833333333333332,28.5,2.370793343020579,0.30303030303030304,3
11687,2.4849066497880004,18.2,12.272727272727273,11.0,2.379546134130174,0.40816326530612246,0
116750,2.4849066497880004,14.8,14.818181818181818,11.0,2.70805020110221,0.35714285714285715,3
99674,1.9459101490553132,19.0,13.0,3.5,2.028148247292285,0.3939393939393939,3
22378,2.0794415416798357,19.833333333333332,12.285714285714286,4.666666666666667,3.295836866004329,0.2564102564102564,0
12795,1.6094379124341003,13.0,13.5,1.6666666666666667,2.03688192726104,0.35,3
51818,2.639057329615259,15.0,11.307692307692308,15.166666666666666,2.4277482359480516,0.5241935483870968,1
18957,3.58351893845611,7.470588235294118,13.085714285714285,105.0,1.911718784307034,0.5306122448979592,1
106752,1.6094379124341003,13.666666666666666,9.25,1.6666666666666667,2.2335922215070942,0.0,0
106807,1.6094379124341003,30.0,14.0,1.6666666666666667,1.2992829841302609,0.0,0
8114,2.0794415416798357,19.666666666666668,17.714285714285715,4.666666666666667,2.1594842493533726,0.45652173913043476,0
66399,2.833213344056216,13.466666666666667,15.375,22.666666666666668,1.9647786333596962,0.3804347826086957,3
151026,1.6094379124341003,24.0,13.0,1.6666666666666667,2.614959778036198,0.10526315789473684,0
174538,1.9459101490553132,25.4,14.0,3.5,1.33500106673234,0.42857142857142855,3
83135,2.995732273553991,18.27777777777778,11.947368421052632,31.666666666666668,2.7999876964278956,0.5539568345323741,1
194404,2.5649493574615367,7.7272727272727275,13.333333333333334,13.0,2.529358412358834,0.5039370078740157,1
101710,1.6094379124341003,17.333333333333332,13.75,1.6666666666666667,2.3353749158170367,0.5,0
113967,1.6094379124341003,25.333333333333332,10.0,1.6666666666666667,2.3353749158170367,0.14285714285714285,0
69326,2.833213344056216,12.266666666666667,11.75,22.666666666666668,2.1594842493533726,0.4608695652173913,0
109130,2.302585092994046,15.25,13.11111111111111,7.5,2.780370862681836,0.5537190082644629,1
122101,3.912023005428146,7.354166666666667,15.122448979591837,204.16666666666666,2.495269436823547,0.7303370786516854,1
139132,2.302585092994046,4.875,10.666666666666666,7.5,2.031432322493475,0.5660377358490566,3
101766,1.791759469228055,19.5,14.0,2.5,2.9311937524164198,0.4507042253521127,0
47158,2.70805020110221,15.0,12.928571428571429,17.5,1.366876275262789,0.2631578947368421,0
13564,2.4849066497880004,22.5,12.818181818181818,11.0,2.4765384001174837,0.26605504587155965,0
187567,2.8903717578961645,17.4375,12.176470588235293,25.5,2.56974552972503,0.3471502590673575,0
82238,2.302585092994046,19.375,12.777777777777779,7.5,2.3978952727983707,0.3375,0
168627,1.6094379124341003,8.0,13.25,1.6666666666666667,2.614959778036198,0.13157894736842105,0
97845,2.4849066497880004,20.5,10.727272727272727,11.0,1.4816045409242156,0.4117647058823529,3
38897,2.639057329615259,24.416666666666668,13.76923076923077,15.166666666666666,0.8472978603872036,0.75,3
55928,1.791759469228055,27.75,13.2,2.5,1.8718021769015913,0.5454545454545454,0
76541,1.9459101490553132,22.2,15.833333333333334,3.5,2.6100697927420065,0.30158730158730157,0
158759,3.4011973816621555,11.25,15.275862068965518,72.5,2.394643237411993,0.4336917562724014,1
194214,1.6094379124341003,24.333333333333332,11.5,1.6666666666666667,2.120263536200091,0.09090909090909091,0
43721,3.4339872044851463,9.275862068965518,13.366666666666667,77.5,1.5379789484519555,0.6886792452830188,1
107751,2.4849066497880004,10.5,15.454545454545455,11.0,2.5877640352277083,0.21138211382113822,0
163482,2.5649493574615367,7.636363636363637,12.333333333333334,13.0,3.0659365322272394,0.6844444444444444,1
161520,2.772588722239781,20.5,16.133333333333333,20.0,1.5656352897757073,0.6037735849056604,3
85046,1.6094379124341003,20.666666666666668,16.25,1.6666666666666667,1.4663370687934272,0.2,3
139293,2.3978952727983707,19.666666666666668,14.3,9.166666666666666,2.120263536200091,0.24242424242424243,0
44016,2.302585092994046,27.0,13.666666666666666,7.5,2.7488721956224653,0.5897435897435898,0
76680,3.5553480614894135,10.333333333333334,13.294117647058824,99.16666666666667,2.8278514009148306,0.7085714285714285,1
158795,2.772588722239781,4.5,16.933333333333334,20.0,2.9556540499865807,0.47058823529411764,1
78124,3.091042453358316,15.75,12.523809523809524,38.5,2.3513752571634776,0.7315789473684211,1
86681,1.791759469228055,20.75,16.2,2.5,2.302585092994046,0.2777777777777778,0
191401,3.9318256327243257,7.448979591836735,14.72,212.5,1.5153514733494922,0.735632183908046,1
79830,1.791759469228055,17.75,11.4,2.5,0.9162907318741551,0.3333333333333333,3
155768,2.4849066497880004,16.8,8.545454545454545,11.0,2.302585092994046,0.35555555555555557,0
96500,2.3978952727983707,24.333333333333332,12.2,9.166666666666666,1.4403615823901663,0.5172413793103449,0
25832,3.4011973816621555,12.142857142857142,14.10344827586207,72.5,2.581298495463066,0.6111111111111112,1
74739,3.8918202981106265,7.638297872340425,12.125,196.0,2.7263219673381656,0.8390461997019374,1
144563,2.9444389791664403,10.294117647058824,14.055555555555555,28.5,1.8581345381729277,0.2826086956521739,3
204939,2.4849066497880004,16.2,12.090909090909092,11.0,1.8245492920510458,0.46153846153846156,0
199930,1.6094379124341003,15.666666666666666,12.0,1.6666666666666667,2.367123614131617,0.20689655172413793,0
138136,3.295836866004329,12.28,14.692307692307692,58.5,1.9050881545350582,0.5314685314685315,3
4860,3.6109179126442243,9.228571428571428,13.333333333333334,111.0,2.601630924096142,0.6498855835240275,1
47794,1.791759469228055,14.5,11.0,2.5,1.8718021769015913,0.18181818181818182,0
166261,2.0794415416798357,15.0,13.428571428571429,4.666666666666667,1.6094379124341003,0.2916666666666667,3
96032,3.4011973816621555,12.071428571428571,13.344827586206897,72.5,1.826850789039325,0.5958904109589042,1
189278,2.995732273553991,18.38888888888889,12.578947368421053,31.666666666666668,1.2840155119994725,0.3829787234042553,3
124400,3.8066624897703196,7.883720930232558,13.568181818181818,165.0,2.3095376123089273,0.6153846153846154,1
157907,3.8066624897703196,6.837209302325581,13.022727272727273,165.0,2.461376152377806,0.6854663774403471,1
85250,2.0794415416798357,24.0,12.142857142857142,4.666666666666667,3.7495040759303713,0.5060240963855421,0
99168,1.791759469228055,21.0,14.8,2.5,2.4849066497880004,0.045454545454545456,0
159364,1.9459101490553132,13.8,10.5,3.5,2.0014800002101243,0.65625,3
153730,3.8501476017100584,7.933333333333334,14.891304347826088,180.16666666666666,2.6018663012891787,0.5338078291814946,1
48584,2.772588722239781,21.5,12.2,20.0,2.613216098431371,0.6779661016949152,0
175196,2.8903717578961645,18.625,16.529411764705884,25.5,2.283657083108527,0.6524822695035462,0
137946,3.6109179126442243,10.17142857142857,16.416666666666668,111.0,2.2407096892759584,0.42517006802721086,1
137970,2.8903717578961645,6.3125,15.823529411764707,25.5,2.409194828052304,0.35802469135802467,3
23243,2.4849066497880004,22.1,14.909090909090908,11.0,1.8245492920510458,0.2692307692307692,3
173339,1.791759469228055,20.25,13.6,2.5,2.224623551524334,0.030303030303030304,0
133835,1.6094379124341003,27.0,12.5,1.6666666666666667,2.268683541318364,0.07692307692307693,0
48439,3.4011973816621555,7.25,16.0,72.5,2.792478880719001,0.8484848484848485,1
155894,1.9459101490553132,15.0,5.833333333333333,3.5,0.8754687373538999,0.7142857142857143,3
120917,2.1972245773362196,26.571428571428573,15.375,6.0,1.349926716949016,0.6,3
23589,1.6094379124341003,12.333333333333334,17.5,1.6666666666666667,2.4849066497880004,0.45454545454545453,0
28849,1.791759469228055,21.75,10.2,2.5,2.302585092994046,0.2222222222222222,0
118445,1.791759469228055,23.5,13.8,2.5,2.8763855159214247,0.23880597014925373,0
89480,1.6094379124341003,20.666666666666668,15.25,1.6666666666666667,2.3353749158170367,0.0,0
146607,2.772588722239781,7.642857142857143,13.266666666666667,20.0,2.3648889763302003,0.48148148148148145,1
60658,1.791759469228055,6.75,19.4,2.5,2.3978952727983707,0.25,0
117547,2.4849066497880004,22.9,13.090909090909092,11.0,1.7404661748405044,0.10638297872340426,0
100502,2.1972245773362196,15.428571428571429,15.0,6.0,2.114532861491106,0.5098039215686274,3
43327,2.833213344056216,19.333333333333332,13.0,22.666666666666668,1.622683139184121,0.5409836065573771,3
168868,2.5649493574615367,15.090909090909092,13.25,13.0,2.0209453349982276,0.09722222222222222,0
27254,1.6094379124341003,21.666666666666668,17.25,1.6666666666666667,2.9444389791664403,0.25925925925925924,0
178643,2.1972245773362196,24.0,12.75,6.0,2.5084371471981943,0.12658227848101267,0
172619,3.4011973816621555,9.107142857142858,12.689655172413794,72.5,1.7676619176489945,0.5882352941176471,1
189625,3.7376696182833684,6.025,11.878048780487806,143.5,1.3673663512343717,0.42735042735042733,1
32764,3.4965075614664802,2.6774193548387095,15.1875,88.0,1.3535045382968998,0.6292134831460674,1
137261,2.9444389791664403,11.823529411764707,15.555555555555555,28.5,2.696215743455207,0.6510638297872341,1
185547,3.713572066704308,9.282051282051283,16.075,136.66666666666666,2.2445212920392845,0.7264437689969605,1
65761,3.4339872044851463,8.379310344827585,16.8,77.5,2.3530159466209377,0.6847826086956522,1
83587,1.6094379124341003,8.666666666666666,10.5,1.6666666666666667,2.6855773452501515,0.17073170731707318,0
91573,4.406719247264253,4.55,16.296296296296298,553.5,1.9494752152198096,0.6887966804979253,2
197625,2.5649493574615367,12.181818181818182,12.5,13.0,2.6193845640165536,0.4714285714285714,1
49553,3.044522437723423,8.157894736842104,12.6,35.0,2.1735548332503147,0.5472972972972973,1
190260,3.4657359027997265,11.966666666666667,13.96774193548387,82.66666666666667,2.7557816039234,0.744343891402715,1
171781,4.060443010546419,6.517857142857143,13.0,275.5,2.5257286443082556,0.8183229813664596,1
64868,3.828641396489095,4.886363636363637,10.577777777777778,172.5,1.9491516429794842,0.7396226415094339,1
153854,2.1972245773362196,13.0,13.625,6.0,1.1451323043030026,0.0,3
29669,3.044522437723423,13.052631578947368,14.9,35.0,2.16150649473414,0.3424657534246575,3
23684,2.772588722239781,19.571428571428573,13.2,20.0,2.7222348360941666,0.4120603015075377,0
13241,3.9512437185814275,7.3,15.196078431372548,221.0,2.3570732782781154,0.497907949790795,1
134456,2.3978952727983707,26.0,10.8,9.166666666666666,1.9616585060234524,0.18181818181818182,0
57130,4.61512051684126,2.8585858585858586,13.13,841.6666666666666,2.083222264519742,0.7614942528735632,2
51899,2.1972245773362196,17.0,10.625,6.0,2.2735975561207935,0.5081967213114754,0
159782,2.0794415416798357,13.666666666666666,14.0,4.666666666666667,2.1000608288825715,0.2558139534883721,0
55683,1.9459101490553132,25.2,12.5,3.5,2.8449093838194073,0.24691358024691357,0
171884,3.044522437723423,12.052631578947368,15.75,35.0,2.4849066497880004,0.3827751196172249,1
110570,3.1780538303479458,13.863636363636363,11.91304347826087,46.0,2.2512917986064953,0.5240641711229946,1
38213,2.3978952727983707,23.77777777777778,14.7,9.166666666666666,1.413693335308005,0.25,3
155288,2.1972245773362196,10.857142857142858,14.75,6.0,2.2881963555419462,0.1935483870967742,0
158011,3.258096538021482,13.875,11.8,54.166666666666664,2.605771351981792,0.5149501661129569,1
28168,2.995732273553991,16.5,12.31578947368421,31.666666666666668,2.715430308399833,0.6692913385826772,1
10883,2.1972245773362196,22.571428571428573,15.75,6.0,2.8247744754103516,0.34234234234234234,0
22174,3.044522437723423,13.105263157894736,15.1,35.0,2.0595073267790185,0.3076923076923077,3
161952,1.791759469228055,30.0,15.6,2.5,2.169053700369523,0.2903225806451613,0
196138,3.367295829986474,12.407407407407407,12.535714285714286,67.66666666666667,2.9267394020670396,0.7044025157232704,1
53512,2.1972245773362196,25.571428571428573,13.125,6.0,2.3581549441488563,0.1044776119402985,0
99463,2.772588722239781,9.5,14.266666666666667,20.0,2.4789364828014966,0.43137254901960786,1
131804,1.791759469228055,25.25,14.8,2.5,1.1786549963416462,0.1111111111111111,3
162540,2.5649493574615367,14.181818181818182,14.5,13.0,3.573366566992092,0.6141732283464567,1
85670,3.091042453358316,15.9,16.19047619047619,38.5,1.9810014688665833,0.544,3
20127,2.302585092994046,16.875,11.222222222222221,7.5,1.4170660197866443,0.68,3
22004,1.9459101490553132,11.6,12.666666666666666,3.5,2.2823823856765264,0.3409090909090909,0
60621,2.772588722239781,4.785714285714286,16.4,20.0,2.088330489097082,0.29292929292929293,3
810,1.6094379124341003,19.333333333333332,17.0,1.6666666666666667,2.120263536200091,0.36363636363636365,0
84131,2.302585092994046,19.25,18.11111111111111,7.5,1.791759469228055,0.25,3
54281,3.6375861597263857,10.083333333333334,13.594594594594595,117.16666666666667,2.324563999712821,0.6716867469879518,1
149884,2.302585092994046,21.0,14.0,7.5,2.4203681286504293,0.4634146341463415,0
35475,4.61512051684126,3.3838383838383836,16.88,841.6666666666666,1.9151384903885598,0.7486910994764397,2
104225,2.5649493574615367,23.636363636363637,12.166666666666666,13.0,1.3862943611198906,0.42424242424242425,0
71731,3.58351893845611,6.235294117647059,12.82857142857143,105.0,1.962577201540525,0.41346153846153844,1
45224,2.0794415416798357,11.166666666666666,13.0,4.666666666666667,2.412933150162911,0.13114754098360656,0
162889,3.1780538303479458,13.909090909090908,14.695652173913043,46.0,2.7782544597754586,0.5662650602409639,1
158954,2.302585092994046,16.375,14.333333333333334,7.5,2.094945728215801,0.42105263157894735,3
9448,2.0794415416798357,8.333333333333334,14.142857142857142,4.666666666666667,1.9459101490553132,0.25,0
23073,1.9459101490553132,3.4,12.5,3.5,2.2617630984737906,0.18604651162790697,0
33397,3.912023005428146,7.395833333333333,15.428571428571429,204.16666666666666,1.890850371872286,0.7518518518518519,1
1037,2.1972245773362196,21.0,15.375,6.0,3.241475656785442,0.4883720930232558,0
200894,3.258096538021482,12.166666666666666,16.28,54.166666666666664,2.463853240590168,0.4844961240310077,1
43611,2.772588722239781,17.214285714285715,14.133333333333333,20.0,2.3648889763302003,0.31851851851851853,0
60154,1.9459101490553132,23.0,17.5,3.5,3.126760535960395,0.3761467889908257,0
77926,3.58351893845611,3.264705882352941,13.82857142857143,105.0,1.6269310698816175,0.5179856115107914,1
178417,1.6094379124341003,20.333333333333332,11.5,1.6666666666666667,2.4849066497880004,0.21212121212121213,0
200782,1.6094379124341003,23.333333333333332,16.5,1.6666666666666667,1.791759469228055,0.3333333333333333,3
64330,1.791759469228055,20.0,13.2,2.5,1.4469189829363254,0.38461538461538464,3
5255,1.9459101490553132,12.4,16.0,3.5,1.4816045409242156,0.47058823529411764,3
198745,2.302585092994046,17.375,13.777777777777779,7.5,2.810907586541918,0.352,0
860,3.044522437723423,13.947368421052632,13.75,35.0,2.368766999875347,0.532608695652174,1
133362,2.995732273553991,17.61111111111111,13.157894736842104,31.666666666666668,1.0216512475319814,0.84375,3
68728,3.912023005428146,6.604166666666667,11.73469387755102,204.16666666666666,2.1000608288825715,0.7180232558139535,1
125248,2.8903717578961645,13.3125,12.0,25.5,1.4017985476558559,0.30612244897959184,0
112978,2.1972245773362196,10.142857142857142,15.625,6.0,2.0614230361771577,0.25,0
179683,2.302585092994046,16.25,13.11111111111111,7.5,1.4469189829363254,0.07692307692307693,3
22985,2.5649493574615367,6.818181818181818,12.833333333333334,13.0,3.048842098867939,0.4479638009049774,1
126641,2.772588722239781,18.142857142857142,11.8,20.0,2.8119811239504418,0.5159817351598174,1
28348,2.0794415416798357,15.333333333333334,12.428571428571429,4.666666666666667,1.252762968495368,0.4,3
130215,1.6094379124341003,27.0,12.5,1.6666666666666667,1.2992829841302609,0.25,3
188103,1.6094379124341003,11.666666666666666,14.5,1.6666666666666667,1.9459101490553132,0.0,0
179094,1.791759469228055,24.0,14.0,2.5,2.6741486494265287,0.07407407407407407,0
72626,1.791759469228055,9.0,14.6,2.5,2.4423470353692043,0.5,0
147544,2.5649493574615367,5.363636363636363,16.083333333333332,13.0,0.8602012652231115,0.8,1
51531,3.044522437723423,15.105263157894736,16.55,35.0,3.024268580818925,0.6559139784946236,1
20014,3.5553480614894135,10.303030303030303,10.735294117647058,99.16666666666667,1.6796421711073488,0.3958333333333333,0
74980,1.791759469228055,10.0,13.2,2.5,2.7245795030534206,0.45614035087719296,0
20219,3.367295829986474,11.851851851851851,12.5,67.66666666666667,2.41789593950504,0.5471014492753623,1
163073,2.4849066497880004,13.9,10.909090909090908,11.0,3.4531571205928664,0.6830065359477124,1
146770,4.007333185232471,6.811320754716981,13.24074074074074,247.5,3.5591145442848906,0.8264234383637369,1
4614,2.9444389791664403,13.588235294117647,12.61111111111111,28.5,1.8941744746561247,0.46875,3
175630,2.5649493574615367,19.0,16.416666666666668,13.0,2.732003442124703,0.5316455696202531,0
202483,2.639057329615259,16.666666666666668,14.538461538461538,15.166666666666666,1.8845412026790211,0.5671641791044776,3
120995,1.791759469228055,23.25,17.4,2.5,1.8325814637483102,0.38095238095238093,3
133786,1.791759469228055,28.0,20.4,2.5,1.252762968495368,0.4,3
128226,2.0794415416798357,13.833333333333334,18.0,4.666666666666667,1.7635885922613586,0.41379310344827586,0
204598,1.6094379124341003,17.666666666666668,17.75,1.6666666666666667,2.1594842493533726,0.08695652173913043,0
52135,1.791759469228055,24.0,15.2,2.5,1.9810014688665833,0.44,0
185845,2.70805020110221,23.153846153846153,14.714285714285714,17.5,3.1651504255120377,0.4745762711864407,0
69238,2.5649493574615367,17.818181818181817,14.416666666666666,13.0,1.6274564179367788,0.4,3
165504,1.9459101490553132,13.0,16.166666666666668,3.5,2.4159137783010487,0.09803921568627451,0
84067,3.1354942159291497,12.428571428571429,11.909090909090908,42.166666666666664,2.512305623976115,0.3865546218487395,1
102408,2.5649493574615367,3.8181818181818183,16.416666666666668,13.0,1.6274564179367788,0.6444444444444445,3
99057,2.4849066497880004,11.4,8.909090909090908,11.0,2.3702437414678603,0.41237113402061853,0
105797,1.791759469228055,9.75,13.0,2.5,2.1400661634962708,0.3,0
191054,3.6888794541139363,6.578947368421052,15.282051282051283,130.0,2.9472052326593308,0.6763848396501457,1
30002,1.6094379124341003,5.666666666666667,19.75,1.6666666666666667,2.9444389791664403,0.25925925925925924,0
116764,1.6094379124341003,30.0,16.5,1.6666666666666667,1.3862943611198906,0.1111111111111111,0
10107,1.791759469228055,20.5,10.4,2.5,2.8763855159214247,0.44776119402985076,0
37205,1.6094379124341003,18.666666666666668,13.0,1.6666666666666667,2.3353749158170367,0.21428571428571427,0
35438,1.9459101490553132,10.0,12.833333333333334,3.5,1.5260563034950494,0.4444444444444444,3
183746,2.3978952727983707,5.777777777777778,12.5,9.166666666666666,1.5404450409471488,0.09090909090909091,0
89730,3.4657359027997265,8.666666666666666,13.129032258064516,82.66666666666667,2.2547944291576973,0.62109375,1
88896,2.302585092994046,19.125,12.333333333333334,7.5,1.7272209480904839,0.3783783783783784,3
20543,2.5649493574615367,18.90909090909091,15.0,13.0,1.8505999692509885,0.2542372881355932,3
148855,1.791759469228055,12.75,11.2,2.5,0.6931471805599453,0.5,3
184326,3.1780538303479458,10.272727272727273,11.521739130434783,46.0,1.9715525796686508,0.3088235294117647,0
60940,2.772588722239781,17.928571428571427,13.6,20.0,2.2735975561207935,0.6639344262295082,1
52916,1.791759469228055,26.25,11.4,2.5,1.9459101490553132,0.16666666666666666,0
199845,2.1972245773362196,26.428571428571427,15.125,6.0,2.7545702167371027,0.34951456310679613,0
25588,2.5649493574615367,11.363636363636363,12.75,13.0,3.174258759379394,0.503968253968254,1
273,3.044522437723423,14.421052631578947,14.95,35.0,1.8997481072921507,0.4351851851851852,3
70612,3.5263605246161616,10.625,14.363636363636363,93.5,2.143735892385233,0.5767634854771784,1
12820,1.791759469228055,12.0,13.2,2.5,1.749199854809259,0.47368421052631576,3
16585,3.7376696182833684,9.1,13.24390243902439,143.5,2.840539384148289,0.7705426356589147,1
191217,1.9459101490553132,10.0,15.5,3.5,1.8245492920510458,0.2692307692307692,0
191791,3.4011973816621555,11.285714285714286,14.482758620689655,72.5,2.4107986776342782,0.3908450704225352,1
105280,1.6094379124341003,9.333333333333334,8.25,1.6666666666666667,0.6931471805599453,0.0,3
143237,1.791759469228055,22.25,15.0,2.5,3.367295829986474,0.42857142857142855,0
105726,3.8712010109078907,7.304347826086956,15.872340425531915,188.0,2.1400661634962708,0.4985507246376812,1
184196,2.4849066497880004,20.5,10.818181818181818,11.0,2.4423470353692043,0.5047619047619047,0
196535,2.772588722239781,18.071428571428573,12.933333333333334,20.0,1.455287232606842,0.5,3
171444,3.044522437723423,15.578947368421053,13.5,35.0,2.072840857648484,0.4393939393939394,3
195808,2.639057329615259,19.75,13.615384615384615,15.166666666666666,2.4350742760401247,0.512,0
22253,2.1972245773362196,15.285714285714286,12.75,6.0,2.2587824703356527,0.11666666666666667,0
146671,2.9444389791664403,17.176470588235293,10.166666666666666,28.5,2.6922395950755678,0.3333333333333333,0
7782,2.70805020110221,19.692307692307693,14.642857142857142,17.5,2.4117843849590375,0.5984848484848485,1
166131,2.302585092994046,26.875,13.333333333333334,7.5,0.965080896043587,0.5384615384615384,0
41499,1.6094379124341003,25.333333333333332,13.5,1.6666666666666667,1.2039728043259361,0.0,3
26539,3.4657359027997265,9.666666666666666,14.03225806451613,82.66666666666667,2.345005808877998,0.7597173144876325,1
64976,1.9459101490553132,22.6,13.333333333333334,3.5,0.8754687373538999,0.42857142857142855,3
80775,2.1972245773362196,17.285714285714285,10.25,6.0,2.2129729343043585,0.3157894736842105,0
57472,2.0794415416798357,17.666666666666668,17.285714285714285,4.666666666666667,2.456735772821304,0.0625,0
64115,2.0794415416798357,26.333333333333332,17.571428571428573,4.666666666666667,1.3437347467010947,0.6470588235294118,3
162837,2.3978952727983707,20.666666666666668,17.5,9.166666666666666,1.5404450409471488,0.7272727272727273,3
154681,2.3978952727983707,8.0,16.0,9.166666666666666,1.5163474893680884,0.59375,3
192693,1.791759469228055,6.75,11.8,2.5,2.8622008809294686,0.2878787878787879,0
201289,1.9459101490553132,20.2,16.666666666666668,3.5,1.8245492920510458,0.11538461538461539,0
126687,4.430816798843313,4.426829268292683,14.74698795180723,581.0,1.6617063409798574,0.7514285714285714,2
126449,3.258096538021482,14.5,12.48,54.166666666666664,2.367123614131617,0.7629310344827587,1
13328,2.1972245773362196,23.0,12.875,6.0,2.344549292093078,0.15151515151515152,0
183195,1.791759469228055,19.25,11.0,2.5,2.5649493574615367,0.20833333333333334,0
39785,1.6094379124341003,9.666666666666666,13.0,1.6666666666666667,2.6855773452501515,0.24390243902439024,0
205429,1.6094379124341003,22.0,12.0,1.6666666666666667,2.1594842493533726,0.21739130434782608,0
7498,1.791759469228055,18.75,12.4,2.5,1.7047480922384253,0.05555555555555555,0
152266,2.0794415416798357,26.0,11.142857142857142,4.666666666666667,1.9694406464655074,0.4594594594594595,0
12480,4.007333185232471,6.830188679245283,13.407407407407407,247.5,2.116482813360185,0.5658914728682171,1
91913,1.9459101490553132,13.2,13.833333333333334,3.5,2.760009940032921,0.35135135135135137,0
40420,2.772588722239781,16.142857142857142,9.066666666666666,20.0,2.6079667425452273,0.42045454545454547,1
65523,2.833213344056216,9.333333333333334,17.375,22.666666666666668,2.03688192726104,0.56,1
188424,1.9459101490553132,15.2,13.333333333333334,3.5,2.128231705849268,0.16216216216216217,0
164988,3.6109179126442243,9.971428571428572,13.916666666666666,111.0,2.7920411481665965,0.6772388059701493,1
133954,3.2188758248682006,10.043478260869565,16.208333333333332,50.0,2.034989779109002,0.3464052287581699,3
125626,2.0794415416798357,21.833333333333332,12.285714285714286,4.666666666666667,0.6931471805599453,0.3333333333333333,3
32943,2.0794415416798357,21.833333333333332,13.857142857142858,4.666666666666667,1.2992829841302609,0.25,3
99644,2.1972245773362196,15.0,12.875,6.0,1.1895840668738362,0.125,3
182821,4.543294782270004,3.9130434782608696,11.526881720430108,728.5,2.3176878611798024,0.7244655581947743,2
164013,1.791759469228055,23.25,11.2,2.5,2.327277705584417,0.10810810810810811,0
198181,2.302585092994046,13.125,15.88888888888889,7.5,2.3513752571634776,0.32894736842105265,3
119735,1.9459101490553132,20.4,14.5,3.5,1.791759469228055,0.04,0
92094,2.1972245773362196,25.142857142857142,12.5,6.0,1.8827312474337816,0.358974358974359,0
102974,2.3978952727983707,21.666666666666668,12.7,9.166666666666666,1.8101086078962516,0.2391304347826087,3
33617,3.044522437723423,6.631578947368421,10.3,35.0,2.5568192313782867,0.7876106194690266,1
123443,1.6094379124341003,30.0,17.5,1.6666666666666667,1.6094379124341003,0.25,0
20738,2.1972245773362196,19.857142857142858,14.625,6.0,2.2587824703356527,0.2,0
76054,2.772588722239781,18.142857142857142,14.733333333333333,20.0,2.717528945056754,0.5252525252525253,1
79850,4.007333185232471,6.754716981132075,14.055555555555555,247.5,1.7234402252505778,0.6188524590163934,1
131844,2.0794415416798357,11.5,11.285714285714286,4.666666666666667,2.3978952727983707,0.25,0
39668,3.4339872044851463,12.172413793103448,12.566666666666666,77.5,2.302585092994046,0.48659003831417624,1
149261,1.791759469228055,16.25,9.0,2.5,1.9459101490553132,0.5416666666666666,0
175960,2.4849066497880004,11.7,14.909090909090908,11.0,2.9338568698359033,0.38764044943820225,1
172590,1.9459101490553132,21.6,15.166666666666666,3.5,1.6863989535702286,0.6818181818181818,3
24102,1.6094379124341003,5.666666666666667,17.75,1.6666666666666667,2.4849066497880004,0.2727272727272727,0
159454,1.9459101490553132,19.8,12.0,3.5,1.9740810260220096,0.0967741935483871,0
48135,2.302585092994046,10.5,14.222222222222221,7.5,1.8523840910444898,0.7209302325581395,3
60703,2.9444389791664403,16.764705882352942,11.944444444444445,28.5,2.241960471177611,0.5314685314685315,0
70886,3.5263605246161616,7.5,14.818181818181818,93.5,1.9459101490553132,0.6614583333333334,1
49792,2.70805020110221,14.307692307692308,14.0,17.5,2.2870809064580806,0.4782608695652174,3
59067,1.791759469228055,10.5,8.6,2.5,0.9162907318741551,0.16666666666666666,3
57753,3.258096538021482,11.958333333333334,14.16,54.166666666666664,1.9033505346365174,0.3357664233576642,3
115062,1.6094379124341003,12.0,15.0,1.6666666666666667,1.6094379124341003,0.08333333333333333,3
68144,1.791759469228055,9.0,16.4,2.5,3.079613757534693,0.37349397590361444,0
59358,2.302585092994046,17.875,12.11111111111111,7.5,2.5933872927820705,0.3939393939393939,0
78195,3.828641396489095,7.545454545454546,13.066666666666666,172.5,2.639057329615259,0.6031468531468531,1
65287,4.174387269895637,5.015873015873016,13.671875,346.6666666666667,2.854461256590394,0.7943743937924346,2
71552,2.3978952727983707,28.666666666666668,13.5,9.166666666666666,2.9267394020670396,0.24528301886792453,0
93285,3.044522437723423,17.31578947368421,13.65,35.0,2.686772802654925,0.676923076923077,1
96996,1.9459101490553132,19.0,14.166666666666666,3.5,2.667228206581955,0.31343283582089554,0
113575,1.791759469228055,22.5,12.0,2.5,1.749199854809259,0.2631578947368421,0
110648,1.6094379124341003,22.333333333333332,12.0,1.6666666666666667,2.456735772821304,0.125,0
34144,2.639057329615259,20.583333333333332,10.307692307692308,15.166666666666666,1.1526795099383853,0.5384615384615384,3
187931,3.4965075614664802,10.806451612903226,15.78125,88.0,2.1754845906998135,0.5289256198347108,1
93704,2.5649493574615367,16.363636363636363,12.416666666666666,13.0,2.905409635260705,0.5368421052631579,1
44619,2.8903717578961645,16.375,10.882352941176471,25.5,2.3333567516607996,0.4161073825503356,0
203584,2.4849066497880004,26.6,14.0,11.0,3.0301337002713233,0.766497461928934,0
13975,2.5649493574615367,14.363636363636363,14.416666666666666,13.0,2.3978952727983707,0.6272727272727273,1
24847,2.995732273553991,17.055555555555557,12.894736842105264,31.666666666666668,1.8101086078962516,0.22826086956521738,0
197544,3.5263605246161616,10.59375,13.636363636363637,93.5,2.720472721100767,0.6585903083700441,1
53328,1.6094379124341003,14.0,9.5,1.6666666666666667,2.3978952727983707,0.4666666666666667,0
61164,3.4657359027997265,10.266666666666667,13.516129032258064,82.66666666666667,2.312535423847214,0.6336996336996337,1
94771,1.9459101490553132,20.2,14.166666666666666,3.5,2.797281334830153,0.2987012987012987,0
203380,1.9459101490553132,7.2,10.5,3.5,1.4350845252893227,0.5,0
122877,2.995732273553991,14.11111111111111,13.578947368421053,31.666666666666668,2.7898008511209027,0.37454545454545457,1
46510,2.0794415416798357,17.833333333333332,11.714285714285714,4.666666666666667,2.4849066497880004,0.21212121212121213,0
204316,1.9459101490553132,25.0,12.666666666666666,3.5,2.2407096892759584,0.11904761904761904,0
204500,3.2188758248682006,11.478260869565217,14.333333333333334,50.0,2.063002815336676,0.34177215189873417,3
37863,2.4849066497880004,22.0,13.363636363636363,11.0,1.7047480922384253,0.4888888888888889,0
114517,2.3978952727983707,19.333333333333332,18.3,9.166666666666666,1.0986122886681096,0.2777777777777778,3
144550,3.5553480614894135,11.0,11.205882352941176,99.16666666666667,2.6060510331470885,0.7222222222222222,1
149760,4.5217885770490405,3.988888888888889,12.208791208791208,697.6666666666666,2.6334862845658034,0.7893379191745485,2
121365,2.5649493574615367,2.090909090909091,11.916666666666666,13.0,1.7764919970972666,0.5740740740740741,3
185972,2.5649493574615367,9.363636363636363,13.75,13.0,0.9343092373768334,0.5294117647058824,3
151933,1.791759469228055,19.25,12.4,2.5,3.3843902633457743,0.34210526315789475,0
69239,2.70805020110221,18.153846153846153,12.214285714285714,17.5,2.9763141876968895,0.4256198347107438,0
184034,2.8903717578961645,16.1875,14.352941176470589,25.5,1.9723434061234688,0.40404040404040403,3
62733,2.70805020110221,12.923076923076923,15.928571428571429,17.5,1.5125880864441827,0.4782608695652174,3
150203,2.1972245773362196,16.857142857142858,17.25,6.0,3.311585222972468,0.3621621621621622,0
192876,3.367295829986474,11.962962962962964,12.571428571428571,67.66666666666667,1.9616585060234524,0.6242424242424243,1
69459,4.07753744390572,4.859649122807017,15.051724137931034,285.1666666666667,2.061741964580435,0.7058823529411765,1
102,2.0794415416798357,25.833333333333332,17.142857142857142,4.666666666666667,2.3826278006675823,0.423728813559322,0
57049,2.833213344056216,14.733333333333333,14.0,22.666666666666668,2.580216829592325,0.3770491803278688,0
205022,2.302585092994046,15.75,10.11111111111111,7.5,2.9444389791664403,0.6597222222222222,0
188128,2.639057329615259,17.666666666666668,15.384615384615385,15.166666666666666,2.412933150162911,0.36885245901639346,1
147465,2.5649493574615367,24.09090909090909,14.583333333333334,13.0,1.6094379124341003,0.6363636363636364,3
64469,1.791759469228055,18.0,15.0,2.5,1.6094379124341003,0.25,3
108867,2.995732273553991,14.555555555555555,14.263157894736842,31.666666666666668,2.87481934488868,0.53156146179402,1
183865,2.5649493574615367,7.181818181818182,17.333333333333332,13.0,3.226122233388968,0.5451127819548872,1
46602,1.6094379124341003,22.0,14.0,1.6666666666666667,2.1594842493533726,0.43478260869565216,0
41862,4.143134726391533,5.950819672131147,13.741935483870968,325.5,2.6506989046307443,0.7434620174346201,2
35965,3.8066624897703196,5.8604651162790695,10.727272727272727,165.0,1.768228971817861,0.722488038277512,1
69274,2.4849066497880004,15.6,14.272727272727273,11.0,1.7404661748405044,0.5531914893617021,3
152796,2.302585092994046,14.125,11.222222222222221,7.5,2.9444389791664403,0.24305555555555555,0
152682,1.791759469228055,19.0,15.2,2.5,2.327277705584417,0.16216216216216217,0
153557,1.791759469228055,14.25,14.6,2.5,1.55814461804655,0.26666666666666666,3
193215,3.7376696182833684,6.225,13.21951219512195,143.5,1.404870746692826,0.5203252032520326,1
152693,3.7612001156935624,8.536585365853659,13.595238095238095,150.5,1.3984157216522355,0.912,1
177684,3.9512437185814275,7.2,14.745098039215685,221.0,2.3085671646715933,0.7947019867549668,1
67303,1.791759469228055,30.0,16.2,2.5,1.252762968495368,0.3,3
185422,1.6094379124341003,19.666666666666668,13.5,1.6666666666666667,3.120895416507997,0.23076923076923078,0
110920,1.6094379124341003,23.666666666666668,11.5,1.6666666666666667,2.367123614131617,0.0,0
40863,2.302585092994046,17.125,12.777777777777779,7.5,1.9980959022258835,0.4117647058823529,3
88177,2.1972245773362196,21.857142857142858,14.25,6.0,2.531426665422893,0.25925925925925924,0
100234,1.6094379124341003,30.0,14.0,1.6666666666666667,3.270835563798912,0.11842105263157894,0
18315,1.791759469228055,29.5,13.0,2.5,2.4423470353692043,0.09523809523809523,0
56527,2.4849066497880004,26.9,15.545454545454545,11.0,1.6486586255873816,0.5714285714285714,3
140973,3.4011973816621555,9.392857142857142,12.0,72.5,2.3978952727983707,0.625,1
155298,1.6094379124341003,10.666666666666666,10.0,1.6666666666666667,1.7346010553881064,0.42857142857142855,0
32411,3.1780538303479458,15.727272727272727,14.521739130434783,46.0,2.298029276458185,0.6598984771573604,1
6173,2.0794415416798357,10.5,14.142857142857142,4.666666666666667,1.992430164690206,0.6052631578947368,3
114990,4.110873864173311,6.135593220338983,11.15,305.0,2.9062525213524153,0.7019607843137254,1
123214,2.772588722239781,15.714285714285714,13.133333333333333,20.0,2.9885637840753785,0.42045454545454547,1
115178,3.258096538021482,12.166666666666666,14.92,54.166666666666664,2.5455312716044354,0.5283687943262412,1
127513,2.70805020110221,20.846153846153847,15.928571428571429,17.5,2.020018121209035,0.5294117647058824,0
202363,2.0794415416798357,17.166666666666668,10.142857142857142,4.666666666666667,2.6968769005040847,0.5301204819277109,0
76625,1.6094379124341003,20.0,11.25,1.6666666666666667,2.3978952727983707,0.4,0
27689,2.4849066497880004,18.4,14.545454545454545,11.0,2.128231705849268,0.43243243243243246,3
180589,2.3978952727983707,19.11111111111111,15.6,9.166666666666666,2.5032557884561966,0.2871287128712871,0
168693,1.791759469228055,15.0,14.0,2.5,1.3862943611198906,0.0,3
160019,1.6094379124341003,21.666666666666668,13.75,1.6666666666666667,2.2335922215070942,0.28,0
136169,3.4011973816621555,11.321428571428571,13.689655172413794,72.5,2.712800803860808,0.5279187817258884,1
194536,2.1972245773362196,18.714285714285715,13.625,6.0,1.8827312474337816,0.07692307692307693,0
194050,3.4011973816621555,13.035714285714286,14.482758620689655,72.5,3.0394073370566526,0.7324955116696589,1
16544,1.791759469228055,10.5,15.6,2.5,2.8183982582710754,0.47619047619047616,0
42222,1.9459101490553132,24.2,16.5,3.5,2.468099531471619,0.25925925925925924,0
147238,2.4849066497880004,26.5,13.181818181818182,11.0,1.8082887711792655,0.49019607843137253,0
164061,2.3978952727983707,7.333333333333333,14.1,9.166666666666666,1.8971199848858813,0.39215686274509803,3
19917,2.4849066497880004,23.0,15.454545454545455,11.0,2.341805806147327,0.4787234042553192,0
188821,2.833213344056216,17.4,14.625,22.666666666666668,2.856470206220483,0.5284552845528455,1
103825,2.639057329615259,17.5,11.692307692307692,15.166666666666666,1.252762968495368,0.6666666666666666,3
42191,4.174387269895637,5.142857142857143,10.859375,346.6666666666667,1.643762654975175,0.6387832699619772,1
131622,1.6094379124341003,13.333333333333334,11.25,1.6666666666666667,1.7346010553881064,0.2857142857142857,0
11631,3.2188758248682006,13.043478260869565,13.875,50.0,2.000304221121112,0.3333333333333333,3
28786,2.4849066497880004,14.8,12.545454545454545,11.0,2.501435951739211,0.39285714285714285,0
50770,1.6094379124341003,29.0,14.0,1.6666666666666667,1.9459101490553132,0.05555555555555555,0
23045,3.4011973816621555,12.607142857142858,11.758620689655173,72.5,2.3237873006446486,0.7635658914728682,1
101009,3.4965075614664802,10.96774193548387,13.125,88.0,1.4563619237366077,0.47058823529411764,1
131776,2.1972245773362196,14.857142857142858,11.75,6.0,2.0614230361771577,0.375,0
40742,2.772588722239781,10.571428571428571,14.666666666666666,20.0,2.423537703411708,0.4097222222222222,3
165742,2.70805020110221,17.23076923076923,14.071428571428571,17.5,3.0840248806996695,0.5756457564575646,1
172770,1.9459101490553132,27.2,18.5,3.5,1.8245492920510458,0.07692307692307693,0
162506,2.0794415416798357,10.0,13.571428571428571,4.666666666666667,2.0149030205422647,0.6410256410256411,3
150784,4.442651256490317,2.6144578313253013,13.583333333333334,595.0,2.2519257130492765,0.7634560906515581,2
61428,1.6094379124341003,19.333333333333332,14.0,1.6666666666666667,3.091042453358316,0.25396825396825395,0
206126,3.4339872044851463,11.03448275862069,12.3,77.5,2.948062171535861,0.6316793893129771,1
46885,2.3978952727983707,10.555555555555555,14.4,9.166666666666666,2.120263536200091,0.4696969696969697,3
47082,1.9459101490553132,22.0,13.666666666666666,3.5,2.2823823856765264,0.11363636363636363,0
176250,1.9459101490553132,8.4,16.0,3.5,2.302585092994046,0.37777777777777777,0
35419,1.791759469228055,20.5,13.0,2.5,2.5649493574615367,0.1875,0
135369,2.0794415416798357,22.833333333333332,12.142857142857142,4.666666666666667,2.662587827025453,0.325,0
152690,1.791759469228055,14.0,17.0,2.5,2.1400661634962708,0.16666666666666666,0
6348,1.791759469228055,30.0,13.6,2.5,3.1135153092103742,0.26744186046511625,0
25505,2.302585092994046,7.875,15.777777777777779,7.5,1.5040773967762742,0.39285714285714285,3
132543,3.6109179126442243,10.028571428571428,12.11111111111111,111.0,2.8213788864092133,0.755877034358047,1
80629,3.1354942159291497,9.714285714285714,14.136363636363637,42.166666666666664,2.175833387354902,0.7621951219512195,1
78907,4.060443010546419,3.982142857142857,13.210526315789474,275.5,2.511339906856156,0.8580441640378549,1
125896,1.6094379124341003,30.0,14.25,1.6666666666666667,1.4663370687934272,0.3,3
180548,1.791759469228055,10.0,13.2,2.5,2.7245795030534206,0.2807017543859649,0
49658,2.4849066497880004,12.8,15.636363636363637,11.0,2.3702437414678603,0.3917525773195876,3
71585,3.8066624897703196,8.395348837209303,13.227272727272727,165.0,2.7535125751789673,0.754746835443038,1
131452,3.8712010109078907,7.891304347826087,16.638297872340427,188.0,2.00616934057351,0.8412162162162162,1
113837,2.0794415416798357,10.666666666666666,15.142857142857142,4.666666666666667,2.1594842493533726,0.43478260869565216,3
87916,2.8903717578961645,14.125,17.764705882352942,25.5,2.0794415416798357,0.7232142857142857,1
180136,3.2188758248682006,9.826086956521738,12.291666666666666,50.0,2.509952681714088,0.6384615384615384,1
98256,4.406719247264253,4.5125,13.296296296296296,553.5,2.763957833040506,0.8225399495374264,2
171839,2.995732273553991,17.444444444444443,12.473684210526315,31.666666666666668,2.6190165787318125,0.6724890829694323,1
143115,1.791759469228055,20.5,13.6,2.5,2.374905754573672,0.1282051282051282,0
64633,2.772588722239781,13.5,14.666666666666666,20.0,2.337676412805316,0.4732824427480916,3
86023,2.3978952727983707,22.555555555555557,12.1,9.166666666666666,2.700615222614692,0.592,0
78595,1.9459101490553132,27.4,14.833333333333334,3.5,1.7578579175523736,0.20833333333333334,0
106323,1.791759469228055,12.75,8.0,2.5,1.0116009116784799,0.5714285714285714,3
60335,1.791759469228055,24.5,10.8,2.5,2.4203681286504293,0.0975609756097561,0
36416,2.4849066497880004,22.8,13.545454545454545,11.0,1.3862943611198906,0.7333333333333333,3
134872,3.5263605246161616,10.625,13.272727272727273,93.5,2.547979253243075,0.4854111405835544,1
178053,4.0943445622221,6.120689655172414,10.542372881355933,295.0,2.4408466599939698,0.7549342105263158,1
169368,4.02535169073515,6.7592592592592595,14.254545454545454,256.6666666666667,2.4971767423798146,0.6843853820598007,1
116461,1.791759469228055,16.25,11.4,2.5,1.8325814637483102,0.38095238095238093,3
144873,1.791759469228055,16.0,11.8,2.5,2.327277705584417,0.16216216216216217,0
186905,1.6094379124341003,24.333333333333332,13.5,1.6666666666666667,1.7346010553881064,0.0,0
131702,1.791759469228055,23.75,15.4,2.5,2.917770732084279,0.24285714285714285,0
42054,2.0794415416798357,27.666666666666668,10.285714285714286,4.666666666666667,2.538973871058276,0.1,0
80928,1.791759469228055,9.5,18.4,2.5,1.791759469228055,0.25,0
204107,1.791759469228055,30.0,15.4,2.5,1.3217558399823195,0.2727272727272727,3
143665,1.9459101490553132,14.8,11.5,3.5,2.0794415416798357,0.11428571428571428,0
22676,1.6094379124341003,30.0,14.75,1.6666666666666667,2.0794415416798357,0.047619047619047616,0
148295,1.6094379124341003,30.0,14.0,1.6666666666666667,1.7346010553881064,0.21428571428571427,0
180407,2.3978952727983707,19.77777777777778,13.9,9.166666666666666,1.8803128665695001,0.28,3
59002,3.044522437723423,16.36842105263158,14.9,35.0,2.6539829798319343,0.6135458167330677,1
53682,4.499809670330265,4.034090909090909,12.404494382022472,667.5,2.3183689606953077,0.5707196029776674,2
131781,3.8066624897703196,7.674418604651163,14.386363636363637,165.0,2.4146671544121987,0.58675799086758,1
109685,1.791759469228055,20.5,12.2,2.5,2.1102132003465894,0.3448275862068966,0
85435,2.0794415416798357,23.666666666666668,13.571428571428571,4.666666666666667,2.3978952727983707,0.45,0
38054,2.772588722239781,20.0,12.8,20.0,2.0704728716970755,0.4536082474226804,0
191571,2.4849066497880004,12.6,9.545454545454545,11.0,1.840549633397487,0.6037735849056604,3
239,1.9459101490553132,19.4,7.166666666666667,3.5,2.302585092994046,0.15555555555555556,0
110529,2.302585092994046,14.375,11.555555555555555,7.5,1.927891643552635,0.44680851063829785,0
77551,2.995732273553991,15.61111111111111,13.894736842105264,31.666666666666668,1.8803128665695001,0.19,0
3058,1.9459101490553132,15.8,14.5,3.5,2.0794415416798357,0.02857142857142857,0
156743,1.6094379124341003,2.3333333333333335,11.75,1.6666666666666667,2.908720896564361,0.11538461538461539,0
152424,2.0794415416798357,22.833333333333332,9.428571428571429,4.666666666666667,1.6422277352570913,0.4,3
155877,2.639057329615259,13.666666666666666,12.615384615384615,15.166666666666666,2.8949907037524594,0.7268292682926829,1
108098,3.5263605246161616,9.125,9.848484848484848,93.5,2.867543725339964,0.7099811676082862,1
165903,2.8903717578961645,16.875,14.764705882352942,25.5,1.927891643552635,0.4148936170212766,3
88944,1.6094379124341003,30.0,4.5,1.6666666666666667,2.614959778036198,0.2631578947368421,0
57834,1.6094379124341003,8.333333333333334,12.75,1.6666666666666667,2.1972245773362196,0.2916666666666667,0
139262,3.1780538303479458,15.636363636363637,15.782608695652174,46.0,1.1430640512389436,0.7446808510638298,3
31629,3.4011973816621555,9.607142857142858,13.10344827586207,72.5,2.255044148225046,0.5397489539748954,1
160714,2.70805020110221,7.538461538461538,10.785714285714286,17.5,3.132144129043868,0.6140350877192983,1
170199,3.4339872044851463,11.10344827586207,12.533333333333333,77.5,2.7374974024285113,0.711217183770883,1
130046,2.70805020110221,17.76923076923077,13.571428571428571,17.5,2.842222413998582,0.6095238095238096,1
110133,2.302585092994046,16.0,14.88888888888889,7.5,2.716349003916905,0.18584070796460178,0
118684,2.302585092994046,18.25,13.777777777777779,7.5,1.5841201044498106,0.12903225806451613,0
149140,2.1972245773362196,23.857142857142858,12.375,6.0,2.344549292093078,0.5454545454545454,0
194106,3.58351893845611,9.882352941176471,12.628571428571428,105.0,2.8903717578961645,0.7525951557093425,1
93979,2.9444389791664403,16.941176470588236,11.444444444444445,28.5,1.4842747694800944,0.5862068965517241,3
189998,2.1972245773362196,25.571428571428573,14.5,6.0,1.6650077635889111,0.3333333333333333,0
161925,4.0943445622221,4.724137931034483,15.067796610169491,295.0,2.2973992559616803,0.5722543352601156,1
183596,2.5649493574615367,16.727272727272727,13.5,13.0,1.6274564179367788,0.5555555555555556,3
177722,1.9459101490553132,8.6,11.5,3.5,2.4336133554004498,0.5,0
74438,3.1354942159291497,11.047619047619047,13.636363636363637,42.166666666666664,1.8827312474337816,0.5128205128205128,1
123976,2.0794415416798357,13.166666666666666,13.142857142857142,4.666666666666667,2.3978952727983707,0.6333333333333333,3
125097,2.9444389791664403,17.58823529411765,15.0,28.5,2.0940403411009885,0.32231404958677684,3
55722,3.2188758248682006,12.565217391304348,12.958333333333334,50.0,3.046590690787482,0.754880694143167,1
39528,1.6094379124341003,29.333333333333332,10.5,1.6666666666666667,2.5902671654458267,0.2972972972972973,0
36729,1.6094379124341003,30.0,15.0,1.6666666666666667,2.2335922215070942,0.48,0
133907,2.3978952727983707,18.666666666666668,13.6,9.166666666666666,2.209494669928034,0.0958904109589041,0
200270,2.302585092994046,13.375,18.666666666666668,7.5,1.749199854809259,0.18421052631578946,0
86706,3.367295829986474,9.11111111111111,12.178571428571429,67.66666666666667,1.3581234841531944,0.5769230769230769,3
3746,2.772588722239781,9.5,14.466666666666667,20.0,1.0986122886681096,0.7142857142857143,3
125406,1.6094379124341003,21.666666666666668,14.5,1.6666666666666667,1.6094379124341003,0.16666666666666666,3
50454,2.9444389791664403,13.0,11.555555555555555,28.5,2.600508659498024,0.49056603773584906,1
28679,2.8903717578961645,11.5,16.058823529411764,25.5,2.5980493058878817,0.5628140703517588,1
19084,1.6094379124341003,26.0,15.75,1.6666666666666667,1.992430164690206,0.10526315789473684,0
42305,1.6094379124341003,16.0,15.25,1.6666666666666667,2.1972245773362196,0.16666666666666666,0
93199,3.713572066704308,7.538461538461538,12.075,136.66666666666666,2.0826415444105066,0.7481751824817519,1
162874,1.6094379124341003,24.0,12.75,1.6666666666666667,1.3862943611198906,0.3333333333333333,3
50723,1.6094379124341003,6.666666666666667,16.0,1.6666666666666667,1.7346010553881064,0.21428571428571427,0
42928,1.791759469228055,25.75,14.8,2.5,2.224623551524334,0.42424242424242425,0
130263,1.6094379124341003,22.0,13.0,1.6666666666666667,2.1594842493533726,0.08695652173913043,0
70526,1.791759469228055,15.75,16.4,2.5,1.9095425048844383,0.21739130434782608,0
42248,3.8918202981106265,7.51063829787234,13.854166666666666,196.0,2.4989913896697393,0.7523809523809524,1
125003,2.4849066497880004,11.3,14.090909090909092,11.0,3.0204248861443626,0.5435897435897435,1
2380,2.0794415416798357,24.833333333333332,17.571428571428573,4.666666666666667,2.6855773452501515,0.3048780487804878,0
181667,1.9459101490553132,3.0,13.333333333333334,3.5,2.91235066461494,0.5287356321839081,0
175385,3.295836866004329,6.44,14.423076923076923,58.5,2.543175557911976,0.44368600682593856,1
95176,1.9459101490553132,20.4,16.5,3.5,3.144152278672264,0.3783783783783784,0
157808,2.1972245773362196,13.857142857142858,15.5,6.0,2.586689344097943,0.6511627906976745,1
182134,3.1780538303479458,12.272727272727273,14.043478260869565,46.0,2.4541349911212467,0.7264957264957265,1
169072,1.6094379124341003,3.3333333333333335,9.0,1.6666666666666667,0.9808292530117262,0.2,3
97701,1.791759469228055,7.75,13.6,2.5,2.772588722239781,0.4666666666666667,0
85886,2.1972245773362196,11.285714285714286,12.25,6.0,3.0513021247088017,0.46099290780141844,1
201428,2.1972245773362196,16.142857142857142,14.625,6.0,2.114532861491106,0.1568627450980392,0
112070,2.3978952727983707,19.11111111111111,13.4,9.166666666666666,1.992430164690206,0.12280701754385964,0
65915,2.772588722239781,21.428571428571427,11.266666666666667,20.0,2.9406724963709636,0.5617529880478087,1
199210,2.302585092994046,22.125,13.777777777777779,7.5,1.3545456628053103,0.6086956521739131,3
69778,2.1972245773362196,26.857142857142858,14.375,6.0,2.436116485618568,0.1643835616438356,0
191628,2.3978952727983707,7.0,13.8,9.166666666666666,2.512305623976115,0.12745098039215685,0
153733,3.58351893845611,9.558823529411764,14.314285714285715,105.0,2.3315726298672983,0.5537974683544303,1
40622,3.5263605246161616,10.90625,13.666666666666666,93.5,2.254575873807685,0.7032967032967034,1
6030,2.0794415416798357,18.666666666666668,13.142857142857142,4.666666666666667,2.614959778036198,0.40789473684210525,0
15738,3.295836866004329,14.16,14.423076923076923,58.5,1.8991179875485544,0.4295774647887324,3
44741,2.639057329615259,17.083333333333332,11.461538461538462,15.166666666666666,2.477937980471907,0.5648854961832062,1
150886,2.5649493574615367,9.545454545454545,13.666666666666666,13.0,2.2842359543258492,0.27835051546391754,3
39732,2.1972245773362196,12.285714285714286,11.875,6.0,2.0794415416798357,0.1836734693877551,0
12616,2.8903717578961645,14.4375,14.294117647058824,25.5,2.691243082785829,0.5318181818181819,1
97685,2.772588722239781,7.571428571428571,15.866666666666667,20.0,2.043073897508961,0.425531914893617,3
35391,2.1972245773362196,9.428571428571429,14.25,6.0,2.4107986776342782,0.39436619718309857,1
37419,2.639057329615259,17.583333333333332,15.076923076923077,15.166666666666666,1.9459101490553132,0.4444444444444444,3
165647,1.9459101490553132,30.0,10.333333333333334,3.5,1.4350845252893227,0.125,3
123894,2.8903717578961645,13.25,15.529411764705882,25.5,3.4258899942525267,0.6176470588235294,1
13084,2.995732273553991,9.055555555555555,12.578947368421053,31.666666666666668,3.4639982829011857,0.6247755834829444,1
192050,1.9459101490553132,18.2,15.5,3.5,1.6094379124341003,0.35,3
199205,1.6094379124341003,18.333333333333332,16.25,1.6666666666666667,2.1594842493533726,0.17391304347826086,0
162367,2.8903717578961645,10.0,8.058823529411764,25.5,2.5307161858192946,0.6810810810810811,1
102552,1.9459101490553132,24.2,15.333333333333334,3.5,2.5494451709255714,0.11864406779661017,0
84853,1.6094379124341003,26.666666666666668,15.5,1.6666666666666667,1.9459101490553132,0.16666666666666666,0
22273,4.543294782270004,1.9130434782608696,13.376344086021506,728.5,2.266056405260539,0.6238993710691824,2
161803,2.772588722239781,18.071428571428573,13.333333333333334,20.0,2.005333569526114,0.5111111111111111,0
9331,3.2188758248682006,9.173913043478262,10.583333333333334,50.0,1.6007042324653458,0.6263736263736264,3
133079,1.6094379124341003,15.666666666666666,16.25,1.6666666666666667,3.20545280453606,0.11267605633802817,0
74959,2.8903717578961645,17.125,10.647058823529411,25.5,2.7448641742249262,0.630901287553648,1
71349,2.3978952727983707,6.888888888888889,14.8,9.166666666666666,3.5165082281731497,0.7108843537414966,1
112171,1.791759469228055,15.25,13.8,2.5,2.6741486494265287,0.12962962962962962,0
155854,1.791759469228055,28.75,15.0,2.5,1.6582280766035324,0.058823529411764705,0
200668,1.9459101490553132,17.2,12.0,3.5,2.151762203259462,0.23684210526315788,0
114418,2.70805020110221,15.076923076923077,13.285714285714286,17.5,3.076957713476577,0.5539033457249071,1
145661,3.8501476017100584,7.888888888888889,11.478260869565217,180.16666666666666,1.8209586239203173,0.6824034334763949,1
40489,2.639057329615259,15.75,13.384615384615385,15.166666666666666,2.277267285009756,0.6190476190476191,1
184990,2.5649493574615367,16.727272727272727,13.333333333333334,13.0,2.2842359543258492,0.38144329896907214,0
165505,2.833213344056216,17.4,12.25,22.666666666666668,2.690112500415543,0.3883495145631068,0
31866,2.639057329615259,17.0,16.615384615384617,15.166666666666666,2.26002547857525,0.39805825242718446,0
18568,2.833213344056216,18.6,13.8125,22.666666666666668,1.7346010553881064,0.5285714285714286,3
69368,2.302585092994046,11.0,16.0,7.5,2.639057329615259,0.2403846153846154,0
77709,3.091042453358316,13.05,13.666666666666666,38.5,2.6063865473257097,0.7091633466135459,1
152427,3.6109179126442243,7.457142857142857,12.972222222222221,111.0,2.6142626710020425,0.5936794582392777,1
143356,2.0794415416798357,11.333333333333334,16.857142857142858,4.666666666666667,2.0794415416798357,0.4523809523809524,0
1394,2.1972245773362196,23.857142857142858,13.875,6.0,1.8607523407150066,0.3157894736842105,0
74981,3.367295829986474,6.0,12.785714285714286,67.66666666666667,2.193100860152357,0.2930232558139535,1
130232,2.302585092994046,25.75,15.666666666666666,7.5,1.5841201044498106,0.41935483870967744,3
164692,3.258096538021482,7.291666666666667,14.2,54.166666666666664,2.508921525991874,0.5756457564575646,1
128400,1.791759469228055,26.0,12.8,2.5,2.3978952727983707,0.2,0
15620,2.833213344056216,18.2,16.0625,22.666666666666668,2.4159137783010487,0.6209150326797386,0
43894,1.9459101490553132,18.0,13.166666666666666,3.5,2.2823823856765264,0.1590909090909091,0
156948,1.9459101490553132,7.6,12.166666666666666,3.5,3.616308761279101,0.39226519337016574,1
122984,3.6635616461296463,9.18918918918919,12.68421052631579,123.5,2.0760574436955954,0.6976744186046512,1
86307,1.9459101490553132,5.2,13.666666666666666,3.5,2.151762203259462,0.2894736842105263,0
110446,1.9459101490553132,30.0,15.0,3.5,0.8754687373538999,0.5714285714285714,3
186777,2.302585092994046,7.75,13.0,7.5,2.211017899468555,0.23076923076923078,0
62484,2.772588722239781,1.7857142857142858,14.4,20.0,2.3237873006446486,0.06201550387596899,0
49433,1.6094379124341003,18.0,13.5,1.6666666666666667,2.4849066497880004,0.09090909090909091,0
83288,1.791759469228055,7.0,14.6,2.5,1.791759469228055,0.6,3
64419,2.5649493574615367,12.272727272727273,15.666666666666666,13.0,2.0907410969337694,0.2564102564102564,0
113305,3.295836866004329,10.52,12.76923076923077,58.5,2.498151876538021,0.7741935483870968,1
145918,3.367295829986474,8.814814814814815,15.964285714285714,67.66666666666667,1.891548939836426,0.8289473684210527,1
65752,2.4849066497880004,21.4,12.727272727272727,11.0,2.3513752571634776,0.37894736842105264,0
94988,4.394449154672439,4.582278481012659,15.7625,540.0,2.6308866078082085,0.6944990176817288,2
204482,2.5649493574615367,2.8181818181818183,11.333333333333334,13.0,2.755396321699408,0.5925925925925926,1
38239,2.772588722239781,13.071428571428571,13.133333333333333,20.0,2.6079667425452273,0.32954545454545453,0
92850,2.0794415416798357,22.166666666666668,13.0,4.666666666666667,2.953172659135195,0.42201834862385323,0
195234,2.8903717578961645,14.5,11.823529411764707,25.5,2.8763855159214247,0.5932835820895522,1
104587,1.9459101490553132,26.0,12.166666666666666,3.5,2.9444389791664403,0.32222222222222224,0
149098,1.6094379124341003,7.666666666666667,18.0,1.6666666666666667,2.7300291078209855,0.16279069767441862,0
133585,2.833213344056216,12.466666666666667,12.0,22.666666666666668,2.1822989271195437,0.23728813559322035,0
30303,2.1972245773362196,20.571428571428573,13.75,6.0,1.5198257537444133,0.4,3
10642,1.6094379124341003,23.0,12.75,1.6666666666666667,3.270835563798912,0.3026315789473684,0
184797,2.1972245773362196,6.571428571428571,12.25,6.0,2.5973846332146904,0.3563218390804598,0
194151,3.091042453358316,14.8,11.80952380952381,38.5,2.6063865473257097,0.5936254980079682,1
123898,2.0794415416798357,6.666666666666667,17.142857142857142,4.666666666666667,2.5520459526256287,0.19718309859154928,0
164680,3.9512437185814275,6.94,14.431372549019608,221.0,2.414126467726953,0.6424361493123772,1
123656,2.8903717578961645,13.4375,14.0,25.5,1.4017985476558559,0.6326530612244898,3
169364,2.5649493574615367,22.818181818181817,11.5,13.0,1.9328380674879606,0.2153846153846154,0
199353,2.833213344056216,17.8,12.9375,22.666666666666668,2.7168998163791924,0.3632075471698113,0
155402,2.833213344056216,13.6,11.25,22.666666666666668,2.585254623622282,0.5978260869565217,1
32142,1.6094379124341003,22.333333333333332,13.75,1.6666666666666667,2.3978952727983707,0.03333333333333333,0
13665,2.5649493574615367,18.545454545454547,9.583333333333334,13.0,1.8067973465925955,0.26785714285714285,0
110575,1.791759469228055,19.75,14.8,2.5,3.056356895370426,0.2716049382716049,0
7601,3.4339872044851463,10.413793103448276,13.566666666666666,77.5,2.521582128346407,0.6475903614457831,1
17613,2.639057329615259,17.5,13.153846153846153,15.166666666666666,2.2155737160044158,0.29591836734693877,0
70420,3.2188758248682006,14.130434782608695,14.541666666666666,50.0,2.0462893343629354,0.4129032258064516,3
142054,2.70805020110221,17.384615384615383,15.357142857142858,17.5,3.1780538303479458,0.43812709030100333,1
121401,4.127134385045092,6.033333333333333,11.852459016393443,315.1666666666667,1.79453339611078,0.6877076411960132,1
84462,4.2626798770413155,5.246376811594203,12.857142857142858,414.1666666666667,2.2520542843468294,0.6252129471890971,2
68566,2.0794415416798357,30.0,18.857142857142858,4.666666666666667,2.8622008809294686,0.37373737373737376,0
122859,2.302585092994046,22.75,16.0,7.5,1.1786549963416462,0.3333333333333333,3
60603,3.295836866004329,11.0,16.615384615384617,58.5,2.1972245773362196,0.57,1
196153,4.382026634673881,4.602564102564102,12.329113924050633,526.6666666666666,1.2887380709536458,0.8390243902439024,2
71828,2.1972245773362196,25.428571428571427,13.125,6.0,2.0614230361771577,0.14583333333333334,0
162347,2.4849066497880004,7.6,13.181818181818182,11.0,2.6026896854443837,0.48,1
172961,1.6094379124341003,12.333333333333334,12.5,1.6666666666666667,3.060270794691562,0.2786885245901639,0
74418,1.9459101490553132,25.2,12.333333333333334,3.5,2.3608540011180215,0.2916666666666667,0
76888,1.6094379124341003,25.666666666666668,16.5,1.6666666666666667,2.120263536200091,0.045454545454545456,0
53559,1.6094379124341003,22.666666666666668,15.5,1.6666666666666667,1.3862943611198906,0.1111111111111111,3
179698,2.4849066497880004,13.6,13.0,11.0,2.5649493574615367,0.36666666666666664,0
123809,2.302585092994046,25.5,14.0,7.5,2.0794415416798357,0.19642857142857142,0
112135,1.6094379124341003,30.0,8.0,1.6666666666666667,2.3978952727983707,0.2,0
135262,3.1354942159291497,10.238095238095237,11.909090909090908,42.166666666666664,1.775759127881614,0.36893203883495146,0
45623,2.1972245773362196,11.714285714285714,15.75,6.0,1.349926716949016,0.6,3
148969,2.772588722239781,18.928571428571427,12.666666666666666,20.0,1.4039939382192916,0.37209302325581395,3
146114,2.8903717578961645,13.9375,15.588235294117647,25.5,2.3513752571634776,0.5328947368421053,1
87336,2.4849066497880004,10.0,10.272727272727273,11.0,2.8735646395797834,0.4431137724550898,1
96079,3.367295829986474,11.11111111111111,15.928571428571429,67.66666666666667,2.4211908354018927,0.6895306859205776,1
156280,1.791759469228055,17.5,15.8,2.5,1.252762968495368,0.4,3
53513,2.0794415416798357,15.333333333333334,12.714285714285714,4.666666666666667,1.3437347467010947,0.47058823529411764,3
104575,2.302585092994046,22.75,12.0,7.5,2.169053700369523,0.45161290322580644,0
38426,3.4965075614664802,11.451612903225806,15.71875,88.0,2.855728366423851,0.8484251968503937,1
92510,3.9889840465642745,5.596153846153846,10.69811320754717,238.5,1.6209103135963372,0.5402843601895735,1
33640,1.6094379124341003,30.0,14.75,1.6666666666666667,2.833213344056216,0.08333333333333333,0
62956,2.833213344056216,16.6,14.4375,22.666666666666668,3.066501344442198,0.6514657980456026,1
51604,2.302585092994046,8.625,14.88888888888889,7.5,2.2380465718564744,0.582089552238806,3
176469,4.61512051684126,3.474747474747475,13.52,841.6666666666666,1.9771626925594177,0.7077922077922078,2
201593,4.61512051684126,3.494949494949495,12.14,841.6666666666666,1.7346010553881064,0.6948051948051948,2
28487,1.791759469228055,20.75,15.8,2.5,3.1354942159291497,0.14772727272727273,0
82776,2.1972245773362196,20.285714285714285,12.5,6.0,2.5538995212749516,0.3253012048192771,0
156755,1.6094379124341003,16.0,12.0,1.6666666666666667,1.2992829841302609,0.375,0
67632,3.828641396489095,8.113636363636363,12.355555555555556,172.5,2.5147596129376817,0.734,1
13014,3.091042453358316,15.45,11.571428571428571,38.5,2.174751721484161,0.5128205128205128,0
185667,2.833213344056216,11.733333333333333,10.0625,22.666666666666668,1.992430164690206,0.4842105263157895,0
93635,2.9444389791664403,4.882352941176471,10.222222222222221,28.5,1.5735059032080372,0.7384615384615385,3
165237,3.6375861597263857,7.972222222222222,12.378378378378379,117.16666666666667,2.0689702418125404,0.5783132530120482,1
198080,1.791759469228055,26.75,13.8,2.5,1.8718021769015913,0.13636363636363635,0
198031,2.5649493574615367,18.454545454545453,12.583333333333334,13.0,1.4087672169719492,0.6176470588235294,3
201618,3.4339872044851463,10.517241379310345,14.066666666666666,77.5,2.299130858125958,0.4653846153846154,1
71705,1.6094379124341003,29.333333333333332,14.25,1.6666666666666667,2.8716796248840124,0.14,0
119200,1.6094379124341003,30.0,13.75,1.6666666666666667,2.120263536200091,0.4090909090909091,0
15515,3.8712010109078907,7.760869565217392,11.127659574468085,188.0,2.3678027313054257,0.7842696629213484,1
192832,2.3978952727983707,10.88888888888889,10.8,9.166666666666666,1.563975538357343,0.5294117647058824,0
157191,2.70805020110221,10.846153846153847,17.0,17.5,2.465488563930899,0.5571428571428572,1
73971,2.0794415416798357,22.0,13.285714285714286,4.666666666666667,2.0149030205422647,0.5128205128205128,0
203615,1.6094379124341003,22.0,10.25,1.6666666666666667,2.1594842493533726,0.13043478260869565,0
11200,4.248495242049359,3.6911764705882355,14.652173913043478,402.5,1.9748976859285656,0.7535545023696683,2
111666,2.70805020110221,12.0,15.071428571428571,17.5,2.2870809064580806,0.3652173913043478,3
158053,3.332204510175204,12.576923076923077,10.481481481481481,63.0,2.789275641024796,0.760705289672544,1
17370,2.302585092994046,4.25,14.777777777777779,7.5,1.9095425048844383,0.43478260869565216,3
120032,2.5649493574615367,21.454545454545453,17.083333333333332,13.0,1.067840630001356,0.5238095238095238,3
158507,1.6094379124341003,16.333333333333332,15.75,1.6666666666666667,1.992430164690206,0.10526315789473684,3
101343,4.48863636973214,4.183908045977011,13.556818181818182,652.6666666666666,2.3196795263533456,0.8546365914786967,2
75083,1.6094379124341003,26.333333333333332,8.25,1.6666666666666667,1.2992829841302609,0.25,3
112972,3.4011973816621555,9.107142857142858,14.0,72.5,1.3312345839368631,0.6923076923076923,1
192205,2.995732273553991,16.055555555555557,13.736842105263158,31.666666666666668,1.1871656860095547,0.5853658536585366,3
201243,1.6094379124341003,19.0,14.5,1.6666666666666667,2.1972245773362196,0.125,0
131876,2.5649493574615367,11.272727272727273,10.25,13.0,2.032921526044943,0.6027397260273972,3
50870,1.6094379124341003,23.333333333333332,13.25,1.6666666666666667,2.2335922215070942,0.0,0
77119,3.332204510175204,13.461538461538462,13.11111111111111,63.0,3.059068148725802,0.6515151515151515,1
12413,2.302585092994046,19.125,14.222222222222221,7.5,2.2380465718564744,0.3880597014925373,0
183433,1.791759469228055,25.5,15.8,2.5,2.463853240590168,0.2558139534883721,0
201853,3.091042453358316,4.55,14.619047619047619,38.5,2.151762203259462,0.6513157894736842,1
23995,3.295836866004329,13.4,14.423076923076923,58.5,2.286455711064162,0.5158371040723982,1
12247,2.302585092994046,11.125,13.444444444444445,7.5,3.062222014822824,0.5214723926380368,1
35859,2.0794415416798357,6.333333333333333,11.714285714285714,4.666666666666667,2.2155737160044158,0.04081632653061224,0
193245,1.6094379124341003,30.0,12.75,1.6666666666666667,2.3978952727983707,0.1,0
51457,3.5553480614894135,10.606060606060606,13.352941176470589,99.16666666666667,2.386814827021799,0.5950920245398773,1
84398,3.828641396489095,5.545454545454546,14.688888888888888,172.5,2.6599416227821795,0.770940170940171,1
147052,3.044522437723423,13.157894736842104,12.85,35.0,1.9828147059907644,0.5546218487394958,3
201517,2.639057329615259,16.416666666666668,12.23076923076923,15.166666666666666,2.6567569067146595,0.44654088050314467,1
82591,3.332204510175204,9.26923076923077,15.444444444444445,63.0,1.9348603128687283,0.461038961038961,3
6055,2.3978952727983707,20.22222222222222,16.3,9.166666666666666,2.3877429013343527,0.19101123595505617,0
176718,1.6094379124341003,13.666666666666666,13.25,1.6666666666666667,2.1594842493533726,0.2608695652173913,0
80288,2.3978952727983707,13.0,14.3,9.166666666666666,1.7147984280919266,0.6585365853658537,3
33779,4.0943445622221,6.293103448275862,17.152542372881356,295.0,3.0094311179121527,0.7933810375670841,1
106966,2.1972245773362196,13.714285714285714,11.125,6.0,1.9459101490553132,0.42857142857142855,0
44555,1.6094379124341003,21.666666666666668,16.25,1.6666666666666667,2.2335922215070942,0.08,0
14584,2.5649493574615367,21.09090909090909,15.333333333333334,13.0,2.372789351667294,0.5700934579439252,3
201444,4.007333185232471,5.867924528301887,12.722222222222221,247.5,3.0806975335159232,0.8728428701180745,1
26965,2.70805020110221,23.615384615384617,10.928571428571429,17.5,2.2713325494899412,0.5132743362831859,0
138592,1.791759469228055,12.5,14.2,2.5,2.3513752571634776,0.2894736842105263,0
9254,2.302585092994046,13.375,13.777777777777779,7.5,1.9459101490553132,0.2916666666666667,3
156465,1.9459101490553132,18.4,15.666666666666666,3.5,2.028148247292285,0.15151515151515152,0
66318,3.091042453358316,2.9,15.238095238095237,38.5,2.0541237336955462,0.2426470588235294,3
31198,3.2188758248682006,15.0,15.208333333333334,50.0,2.7807078466782853,0.5660919540229885,1
59757,1.9459101490553132,22.0,19.166666666666668,3.5,1.6863989535702286,0.2727272727272727,0
124653,1.6094379124341003,29.666666666666668,12.5,1.6666666666666667,1.9459101490553132,0.0,0
147981,1.6094379124341003,6.0,19.5,1.6666666666666667,2.0794415416798357,0.23809523809523808,0
82780,2.5649493574615367,11.909090909090908,13.333333333333334,13.0,3.0270547446830323,0.7592592592592593,1
8271,1.9459101490553132,26.0,15.166666666666666,3.5,2.468099531471619,0.1111111111111111,0
8115,1.6094379124341003,9.333333333333334,10.25,1.6666666666666667,2.5649493574615367,0.25,0
94717,2.1972245773362196,14.857142857142858,13.375,6.0,1.5198257537444133,0.08,3
55686,1.9459101490553132,19.8,17.166666666666668,3.5,1.3862943611198906,0.3333333333333333,3
163135,1.6094379124341003,9.333333333333334,10.0,1.6666666666666667,2.2335922215070942,0.6,0
58013,2.70805020110221,6.769230769230769,13.285714285714286,17.5,1.829499797210902,0.36764705882352944,0
205594,1.791759469228055,26.25,15.4,2.5,1.55814461804655,0.5333333333333333,3
197208,4.02535169073515,6.388888888888889,14.290909090909091,256.6666666666667,2.5985659682605218,0.7678571428571429,1
117710,3.828641396489095,8.204545454545455,9.066666666666666,172.5,3.4692807487662662,0.8867786705624543,1
130255,3.1354942159291497,16.571428571428573,14.727272727272727,42.166666666666664,2.3978952727983707,0.7095238095238096,1
75736,2.3978952727983707,25.11111111111111,10.6,9.166666666666666,2.3460702049337847,0.4,0
40691,2.639057329615259,10.833333333333334,12.076923076923077,15.166666666666666,2.8810693652338513,0.3910891089108911,0
54203,2.302585092994046,19.0,13.444444444444445,7.5,2.68273239311792,0.3394495412844037,0
104276,1.791759469228055,16.0,15.6,2.5,1.6094379124341003,0.25,3
6894,1.6094379124341003,27.333333333333332,8.75,1.6666666666666667,2.1972245773362196,0.3333333333333333,0
6932,1.6094379124341003,22.0,16.75,1.6666666666666667,2.772588722239781,0.28888888888888886,0
25519,1.6094379124341003,21.666666666666668,14.75,1.6666666666666667,2.456735772821304,0.0625,0
156016,3.258096538021482,12.833333333333334,13.76,54.166666666666664,1.7122952978738082,0.3944954128440367,3
177931,2.3978952727983707,14.444444444444445,13.3,9.166666666666666,2.9618307218783095,0.5272727272727272,1
54641,1.791759469228055,23.75,11.6,2.5,3.068052935133617,0.18292682926829268,0
74562,3.258096538021482,11.625,14.72,54.166666666666664,1.5926307941177191,0.5531914893617021,1
79354,2.639057329615259,13.0,15.923076923076923,15.166666666666666,1.8588987720656835,0.4,3
41218,4.060443010546419,6.357142857142857,14.56140350877193,275.5,2.2972135491921346,0.6127744510978044,1
88789,1.6094379124341003,27.0,16.5,1.6666666666666667,3.2188758248682006,0.3194444444444444,0
73989,3.258096538021482,14.458333333333334,14.36,54.166666666666664,1.791759469228055,0.625,1
143365,1.6094379124341003,30.0,15.0,1.6666666666666667,3.0122615755052013,0.1896551724137931,0
142067,1.9459101490553132,20.6,16.333333333333332,3.5,3.100092288878234,0.32075471698113206,0
173770,1.791759469228055,20.0,11.4,2.5,2.772588722239781,0.3,0
188640,2.0794415416798357,21.5,13.428571428571429,4.666666666666667,1.4271163556401456,0.42105263157894735,3
83247,2.0794415416798357,18.0,12.142857142857142,4.666666666666667,2.538973871058276,0.5857142857142857,0
63034,2.1972245773362196,14.714285714285714,15.625,6.0,2.772588722239781,0.5142857142857142,0
148107,3.367295829986474,6.037037037037037,14.25,67.66666666666667,2.0074680420547466,0.6379310344827587,1
78899,3.258096538021482,12.0,13.48,54.166666666666664,2.5776883832389665,0.3458904109589041,1
1902,1.791759469228055,14.5,12.0,2.5,1.0116009116784799,0.2857142857142857,3
199516,2.0794415416798357,17.666666666666668,14.0,4.666666666666667,1.992430164690206,0.10526315789473684,0
193974,1.791759469228055,10.0,15.6,2.5,2.6741486494265287,0.5,0
17025,2.5649493574615367,18.90909090909091,14.083333333333334,13.0,2.9773831348857946,0.3951219512195122,1
60219,4.356708826689592,4.75,13.688311688311689,500.5,2.270496778442545,0.8272727272727273,2
104590,2.302585092994046,11.375,10.88888888888889,7.5,2.277267285009756,0.5428571428571428,1
204880,3.044522437723423,14.0,13.55,35.0,2.353878387381596,0.30939226519337015,0
51801,2.3978952727983707,19.77777777777778,17.4,9.166666666666666,2.0222831278398874,0.11864406779661017,3
157680,1.791759469228055,13.25,13.0,2.5,2.0149030205422647,0.38461538461538464,3
29620,2.4849066497880004,19.0,14.909090909090908,11.0,2.151762203259462,0.2894736842105263,0
117483,3.091042453358316,14.3,10.333333333333334,38.5,2.1162555148025524,0.7054794520547946,1
178357,2.302585092994046,19.125,12.444444444444445,7.5,2.5356789751614235,0.3655913978494624,0
74527,1.9459101490553132,24.0,8.166666666666666,3.5,1.8245492920510458,0.3076923076923077,3
171480,2.9444389791664403,17.294117647058822,10.777777777777779,28.5,2.5739584274039027,0.6262135922330098,1
113465,1.6094379124341003,6.666666666666667,13.75,1.6666666666666667,1.2039728043259361,0.5714285714285714,3
46529,3.5263605246161616,11.28125,11.727272727272727,93.5,3.0724039209679432,0.8179059180576631,1
28020,2.4849066497880004,10.4,9.090909090909092,11.0,1.8245492920510458,0.4230769230769231,0
83294,2.0794415416798357,6.666666666666667,13.714285714285714,4.666666666666667,2.1972245773362196,0.3125,0
37223,4.0943445622221,6.017241379310345,11.23728813559322,295.0,2.8392800967384533,0.7580299785867237,1
97341,1.6094379124341003,20.0,17.0,1.6666666666666667,0.8472978603872036,0.0,3
167335,2.70805020110221,18.53846153846154,16.714285714285715,17.5,2.7131653017689805,0.5846994535519126,0
35294,2.0794415416798357,17.5,15.571428571428571,4.666666666666667,2.319114394945256,0.16363636363636364,0
83659,4.204692619390966,5.553846153846154,12.484848484848484,368.5,2.7954034000059527,0.7947947947947948,1
10449,2.5649493574615367,3.090909090909091,11.083333333333334,13.0,2.1559816188021705,0.2857142857142857,0
147651,2.302585092994046,4.875,14.777777777777779,7.5,1.4170660197866443,0.6,3
183930,2.1972245773362196,17.0,11.75,6.0,2.7454377331738304,0.3137254901960784,0
159886,1.9459101490553132,24.4,13.833333333333334,3.5,2.517696472610991,0.49122807017543857,0
71871,1.791759469228055,18.5,13.6,2.5,2.2512917986064953,0.17647058823529413,0
74460,1.9459101490553132,5.0,12.333333333333334,3.5,2.975529566236472,0.24731182795698925,0
166012,1.791759469228055,11.5,14.8,2.5,1.9095425048844383,0.0,0
19320,1.9459101490553132,18.6,13.333333333333334,3.5,1.1631508098056809,0.45454545454545453,3
128279,1.6094379124341003,28.666666666666668,16.0,1.6666666666666667,3.091042453358316,0.047619047619047616,0
130824,2.995732273553991,8.0,12.736842105263158,31.666666666666668,1.3437347467010947,0.13725490196078433,0
31448,2.4849066497880004,24.9,19.181818181818183,11.0,2.3702437414678603,0.5051546391752577,0
128680,3.9318256327243257,6.795918367346939,10.16,212.5,1.6175680385173505,0.494949494949495,1
67909,1.791759469228055,29.5,12.4,2.5,1.3217558399823195,0.45454545454545453,3
108335,2.302585092994046,17.875,10.444444444444445,7.5,2.583997552432231,0.19387755102040816,0
189262,1.6094379124341003,17.666666666666668,16.75,1.6666666666666667,2.512305623976115,0.11764705882352941,0
185922,2.0794415416798357,21.5,15.428571428571429,4.666666666666667,2.70805020110221,0.19047619047619047,0
10164,3.2188758248682006,13.91304347826087,14.25,50.0,2.349302717561505,0.4724770642201835,1
32328,4.418840607796598,4.493827160493828,10.682926829268293,567.1666666666666,1.7709686995589813,0.9443037974683545,2
93943,1.6094379124341003,12.333333333333334,13.75,1.6666666666666667,2.268683541318364,0.23076923076923078,0
132384,1.791759469228055,21.5,16.4,2.5,2.583997552432231,0.22448979591836735,0
180199,2.639057329615259,17.5,12.461538461538462,15.166666666666666,2.571339155560308,0.4068965517241379,0
204508,3.1354942159291497,13.714285714285714,14.318181818181818,42.166666666666664,2.3399726250656663,0.6649746192893401,1
35480,2.639057329615259,13.5,14.384615384615385,15.166666666666666,2.187922184673906,0.3368421052631579,3
146864,2.8903717578961645,18.0,12.294117647058824,25.5,1.0340737675305385,0.5862068965517241,3
163230,2.1972245773362196,23.857142857142858,11.625,6.0,1.3121863889661687,0.3157894736842105,3
198538,1.9459101490553132,16.0,11.0,3.5,2.151762203259462,0.13157894736842105,0
18960,2.302585092994046,17.375,11.333333333333334,7.5,2.264363880173848,0.37681159420289856,0
98868,3.784189633918261,8.452380952380953,12.55813953488372,157.66666666666666,2.5667791841386127,0.6217821782178218,1
126630,2.70805020110221,15.0,11.5,17.5,1.791759469228055,0.36923076923076925,0
170469,2.3978952727983707,21.555555555555557,13.3,9.166666666666666,2.5734600471294455,0.47706422018348627,0
180418,2.639057329615259,21.666666666666668,13.692307692307692,15.166666666666666,2.3978952727983707,0.4666666666666667,0
78727,3.6888794541139363,9.236842105263158,12.564102564102564,130.0,3.0850436351290624,0.648171500630517,1
140573,2.1972245773362196,24.0,15.75,6.0,2.4107986776342782,0.4084507042253521,0
5819,2.9444389791664403,11.294117647058824,8.277777777777779,28.5,1.9708077006770406,0.3142857142857143,0
11509,2.772588722239781,19.714285714285715,14.4,20.0,2.6790626642289577,0.4421052631578947,1
111214,3.7612001156935624,8.292682926829269,13.142857142857142,150.5,2.921061291157378,0.7388888888888889,1
8932,2.5649493574615367,21.727272727272727,11.666666666666666,13.0,2.585711348909966,0.6814814814814815,0
6060,3.828641396489095,8.227272727272727,14.488888888888889,172.5,2.005770536978992,0.6784452296819788,1
192298,2.0794415416798357,21.5,16.0,4.666666666666667,1.9218125974762528,0.17142857142857143,0
168649,2.833213344056216,13.866666666666667,14.4375,22.666666666666668,2.0626344233634546,0.46601941747572817,3
119819,2.4849066497880004,17.6,12.0,11.0,1.8082887711792655,0.17647058823529413,0
94732,1.6094379124341003,27.666666666666668,16.0,1.6666666666666667,3.592735593561034,0.19811320754716982,0
145145,2.70805020110221,13.923076923076923,13.714285714285714,17.5,1.8538912503350613,0.5428571428571428,3
15866,1.6094379124341003,14.0,14.0,1.6666666666666667,2.4849066497880004,0.3939393939393939,0
204703,3.784189633918261,7.0,12.837209302325581,157.66666666666666,2.523822066037674,0.6182572614107884,1
195284,1.9459101490553132,13.0,8.333333333333334,3.5,1.0986122886681096,0.4,3
2168,3.091042453358316,14.5,13.80952380952381,38.5,2.3561258599220753,0.675392670157068,1
12951,1.791759469228055,3.25,12.4,2.5,1.8718021769015913,0.3181818181818182,0
109047,2.302585092994046,21.875,12.0,7.5,1.5841201044498106,0.41935483870967744,3
133188,1.6094379124341003,17.666666666666668,14.25,1.6666666666666667,2.5649493574615367,0.4444444444444444,0
24598,2.1972245773362196,19.285714285714285,9.75,6.0,2.005333569526114,0.24444444444444444,0
115573,1.9459101490553132,21.6,10.166666666666666,3.5,2.3978952727983707,0.22,0
188694,2.0794415416798357,16.0,11.428571428571429,4.666666666666667,2.1000608288825715,0.16279069767441862,0
41339,2.4849066497880004,12.1,13.454545454545455,11.0,2.1041341542702074,0.3888888888888889,3
48568,2.1972245773362196,11.0,12.75,6.0,1.1895840668738362,0.375,3
47937,2.772588722239781,17.357142857142858,11.466666666666667,20.0,2.337676412805316,0.366412213740458,0
169435,1.6094379124341003,15.666666666666666,13.5,1.6666666666666667,2.751535313041949,0.13636363636363635,0
170917,2.8903717578961645,8.875,16.58823529411765,25.5,2.07159836421881,0.36036036036036034,3
185790,2.9444389791664403,12.117647058823529,13.166666666666666,28.5,2.163998929707899,0.2748091603053435,0
69984,3.1780538303479458,7.0,13.695652173913043,46.0,2.469639177657212,0.5126050420168067,1
39925,3.4011973816621555,10.428571428571429,11.413793103448276,72.5,1.3682758556172123,0.18292682926829268,0
9655,4.382026634673881,4.269230769230769,11.936708860759493,526.6666666666666,1.8718021769015913,0.6363636363636364,2
160099,3.58351893845611,9.235294117647058,11.6,105.0,2.3315726298672983,0.5411392405063291,1
97317,1.791759469228055,27.5,18.6,2.5,1.6582280766035324,0.23529411764705882,0
204949,2.0794415416798357,23.166666666666668,11.857142857142858,4.666666666666667,2.6741486494265287,0.19753086419753085,0
175388,2.0794415416798357,21.833333333333332,10.714285714285714,4.666666666666667,2.3513752571634776,0.2982456140350877,0
72804,1.6094379124341003,19.333333333333332,15.25,1.6666666666666667,3.3202283191284883,0.1875,0
18756,1.9459101490553132,10.6,12.666666666666666,3.5,2.995732273553991,0.3263157894736842,0
84698,2.0794415416798357,20.5,16.0,4.666666666666667,2.3353749158170367,0.39285714285714285,0
109707,1.791759469228055,18.75,12.4,2.5,3.16758253048065,0.3626373626373626,0
105834,3.295836866004329,7.8,15.307692307692308,58.5,2.2278615467981093,0.4975845410628019,3
57615,2.5649493574615367,19.09090909090909,12.833333333333334,13.0,1.6625477377480489,0.48936170212765956,3
12197,2.833213344056216,18.266666666666666,15.875,22.666666666666668,2.468099531471619,0.43209876543209874,1
17309,2.70805020110221,20.53846153846154,13.5,17.5,1.6247053845648887,0.5283018867924528,3
111245,2.1972245773362196,21.142857142857142,13.75,6.0,2.7362210780689065,0.4158415841584158,0
168884,1.791759469228055,11.25,8.6,2.5,1.8325814637483102,0.5714285714285714,0
95125,3.58351893845611,6.088235294117647,11.257142857142858,105.0,2.4164388505105396,0.8904899135446686,1
48238,1.6094379124341003,24.666666666666668,8.5,1.6666666666666667,0.6931471805599453,0.0,3
43797,1.9459101490553132,24.8,9.833333333333334,3.5,1.7227665977411035,0.4782608695652174,3
155848,2.1972245773362196,10.142857142857142,13.75,6.0,1.742969305058623,0.2727272727272727,3
58149,3.4657359027997265,9.766666666666667,13.193548387096774,82.66666666666667,2.0149030205422647,0.6051282051282051,1
55051,1.6094379124341003,15.0,10.75,1.6666666666666667,2.0794415416798357,0.14285714285714285,0
106975,3.1354942159291497,15.857142857142858,11.136363636363637,42.166666666666664,2.302585092994046,0.5714285714285714,1
196936,1.791759469228055,12.75,8.8,2.5,2.3978952727983707,0.35,0
111081,3.091042453358316,14.75,16.238095238095237,38.5,2.122261538862764,0.3401360544217687,3
7961,3.4011973816621555,9.285714285714286,14.344827586206897,72.5,3.091042453358316,0.8095238095238095,1
144694,2.3978952727983707,17.0,15.6,9.166666666666666,2.367123614131617,0.3448275862068966,3
122817,2.995732273553991,4.722222222222222,12.894736842105264,31.666666666666668,1.236762627148927,0.13636363636363635,0
186584,2.8903717578961645,14.5,12.117647058823529,25.5,1.8021222562636017,0.7654320987654321,3
154321,4.1588830833596715,5.870967741935484,15.444444444444445,336.0,2.408106885968567,0.6666666666666666,2
118947,1.9459101490553132,8.2,12.333333333333334,3.5,2.1972245773362196,0.225,0
21349,1.791759469228055,26.0,15.6,2.5,1.8718021769015913,0.045454545454545456,0
101885,2.1972245773362196,27.428571428571427,13.0,6.0,1.4213856809311607,0.5,3
162701,1.791759469228055,28.75,12.8,2.5,1.791759469228055,0.3,0
142498,3.7376696182833684,9.1,14.146341463414634,143.5,2.157559320943788,0.6503267973856209,1
38162,1.6094379124341003,29.333333333333332,12.5,1.6666666666666667,0.6931471805599453,0.0,3
172040,3.1780538303479458,13.136363636363637,14.521739130434783,46.0,2.7200985396183848,0.6698717948717948,1
53543,4.02535169073515,4.87037037037037,13.254545454545454,256.6666666666667,1.0672617587840336,0.9514563106796117,1
184559,2.302585092994046,25.75,15.666666666666666,7.5,2.5649493574615367,0.1875,0
15622,3.6109179126442243,5.371428571428571,12.0,111.0,2.46080909820894,0.4053333333333333,1
73163,3.6109179126442243,9.228571428571428,14.416666666666666,111.0,1.7627719323548026,0.7692307692307693,1
23915,1.6094379124341003,28.0,13.25,1.6666666666666667,1.0986122886681096,0.3333333333333333,3
193555,2.302585092994046,19.75,11.0,7.5,2.031432322493475,0.22641509433962265,0
59882,3.8066624897703196,6.232558139534884,13.75,165.0,2.0618457797894565,0.6067796610169491,1
59335,2.1972245773362196,15.857142857142858,12.75,6.0,2.639057329615259,0.3626373626373626,0
173164,3.367295829986474,10.703703703703704,12.821428571428571,67.66666666666667,2.5902671654458267,0.6246246246246246,1
176611,3.4011973816621555,9.642857142857142,11.241379310344827,72.5,3.527410393478998,0.7675675675675676,1
161128,2.772588722239781,18.357142857142858,13.133333333333333,20.0,1.637608789400797,0.5,3
17660,1.6094379124341003,16.0,13.75,1.6666666666666667,3.060270794691562,0.19672131147540983,0
205827,2.3978952727983707,22.555555555555557,15.3,9.166666666666666,2.826655943510057,0.46853146853146854,0
53201,2.302585092994046,21.125,16.444444444444443,7.5,2.302585092994046,0.3333333333333333,0
18259,2.833213344056216,17.733333333333334,15.25,22.666666666666668,3.0122615755052013,0.4793103448275862,1
205410,1.9459101490553132,22.0,11.666666666666666,3.5,2.379546134130174,0.30612244897959184,0
52041,2.9444389791664403,14.470588235294118,12.5,28.5,1.9374712804094487,0.6138613861386139,3
69867,2.4849066497880004,8.9,11.545454545454545,11.0,1.667706820558076,0.2558139534883721,0
141144,3.828641396489095,8.25,10.733333333333333,172.5,3.188416617383492,0.6705767350928641,1
198828,1.6094379124341003,15.0,15.5,1.6666666666666667,1.791759469228055,0.13333333333333333,3
40180,3.2188758248682006,9.217391304347826,11.75,50.0,2.651403165437558,0.6072607260726073,1
12845,3.1354942159291497,16.0,9.136363636363637,42.166666666666664,2.751535313041949,0.4902597402597403,1
118474,1.791759469228055,28.25,11.8,2.5,2.224623551524334,0.12121212121212122,0
42354,1.6094379124341003,27.0,13.0,1.6666666666666667,2.03688192726104,0.05,0
171069,2.302585092994046,20.875,15.444444444444445,7.5,2.031432322493475,0.39622641509433965,0
50644,1.6094379124341003,29.666666666666668,13.5,1.6666666666666667,2.512305623976115,0.17647058823529413,0
163850,2.833213344056216,17.133333333333333,13.4375,22.666666666666668,2.8253392876253103,0.6890756302521008,1
78447,2.4849066497880004,15.2,14.909090909090908,11.0,2.501435951739211,0.49107142857142855,1
4271,2.0794415416798357,24.666666666666668,14.428571428571429,4.666666666666667,2.4423470353692043,0.4444444444444444,0
13615,3.091042453358316,10.3,9.80952380952381,38.5,2.667228206581955,0.5,1
33874,2.302585092994046,13.125,12.777777777777779,7.5,2.211017899468555,0.5846153846153846,3
20788,1.9459101490553132,22.2,14.333333333333334,3.5,1.0986122886681096,0.5,3
135695,1.6094379124341003,6.666666666666667,13.5,1.6666666666666667,2.0794415416798357,0.14285714285714285,0
53133,2.0794415416798357,15.5,16.285714285714285,4.666666666666667,2.1594842493533726,0.2608695652173913,0
122422,1.791759469228055,18.25,12.6,2.5,1.9810014688665833,0.12,0
45240,2.639057329615259,12.916666666666666,15.538461538461538,15.166666666666666,1.5404450409471488,0.5909090909090909,3
158932,2.995732273553991,15.88888888888889,14.105263157894736,31.666666666666668,2.2970140479445904,0.6273291925465838,1
39084,1.791759469228055,10.0,14.4,2.5,2.169053700369523,0.0967741935483871,0
26668,2.3978952727983707,22.444444444444443,11.9,9.166666666666666,1.6945957207744073,0.55,0
197706,1.791759469228055,28.5,11.4,2.5,3.068052935133617,0.35365853658536583,0
18684,2.5649493574615367,18.272727272727273,11.5,13.0,1.6964492894237302,0.5306122448979592,3
88526,2.772588722239781,20.5,15.133333333333333,20.0,2.2207550747464135,0.6869565217391305,1
47395,2.5649493574615367,18.818181818181817,12.333333333333334,13.0,1.9061698204057993,0.5396825396825397,0
46939,2.302585092994046,15.5,15.222222222222221,7.5,1.3862943611198906,0.5,3
21127,3.258096538021482,10.583333333333334,15.04,54.166666666666664,2.6330871626287546,0.7129032258064516,1
115089,3.295836866004329,7.08,14.384615384615385,58.5,2.7265447837383743,0.7955182072829131,1
126107,1.9459101490553132,18.2,11.5,3.5,2.468099531471619,0.3333333333333333,0
170907,2.0794415416798357,19.5,14.857142857142858,4.666666666666667,1.2039728043259361,0.5714285714285714,3
2783,1.6094379124341003,30.0,13.25,1.6666666666666667,1.5404450409471488,0.2727272727272727,0
31167,2.3978952727983707,20.11111111111111,15.3,9.166666666666666,2.5985659682605218,0.35714285714285715,0
40446,2.3978952727983707,24.444444444444443,12.6,9.166666666666666,3.2277254401451834,0.5321100917431193,0
32524,2.5649493574615367,14.181818181818182,13.166666666666666,13.0,2.381228220313159,0.4722222222222222,3
141227,3.295836866004329,14.2,13.26923076923077,58.5,2.8237570088141806,0.5858585858585859,1
143644,3.6375861597263857,6.111111111111111,12.135135135135135,117.16666666666667,1.6996847902818786,0.6024844720496895,1
191102,3.8066624897703196,8.348837209302326,13.75,165.0,2.5414188600513428,0.5964214711729622,1
60051,3.258096538021482,12.875,12.04,54.166666666666664,1.5040773967762742,0.38095238095238093,0
42241,1.6094379124341003,21.666666666666668,13.25,1.6666666666666667,1.7346010553881064,0.14285714285714285,0
19881,1.6094379124341003,22.0,14.25,1.6666666666666667,1.7346010553881064,0.07142857142857142,0
99504,2.0794415416798357,12.333333333333334,14.0,4.666666666666667,1.8718021769015913,0.06060606060606061,0
63947,1.6094379124341003,15.333333333333334,14.25,1.6666666666666667,2.639057329615259,0.2564102564102564,0
21121,1.6094379124341003,19.666666666666668,15.25,1.6666666666666667,2.4277482359480516,0.45161290322580644,0
163391,1.791759469228055,20.0,13.6,2.5,2.6026896854443837,0.3,0
84540,2.1972245773362196,22.428571428571427,10.875,6.0,2.8662742063171045,0.4224137931034483,0
14652,2.0794415416798357,15.333333333333334,14.0,4.666666666666667,2.4849066497880004,0.3484848484848485,0
115969,2.772588722239781,15.571428571428571,14.733333333333333,20.0,2.8622008809294686,0.3852813852813853,1
58614,3.1354942159291497,9.523809523809524,14.636363636363637,42.166666666666664,1.9390841839849136,0.328,3
42545,3.6375861597263857,8.194444444444445,15.08108108108108,117.16666666666667,2.4709204078132605,0.7512820512820513,1
106489,2.3978952727983707,15.222222222222221,11.5,9.166666666666666,1.1700712526502546,0.35,3
180885,1.791759469228055,20.5,13.0,2.5,1.9459101490553132,0.5833333333333334,0
113664,3.6635616461296463,7.1891891891891895,14.078947368421053,123.5,2.6898678820190196,0.6673228346456693,1
99235,1.791759469228055,25.5,11.0,2.5,1.5040773967762742,0.35714285714285715,0
39053,3.1354942159291497,13.952380952380953,13.136363636363637,42.166666666666664,2.8076800420510515,0.4923547400611621,1
194731,1.791759469228055,24.25,11.8,2.5,2.3513752571634776,0.07894736842105263,0
16431,2.9444389791664403,13.0,12.777777777777779,28.5,1.8672670217362002,0.5268817204301075,3
80785,2.0794415416798357,24.0,13.428571428571429,4.666666666666667,1.1526795099383853,0.15384615384615385,3
137886,2.0794415416798357,19.333333333333332,10.0,4.666666666666667,2.7300291078209855,0.3023255813953488,0
107469,2.4849066497880004,14.4,12.727272727272727,11.0,2.3513752571634776,0.5052631578947369,3
146562,1.6094379124341003,30.0,14.25,1.6666666666666667,2.8716796248840124,0.06,0
86865,3.258096538021482,11.958333333333334,11.6,54.166666666666664,2.8183982582710754,0.48148148148148145,1
46046,2.302585092994046,24.25,11.0,7.5,1.0116009116784799,0.5,0
10751,2.302585092994046,14.125,16.444444444444443,7.5,3.193558016883911,0.48663101604278075,0
166299,2.5649493574615367,20.818181818181817,13.666666666666666,13.0,2.7668907011251433,0.3902439024390244,0
62672,3.6635616461296463,9.243243243243244,14.052631578947368,123.5,1.4642559025896025,0.6910569105691057,1
170702,2.1972245773362196,19.857142857142858,9.75,6.0,2.7545702167371027,0.30097087378640774,0
12499,2.4849066497880004,22.6,13.727272727272727,11.0,2.4069451083182885,0.49504950495049505,0
111698,1.6094379124341003,23.666666666666668,18.0,1.6666666666666667,3.20545280453606,0.22535211267605634,0
45466,1.9459101490553132,30.0,17.333333333333332,3.5,2.4849066497880004,0.12727272727272726,0
136819,3.1354942159291497,14.095238095238095,14.090909090909092,42.166666666666664,2.7423749436432847,0.5770491803278689,1
113405,1.6094379124341003,19.0,15.5,1.6666666666666667,0.8472978603872036,0.25,3
66770,3.5553480614894135,10.909090909090908,13.823529411764707,99.16666666666667,2.507379505640059,0.75,1
109357,3.7612001156935624,8.682926829268293,13.595238095238095,150.5,2.088546308672755,0.5275862068965518,1
37911,3.4965075614664802,9.516129032258064,17.3125,88.0,2.2008023986841034,0.6104417670682731,1
197223,2.70805020110221,14.0,15.357142857142858,17.5,2.6168341928305483,0.5333333333333333,1
180884,2.70805020110221,17.692307692307693,12.357142857142858,17.5,2.310247965739615,0.3050847457627119,0
13543,2.1972245773362196,24.285714285714285,11.375,6.0,2.5649493574615367,0.4166666666666667,0
76418,2.639057329615259,8.75,11.76923076923077,15.166666666666666,2.2335922215070942,0.42,0
145107,2.3978952727983707,23.444444444444443,14.6,9.166666666666666,2.3460702049337847,0.43529411764705883,0
145821,1.6094379124341003,30.0,12.25,1.6666666666666667,2.268683541318364,0.038461538461538464,0
136619,3.784189633918261,6.738095238095238,13.511627906976743,157.66666666666666,2.5427262206768266,0.7703252032520326,1
120439,1.6094379124341003,9.666666666666666,9.25,1.6666666666666667,2.03688192726104,0.4,0
170025,3.8712010109078907,3.869565217391304,14.127659574468085,188.0,2.293851413025291,0.6707317073170732,1
43434,1.9459101490553132,23.4,15.0,3.5,2.0541237336955462,0.23529411764705882,0
35073,2.5649493574615367,9.0,12.666666666666666,13.0,3.1704492309627264,0.5258964143426295,1
127828,1.791759469228055,16.5,13.4,2.5,1.791759469228055,0.5,3
122746,2.70805020110221,13.615384615384615,12.714285714285714,17.5,2.153549513833558,0.29292929292929293,0
15527,3.6635616461296463,6.918918918918919,13.394736842105264,123.5,2.4803919694334735,0.671604938271605,1
71535,3.1354942159291497,15.095238095238095,12.363636363636363,42.166666666666664,2.2487823870010692,0.7921348314606742,1
76682,2.5649493574615367,10.0,13.0,13.0,2.671008929421861,0.5,1
139828,4.31748811353631,3.5753424657534247,16.405405405405407,462.5,1.9161164855765362,0.6784869976359338,2
182540,1.791759469228055,19.0,10.8,2.5,2.6026896854443837,0.28,0
70684,2.3978952727983707,28.333333333333332,10.5,9.166666666666666,1.4663370687934272,0.6333333333333333,0
86290,2.1972245773362196,20.0,15.625,6.0,2.005333569526114,0.6444444444444445,3
7000,3.2188758248682006,13.652173913043478,15.416666666666666,50.0,3.471155970269066,0.7433751743375174,1
196574,2.5649493574615367,14.909090909090908,15.5,13.0,2.372789351667294,0.308411214953271,3
89562,2.5649493574615367,11.090909090909092,14.083333333333334,13.0,2.4304184645039304,0.41228070175438597,3
192343,1.6094379124341003,29.333333333333332,13.5,1.6666666666666667,2.5649493574615367,0.19444444444444445,0
142418,3.7376696182833684,8.675,13.073170731707316,143.5,2.2192034840549946,0.5,1
117630,3.295836866004329,7.28,13.5,58.5,2.302585092994046,0.7511111111111111,1
2714,1.791759469228055,10.0,16.2,2.5,2.1102132003465894,0.20689655172413793,0
96268,2.833213344056216,17.333333333333332,14.625,22.666666666666668,2.70805020110221,0.46190476190476193,1
102511,1.9459101490553132,30.0,14.333333333333334,3.5,1.2237754316221157,0.5,3
21076,2.3978952727983707,24.333333333333332,13.4,9.166666666666666,1.3581234841531944,0.6153846153846154,3
148589,2.639057329615259,18.583333333333332,12.076923076923077,15.166666666666666,0.9490805546971459,0.7894736842105263,3
165829,2.639057329615259,22.25,12.615384615384615,15.166666666666666,2.828299329253787,0.5026178010471204,0
33329,3.5553480614894135,10.484848484848484,15.0,99.16666666666667,2.3056108139105826,0.5503355704697986,1
203710,1.6094379124341003,24.666666666666668,12.25,1.6666666666666667,2.5649493574615367,0.16666666666666666,0
119604,1.6094379124341003,8.333333333333334,14.0,1.6666666666666667,1.6094379124341003,0.08333333333333333,0
98979,3.367295829986474,7.296296296296297,14.821428571428571,67.66666666666667,1.9459101490553132,0.8395061728395061,1
34482,1.791759469228055,20.75,17.4,2.5,2.1400661634962708,0.2,0
150230,3.8918202981106265,5.25531914893617,12.416666666666666,196.0,2.784485756151627,0.7086834733893558,1
118304,2.302585092994046,25.25,11.11111111111111,7.5,3.1023420086122493,0.4,0
181908,1.9459101490553132,17.0,14.0,3.5,2.533696813957432,0.27586206896551724,0
134294,1.9459101490553132,29.0,15.333333333333334,3.5,1.5260563034950494,0.3888888888888889,3
68802,2.70805020110221,14.0,12.428571428571429,17.5,2.7916369172104756,0.5728643216080402,1
169089,3.367295829986474,9.62962962962963,10.321428571428571,67.66666666666667,2.466214516775848,0.5945017182130584,1
191219,2.0794415416798357,25.0,12.857142857142858,4.666666666666667,1.9694406464655074,0.5135135135135135,0
57926,1.791759469228055,4.75,11.6,2.5,2.277267285009756,0.2,0
32258,2.833213344056216,9.133333333333333,13.75,22.666666666666668,1.7227665977411035,0.6811594202898551,3
132635,2.3978952727983707,17.88888888888889,9.7,9.166666666666666,2.58189891577531,0.3090909090909091,0
11689,2.302585092994046,15.75,11.0,7.5,1.927891643552635,0.2765957446808511,0
56266,2.772588722239781,9.785714285714286,11.6,20.0,2.344549292093078,0.7272727272727273,1
150214,2.3978952727983707,19.444444444444443,11.7,9.166666666666666,1.8101086078962516,0.08695652173913043,0
163443,1.9459101490553132,24.2,13.833333333333334,3.5,2.8449093838194073,0.2962962962962963,0
180649,4.330733340286331,4.824324324324325,13.813333333333333,475.0,2.70805020110221,0.6611969111969112,2
90205,1.791759469228055,21.0,6.4,2.5,2.8903717578961645,0.20588235294117646,0
139709,2.70805020110221,14.076923076923077,10.142857142857142,17.5,2.5164550075229264,0.6013513513513513,1
193561,2.70805020110221,15.153846153846153,14.428571428571429,17.5,2.23907168727172,0.3302752293577982,3
164524,2.0794415416798357,18.666666666666668,12.285714285714286,4.666666666666667,2.899588413001089,0.34951456310679613,0
189487,2.3978952727983707,11.777777777777779,15.9,9.166666666666666,2.133508762950112,0.6567164179104478,3
135990,1.9459101490553132,4.4,12.666666666666666,3.5,2.3978952727983707,0.36,0
135007,3.258096538021482,4.875,14.28,54.166666666666664,2.5617390818312886,0.45993031358885017,1
111554,1.791759469228055,22.5,13.6,2.5,2.3513752571634776,0.2631578947368421,0
151060,3.5263605246161616,8.4375,15.181818181818182,93.5,2.270836394679465,0.7697841726618705,1
62430,2.302585092994046,20.875,10.666666666666666,7.5,2.3513752571634776,0.32894736842105265,0
88505,2.4849066497880004,12.3,15.363636363636363,11.0,2.2300144001592104,0.4939759036144578,3
18493,1.9459101490553132,11.4,9.0,3.5,2.2407096892759584,0.23809523809523808,0
62312,2.4849066497880004,26.5,11.818181818181818,11.0,1.0986122886681096,0.75,0
179869,2.0794415416798357,20.333333333333332,16.428571428571427,4.666666666666667,1.7635885922613586,0.4482758620689655,3
172785,3.044522437723423,6.315789473684211,14.6,35.0,2.098986137752806,0.5294117647058824,3
157572,1.6094379124341003,18.0,12.75,1.6666666666666667,1.3862943611198906,0.2222222222222222,3
72581,2.9444389791664403,16.823529411764707,13.38888888888889,28.5,3.246719851039374,0.7714285714285715,1
140760,1.9459101490553132,28.4,11.833333333333334,3.5,1.0986122886681096,0.2,3
25049,3.6375861597263857,6.5,13.216216216216216,117.16666666666667,2.0724728723637424,0.568,1
159873,2.0794415416798357,11.666666666666666,12.142857142857142,4.666666666666667,2.6026896854443837,0.28,0
4404,2.0794415416798357,19.666666666666668,13.714285714285714,4.666666666666667,0.9162907318741551,0.1111111111111111,3
168442,2.9444389791664403,9.705882352941176,15.166666666666666,28.5,2.6882475738060303,0.2317596566523605,3
60463,3.044522437723423,12.631578947368421,11.45,35.0,1.9900349539642512,0.675,1
203937,2.5649493574615367,27.181818181818183,7.583333333333333,13.0,1.8925641683500207,0.7419354838709677,0
127720,1.6094379124341003,23.0,12.0,1.6666666666666667,2.538973871058276,0.11428571428571428,0
58498,3.295836866004329,9.2,15.076923076923077,58.5,2.379546134130174,0.6163265306122448,1
92067,2.1972245773362196,17.285714285714285,15.0,6.0,1.4880770554298328,0.25,3
70598,3.6375861597263857,10.11111111111111,14.702702702702704,117.16666666666667,2.239526957026909,0.7384105960264901,1
204629,2.0794415416798357,11.833333333333334,14.428571428571429,4.666666666666667,1.791759469228055,0.0,0
164627,3.2188758248682006,11.695652173913043,16.125,50.0,3.308637040771291,0.7112211221122112,1
75896,1.6094379124341003,17.333333333333332,11.0,1.6666666666666667,2.0794415416798357,0.047619047619047616,0
11332,1.6094379124341003,22.0,10.25,1.6666666666666667,1.6094379124341003,0.6666666666666666,0
112706,2.5649493574615367,19.545454545454547,16.25,13.0,2.5147596129376817,0.248,0
173400,1.791759469228055,19.75,16.0,2.5,1.3217558399823195,0.36363636363636365,3
95269,1.791759469228055,2.0,12.8,2.5,2.0476928433652555,0.14814814814814814,0
147419,1.9459101490553132,25.6,11.833333333333334,3.5,2.028148247292285,0.2727272727272727,0
86630,2.9444389791664403,16.705882352941178,11.055555555555555,28.5,2.6882475738060303,0.45064377682403434,0
82826,1.6094379124341003,15.333333333333334,16.5,1.6666666666666667,2.9444389791664403,0.25925925925925924,0
104705,3.4657359027997265,11.6,12.516129032258064,82.66666666666667,1.6357552207514738,0.6935483870967742,1
159412,3.58351893845611,8.176470588235293,12.971428571428572,105.0,2.5138941866612527,0.6424870466321243,1
26088,2.3978952727983707,5.777777777777778,12.7,9.166666666666666,2.9675613965872945,0.3373493975903614,0
17957,3.1354942159291497,15.952380952380953,15.272727272727273,42.166666666666664,3.0845277723371223,0.6689497716894978,1
183668,2.0794415416798357,26.5,11.571428571428571,4.666666666666667,1.3437347467010947,0.47058823529411764,0
74429,2.4849066497880004,19.8,12.727272727272727,11.0,2.6602595372658615,0.2857142857142857,0
160870,1.9459101490553132,21.4,9.0,3.5,2.70805020110221,0.5142857142857142,0
179449,2.3978952727983707,14.777777777777779,16.1,9.166666666666666,1.992430164690206,0.08771929824561403,0
96929,2.0794415416798357,20.833333333333332,12.0,4.666666666666667,2.8134107167600364,0.425531914893617,0
166773,1.791759469228055,23.0,13.8,2.5,2.4849066497880004,0.09090909090909091,0
157304,2.995732273553991,9.333333333333334,12.894736842105264,31.666666666666668,2.4277482359480516,0.43010752688172044,0
189073,1.6094379124341003,21.333333333333332,12.75,1.6666666666666667,2.0794415416798357,0.14285714285714285,0
89916,2.302585092994046,15.0,14.555555555555555,7.5,2.691243082785829,0.5181818181818182,1
18504,1.6094379124341003,16.333333333333332,14.5,1.6666666666666667,2.9267394020670396,0.33962264150943394,0
151278,4.04305126783455,6.5636363636363635,14.017857142857142,266.0,2.472711376694182,0.8525963149078727,1
126023,3.1780538303479458,14.409090909090908,11.956521739130435,46.0,2.661530185467317,0.621160409556314,1
32987,2.0794415416798357,15.166666666666666,11.428571428571429,4.666666666666667,2.319114394945256,0.16363636363636364,0
95775,1.6094379124341003,10.333333333333334,13.0,1.6666666666666667,2.512305623976115,0.11764705882352941,0
114126,2.1972245773362196,13.142857142857142,13.25,6.0,1.3862943611198906,0.047619047619047616,3
29775,3.8918202981106265,6.9787234042553195,10.854166666666666,196.0,2.637536416774552,0.7639344262295082,1
110272,1.6094379124341003,30.0,16.5,1.6666666666666667,2.1594842493533726,0.21739130434782608,0
51851,1.6094379124341003,20.0,15.5,1.6666666666666667,2.614959778036198,0.10526315789473684,0
154114,1.791759469228055,23.0,15.6,2.5,1.55814461804655,0.0,0
96842,4.007333185232471,6.886792452830188,11.018518518518519,247.5,2.9304387504930505,0.6872340425531915,1
10357,1.6094379124341003,30.0,15.25,1.6666666666666667,3.4863551900024623,0.3473684210526316,0
36932,1.791759469228055,28.5,14.4,2.5,1.252762968495368,0.3,3
162745,3.58351893845611,8.941176470588236,16.057142857142857,105.0,2.1606148317236586,0.6973180076628352,1
196501,3.295836866004329,9.4,15.346153846153847,58.5,2.3646204839134985,0.4107883817427386,1
174977,2.995732273553991,13.277777777777779,13.578947368421053,31.666666666666668,2.8716796248840124,0.49666666666666665,1
65251,1.6094379124341003,15.0,12.75,1.6666666666666667,1.8458266904983307,0.0,0
15126,3.258096538021482,9.208333333333334,14.04,54.166666666666664,2.495269436823547,0.42696629213483145,1
108920,2.0794415416798357,25.333333333333332,16.285714285714285,4.666666666666667,2.0794415416798357,0.09523809523809523,0
60251,2.4849066497880004,23.1,11.727272727272727,11.0,2.2082744135228043,0.6049382716049383,0
67859,2.4849066497880004,5.8,11.727272727272727,11.0,1.791759469228055,0.8,3
2430,2.1972245773362196,18.714285714285715,13.25,6.0,1.9459101490553132,0.11904761904761904,0
98587,2.639057329615259,16.166666666666668,16.0,15.166666666666666,2.9789251552376097,0.3794642857142857,1
13067,1.9459101490553132,13.8,14.5,3.5,2.028148247292285,0.36363636363636365,3
116394,2.3978952727983707,27.77777777777778,10.5,9.166666666666666,1.6739764335716716,0.5384615384615384,0
48934,3.6635616461296463,9.567567567567568,11.736842105263158,123.5,2.5049742128388095,0.71875,1
161450,1.6094379124341003,30.0,16.25,1.6666666666666667,2.6855773452501515,0.34146341463414637,0
190222,3.1354942159291497,12.19047619047619,11.090909090909092,42.166666666666664,3.0354107573721674,0.4519230769230769,1
58603,2.8903717578961645,12.5625,13.647058823529411,25.5,1.8123787564307907,0.45121951219512196,3
67448,3.4965075614664802,5.935483870967742,16.875,88.0,2.3154057814231073,0.508833922261484,1
185196,2.8903717578961645,9.375,12.588235294117647,25.5,1.9980959022258835,0.4019607843137255,0
109069,2.1972245773362196,23.571428571428573,11.25,6.0,1.1451323043030026,0.26666666666666666,3
33363,3.295836866004329,13.12,12.576923076923077,58.5,2.3832429960115,0.5650406504065041,1
96438,1.6094379124341003,15.0,12.75,1.6666666666666667,2.6855773452501515,0.21951219512195122,0
97111,1.791759469228055,7.75,11.6,2.5,2.7880929087757464,0.47540983606557374,0
119152,2.0794415416798357,21.166666666666668,18.285714285714285,4.666666666666667,2.3826278006675823,0.4745762711864407,0
136203,2.8903717578961645,13.3125,16.58823529411765,25.5,2.9863130516374996,0.7475083056478405,1
69313,2.1972245773362196,21.857142857142858,11.875,6.0,2.2881963555419462,0.1935483870967742,0
19488,2.302585092994046,22.625,15.666666666666666,7.5,2.3513752571634776,0.19736842105263158,0
86683,2.0794415416798357,10.833333333333334,14.714285714285714,4.666666666666667,2.2857779746776643,0.3018867924528302,0
70596,1.6094379124341003,22.333333333333332,12.0,1.6666666666666667,2.70805020110221,0.11904761904761904,0
24682,3.4657359027997265,10.966666666666667,12.483870967741936,82.66666666666667,2.8903717578961645,0.6901960784313725,1
88455,1.6094379124341003,12.333333333333334,17.5,1.6666666666666667,2.2335922215070942,0.12,0
120182,3.2188758248682006,14.869565217391305,13.5,50.0,2.401840051089387,0.5974025974025974,1
167093,3.2188758248682006,10.0,11.916666666666666,50.0,3.2153915007855898,0.5127272727272727,1
134127,3.1354942159291497,13.047619047619047,14.954545454545455,42.166666666666664,2.778523457759596,0.6466876971608833,1
137821,1.791759469228055,30.0,12.8,2.5,1.5040773967762742,0.21428571428571427,0
88645,2.0794415416798357,11.666666666666666,13.857142857142858,4.666666666666667,2.178532444324067,0.1276595744680851,0
187579,3.713572066704308,5.358974358974359,13.075,136.66666666666666,0.7552789616669515,0.9545454545454546,1
21325,2.772588722239781,19.357142857142858,17.0,20.0,2.2662174488231708,0.4628099173553719,0
142979,1.791759469228055,18.0,9.6,2.5,1.749199854809259,0.3157894736842105,3
156947,2.0794415416798357,25.666666666666668,15.428571428571429,4.666666666666667,0.7731898882334818,0.5714285714285714,3
26742,2.1972245773362196,21.857142857142858,14.625,6.0,2.7990219793079367,0.3148148148148148,0
129674,1.791759469228055,8.0,13.8,2.5,2.5257286443082556,0.41304347826086957,0
139219,2.3978952727983707,13.555555555555555,12.9,9.166666666666666,2.4277482359480516,0.26881720430107525,0
36119,1.6094379124341003,7.0,13.0,1.6666666666666667,2.4849066497880004,0.09090909090909091,0
96837,1.6094379124341003,20.0,14.25,1.6666666666666667,1.8971199848858813,0.058823529411764705,0
72954,1.9459101490553132,15.4,14.833333333333334,3.5,2.1972245773362196,0.5,0
6706,1.6094379124341003,29.333333333333332,12.5,1.6666666666666667,2.268683541318364,0.38461538461538464,0
5072,1.9459101490553132,13.8,16.5,3.5,2.681021528714291,0.17647058823529413,0
5981,2.302585092994046,14.875,10.444444444444445,7.5,2.630088659632498,0.6699029126213593,1
39260,1.9459101490553132,13.6,15.5,3.5,2.7343675094195836,0.4305555555555556,0
199209,2.302585092994046,20.875,12.88888888888889,7.5,2.70805020110221,0.16964285714285715,0
17114,1.9459101490553132,15.4,15.666666666666666,3.5,2.2823823856765264,0.1590909090909091,0
59657,1.6094379124341003,8.333333333333334,12.5,1.6666666666666667,2.8134107167600364,0.2978723404255319,0
36664,3.258096538021482,10.916666666666666,12.32,54.166666666666664,2.6683849447097785,0.4968944099378882,1
67669,3.6635616461296463,9.324324324324325,15.947368421052632,123.5,2.4644281184444594,0.535175879396985,1
124941,2.1972245773362196,24.0,14.375,6.0,1.6650077635889111,0.4,0
45666,1.6094379124341003,27.333333333333332,15.5,1.6666666666666667,2.456735772821304,0.03125,0
192429,1.791759469228055,26.75,14.2,2.5,2.803360380906535,0.22580645161290322,0
155978,3.6109179126442243,7.457142857142857,13.805555555555555,111.0,2.9608450145535503,0.7223088923556942,1
34477,2.1972245773362196,24.285714285714285,13.375,6.0,1.9661128563728327,0.4883720930232558,0
106487,4.07753744390572,6.333333333333333,14.258620689655173,285.1666666666667,2.3319735519935465,0.6698113207547169,1
124478,1.6094379124341003,30.0,11.0,1.6666666666666667,0.6931471805599453,0.3333333333333333,3
33401,3.5263605246161616,10.59375,12.151515151515152,93.5,2.461190123170684,0.4518950437317784,1
44683,1.9459101490553132,22.8,12.0,3.5,3.258096538021482,0.248,0
27743,2.3978952727983707,14.222222222222221,12.2,9.166666666666666,2.184802057337662,0.39436619718309857,0
178532,4.61512051684126,2.3737373737373737,15.3,841.6666666666666,1.9401214208790687,0.8254237288135593,2
114742,2.772588722239781,10.214285714285714,13.0,20.0,2.3513752571634776,0.39097744360902253,0
78626,2.4849066497880004,10.7,11.545454545454545,11.0,3.0955776085237074,0.5308056872037915,1
130291,2.0794415416798357,14.333333333333334,14.571428571428571,4.666666666666667,2.899588413001089,0.3786407766990291,0
119577,2.9444389791664403,17.58823529411765,16.38888888888889,28.5,1.7819071727850435,0.21428571428571427,3
33772,2.3978952727983707,23.0,12.9,9.166666666666666,2.4375044108934163,0.18085106382978725,0
113879,3.4011973816621555,7.428571428571429,13.448275862068966,72.5,1.9908054689632042,0.4406779661016949,1
7819,1.791759469228055,20.0,18.0,2.5,2.1972245773362196,0.0,0
198508,1.791759469228055,30.0,12.2,2.5,1.4469189829363254,0.15384615384615385,0
122411,1.791759469228055,11.75,11.6,2.5,2.327277705584417,0.35135135135135137,0
15819,3.295836866004329,10.16,12.038461538461538,58.5,2.6892071133007303,0.6676384839650146,1
420,3.1780538303479458,11.136363636363637,14.521739130434783,46.0,1.91959284073794,0.4609375,3
19898,2.772588722239781,14.142857142857142,14.4,20.0,2.731580698512404,0.5621890547263682,1
101676,1.791759469228055,4.0,12.6,2.5,3.2676659890376327,0.3465346534653465,0
8011,1.9459101490553132,14.6,11.666666666666666,3.5,2.322387720290225,0.13043478260869565,0
85148,2.4849066497880004,24.2,12.181818181818182,11.0,2.4069451083182885,0.4158415841584158,0
13090,2.5649493574615367,15.181818181818182,14.333333333333334,13.0,2.6127400212978853,0.45323741007194246,1
13872,1.9459101490553132,23.0,12.333333333333334,3.5,1.0986122886681096,0.1,3
174526,1.9459101490553132,10.2,14.166666666666666,3.5,1.1631508098056809,0.45454545454545453,3
204661,2.833213344056216,20.266666666666666,13.4375,22.666666666666668,2.028148247292285,0.6666666666666666,3
97722,1.791759469228055,10.25,11.6,2.5,2.803360380906535,0.3709677419354839,0
48454,2.1972245773362196,24.142857142857142,14.75,6.0,2.3978952727983707,0.3,0
173074,2.1972245773362196,17.428571428571427,12.75,6.0,1.5198257537444133,0.6,3
205693,1.6094379124341003,26.666666666666668,16.75,1.6666666666666667,1.5404450409471488,0.2727272727272727,3
106052,1.6094379124341003,12.666666666666666,13.5,1.6666666666666667,1.6739764335716716,0.0,0
190412,3.4657359027997265,10.033333333333333,16.0,82.66666666666667,2.7168998163791924,0.7641509433962265,1
171771,4.5217885770490405,4.055555555555555,12.32967032967033,697.6666666666666,3.076800096642773,0.8523093447905478,2
168692,2.772588722239781,13.785714285714286,8.666666666666666,20.0,1.6784307839210517,0.639344262295082,3
192073,2.5649493574615367,11.454545454545455,13.916666666666666,13.0,3.7179968526846636,0.36425339366515835,0
165769,3.4011973816621555,9.392857142857142,13.689655172413794,72.5,1.5198257537444133,0.66,1
172119,3.044522437723423,15.052631578947368,15.9,35.0,2.620081428156253,0.47520661157024796,1
25482,2.5649493574615367,22.363636363636363,9.666666666666666,13.0,2.12389330425067,0.6790123456790124,0
78342,2.1972245773362196,12.857142857142858,13.375,6.0,2.4485390056171257,0.4189189189189189,3
138417,2.1972245773362196,24.0,11.5,6.0,1.9459101490553132,0.6190476190476191,0
143809,2.3978952727983707,23.0,14.2,9.166666666666666,2.646962509122372,0.5423728813559322,0
44655,2.70805020110221,16.692307692307693,12.571428571428571,17.5,1.4604023332736125,0.46511627906976744,3
121473,2.0794415416798357,21.333333333333332,10.428571428571429,4.666666666666667,2.899588413001089,0.4077669902912621,0
33996,1.6094379124341003,27.0,11.25,1.6666666666666667,2.1972245773362196,0.125,0
169845,2.70805020110221,16.384615384615383,13.428571428571429,17.5,2.030170492673053,0.3953488372093023,3
3886,2.9444389791664403,16.705882352941178,15.61111111111111,28.5,1.5612358106162227,0.390625,3
148386,3.6109179126442243,10.4,12.527777777777779,111.0,1.3646328643387111,0.38235294117647056,1
99455,1.6094379124341003,19.0,16.75,1.6666666666666667,2.2335922215070942,0.08,0
13307,2.9444389791664403,18.11764705882353,13.166666666666666,28.5,2.9351076517375563,0.5577557755775577,1
1649,1.6094379124341003,30.0,16.25,1.6666666666666667,1.992430164690206,0.0,0
7787,2.833213344056216,16.6,14.5,22.666666666666668,2.3092296357127142,0.5,3
181186,3.828641396489095,8.272727272727273,13.377777777777778,172.5,2.3404937569759436,0.5108958837772397,1
188988,2.0794415416798357,16.833333333333332,16.0,4.666666666666667,1.4663370687934272,0.05,3
32347,3.4965075614664802,3.2580645161290325,9.0,88.0,2.34366511873751,0.8356164383561644,1
169062,3.091042453358316,12.75,11.571428571428571,38.5,2.327277705584417,0.34594594594594597,0
92557,3.295836866004329,13.24,12.23076923076923,58.5,2.0228711901914416,0.43902439024390244,0
100028,1.6094379124341003,17.0,14.75,1.6666666666666667,1.8458266904983307,0.125,3
146342,1.791759469228055,30.0,15.6,2.5,1.9810014688665833,0.16,0
136130,3.7376696182833684,4.3,14.878048780487806,143.5,2.5707020099509865,0.5527950310559007,1
122676,2.995732273553991,12.722222222222221,11.157894736842104,31.666666666666668,1.001448540214462,0.6774193548387096,3
176376,3.8501476017100584,8.0,13.08695652173913,180.16666666666666,2.501435951739211,0.8234126984126984,1
196141,2.9444389791664403,7.764705882352941,15.88888888888889,28.5,2.1906671767900603,0.4,3
133354,2.5649493574615367,13.090909090909092,14.75,13.0,2.4619171315633013,0.6016949152542372,1
12218,1.791759469228055,19.5,14.0,2.5,2.4849066497880004,0.22727272727272727,0
121430,2.5649493574615367,13.090909090909092,12.5,13.0,2.338303175596125,0.3592233009708738,0
117482,1.6094379124341003,10.666666666666666,12.25,1.6666666666666667,2.4849066497880004,0.24242424242424243,0
62499,1.9459101490553132,19.8,13.666666666666666,3.5,1.3862943611198906,0.3333333333333333,3
109887,2.833213344056216,13.2,10.9375,22.666666666666668,0.7884573603642702,0.6666666666666666,3
40276,1.9459101490553132,27.0,18.833333333333332,3.5,2.747270914255491,0.2602739726027397,0
124723,2.4849066497880004,15.1,14.727272727272727,11.0,3.0155349008501706,0.30412371134020616,1
115217,2.9444389791664403,12.117647058823529,13.5,28.5,2.3817224135527697,0.46107784431137727,3
205402,2.1972245773362196,11.571428571428571,12.0,6.0,2.763620052257021,0.4423076923076923,0
62557,2.1972245773362196,9.428571428571429,13.625,6.0,2.005333569526114,0.1111111111111111,0
104653,2.0794415416798357,21.0,14.714285714285714,4.666666666666667,3.270835563798912,0.3092105263157895,0
35154,2.302585092994046,18.125,14.11111111111111,7.5,2.8183982582710754,0.29365079365079366,0
20811,1.9459101490553132,18.0,10.333333333333334,3.5,2.681021528714291,0.27941176470588236,0
97768,1.9459101490553132,24.4,15.5,3.5,2.379546134130174,0.12244897959183673,0
203511,2.5649493574615367,15.909090909090908,18.25,13.0,2.6897010624340134,0.423841059602649,0
161781,1.6094379124341003,8.666666666666666,13.75,1.6666666666666667,2.3353749158170367,0.14285714285714285,0
51505,2.302585092994046,13.25,10.444444444444445,7.5,2.515678308454754,0.2967032967032967,0
58200,1.791759469228055,2.0,17.4,2.5,1.55814461804655,0.3333333333333333,0
72097,4.3694478524670215,4.7272727272727275,13.653846153846153,513.5,2.289513011426693,0.6090775988286969,2
110060,1.9459101490553132,15.6,11.166666666666666,3.5,2.3978952727983707,0.58,0
184390,2.70805020110221,16.46153846153846,13.071428571428571,17.5,2.644536795379884,0.4823529411764706,1
77918,2.3978952727983707,11.666666666666666,13.6,9.166666666666666,1.9299098077088723,0.09433962264150944,0
50149,3.4965075614664802,10.612903225806452,12.625,88.0,2.6550576709616998,0.7975609756097561,1
112949,1.791759469228055,27.25,15.2,2.5,1.9095425048844383,0.34782608695652173,0
157545,1.9459101490553132,21.2,15.333333333333334,3.5,1.5686159179138452,0.2631578947368421,3
165157,1.6094379124341003,14.0,12.75,1.6666666666666667,1.992430164690206,0.42105263157894735,3
14931,2.0794415416798357,8.333333333333334,14.142857142857142,4.666666666666667,1.6739764335716716,0.4230769230769231,3
13010,3.6375861597263857,5.833333333333333,14.027027027027026,117.16666666666667,2.6528506517475945,0.6631578947368421,1
83374,1.9459101490553132,20.0,17.166666666666668,3.5,1.6863989535702286,0.2727272727272727,3
123862,2.3978952727983707,17.11111111111111,10.5,9.166666666666666,2.3566523142643216,0.11627906976744186,0
13650,3.6635616461296463,9.243243243243244,13.236842105263158,123.5,2.5439401813721934,0.7258064516129032,1
74729,3.58351893845611,10.323529411764707,15.285714285714286,105.0,2.254382991176168,0.496551724137931,1
121118,2.302585092994046,21.0,14.666666666666666,7.5,2.211017899468555,0.5538461538461539,3
22869,2.302585092994046,11.625,18.444444444444443,7.5,2.4203681286504293,0.43902439024390244,0
191348,2.1972245773362196,19.714285714285715,14.375,6.0,2.5084371471981943,0.22784810126582278,0
103516,3.258096538021482,13.0,13.44,54.166666666666664,1.5926307941177191,0.6808510638297872,1
153023,1.6094379124341003,23.0,11.5,1.6666666666666667,1.8458266904983307,0.1875,0
11608,1.791759469228055,22.0,13.8,2.5,1.9459101490553132,0.20833333333333334,0
156292,3.713572066704308,8.743589743589743,14.6,136.66666666666666,2.5349170703626616,0.6247240618101545,1
190153,1.9459101490553132,25.8,9.833333333333334,3.5,2.995732273553991,0.21052631578947367,0
74781,2.0794415416798357,28.0,12.571428571428571,4.666666666666667,2.0149030205422647,0.1282051282051282,0
146419,2.1972245773362196,22.142857142857142,15.0,6.0,2.228477120840324,0.4482758620689655,0
46410,2.5649493574615367,11.909090909090908,13.25,13.0,2.507379505640059,0.3870967741935484,0
205106,2.5649493574615367,18.454545454545453,12.416666666666666,13.0,2.900422093749666,0.23809523809523808,0
197291,3.4657359027997265,11.433333333333334,13.709677419354838,82.66666666666667,1.5546296759391054,0.7053571428571429,1
16701,2.0794415416798357,20.0,15.428571428571429,4.666666666666667,2.498699971920336,0.34328358208955223,0
4768,2.302585092994046,22.25,14.11111111111111,7.5,2.772588722239781,0.325,0
6076,2.3978952727983707,17.0,17.4,9.166666666666666,1.9616585060234524,0.21818181818181817,3
46750,3.332204510175204,6.8076923076923075,15.296296296296296,63.0,2.3659209681658564,0.6414342629482072,1
183105,2.833213344056216,4.533333333333333,10.75,22.666666666666668,1.2431935174792172,0.7567567567567568,3
95869,1.9459101490553132,23.4,16.666666666666668,3.5,1.33500106673234,0.42857142857142855,3
1225,3.332204510175204,12.153846153846153,13.74074074074074,63.0,2.23907168727172,0.5688073394495413,1
142113,3.6888794541139363,9.210526315789474,13.923076923076923,130.0,1.960835799271989,0.8318965517241379,1
200786,2.8903717578961645,20.0,13.235294117647058,25.5,2.728669488304946,0.5807860262008734,1
179753,3.258096538021482,8.833333333333334,15.2,54.166666666666664,2.063693184711697,0.41818181818181815,3
109196,3.091042453358316,11.55,15.285714285714286,38.5,1.9315214116032138,0.6101694915254238,3
23731,1.6094379124341003,16.666666666666668,15.5,1.6666666666666667,1.8971199848858813,0.23529411764705882,3
101443,3.332204510175204,12.076923076923077,12.962962962962964,63.0,2.1799827709017134,0.4950980392156863,1
204197,3.4339872044851463,3.5517241379310347,14.766666666666667,77.5,2.3094579722818076,0.6501901140684411,1
70691,3.4965075614664802,10.03225806451613,13.65625,88.0,2.111190239994416,0.5955555555555555,1
29967,2.772588722239781,17.142857142857142,14.733333333333333,20.0,1.791759469228055,0.34285714285714286,3
183578,3.4965075614664802,11.612903225806452,12.5625,88.0,2.7583752849897256,0.8820960698689956,1
157523,3.784189633918261,8.357142857142858,12.55813953488372,157.66666666666666,3.125088294768033,0.8052516411378556,1
138995,1.791759469228055,6.25,16.4,2.5,2.3978952727983707,0.45,0
34924,3.9318256327243257,4.836734693877551,12.54,212.5,2.4503011206105247,0.8709055876685935,1
56854,2.4849066497880004,8.6,13.818181818181818,11.0,2.9231615807191558,0.5454545454545454,1
119911,2.4849066497880004,10.6,14.181818181818182,11.0,2.2407096892759584,0.5238095238095238,3
156767,1.6094379124341003,30.0,12.25,1.6666666666666667,1.791759469228055,0.2,0
204666,2.5649493574615367,12.545454545454545,14.5,13.0,2.032921526044943,0.3835616438356164,3
142035,3.295836866004329,12.52,11.692307692307692,58.5,1.7298840655099674,0.75,1
154841,2.1972245773362196,17.714285714285715,14.5,6.0,2.1316272948504063,0.5576923076923077,3
197808,1.9459101490553132,21.4,15.833333333333334,3.5,2.028148247292285,0.12121212121212122,0
56268,1.9459101490553132,27.0,12.166666666666666,3.5,2.639057329615259,0.4153846153846154,0
161323,2.70805020110221,20.076923076923077,13.357142857142858,17.5,3.022299300938713,0.6692913385826772,1
119708,3.4965075614664802,11.32258064516129,15.0625,88.0,1.5964507169072892,0.7459016393442623,1
119052,2.639057329615259,11.75,13.23076923076923,15.166666666666666,2.6683849447097785,0.4472049689440994,1
179407,1.9459101490553132,21.0,13.0,3.5,1.8562979903656263,0.4074074074074074,3
150282,2.4849066497880004,27.0,11.090909090909092,11.0,1.62924053973028,0.6097560975609756,0
190359,2.5649493574615367,22.0,13.75,13.0,2.389596469983675,0.3302752293577982,0
3243,2.3978952727983707,23.88888888888889,15.0,9.166666666666666,2.8067217286092396,0.45714285714285713,0
150640,3.2188758248682006,7.391304347826087,14.083333333333334,50.0,2.788761581485382,0.8176638176638177,1
86810,2.639057329615259,8.0,13.76923076923077,15.166666666666666,2.294216843323529,0.6728971962616822,1
124857,2.3978952727983707,21.555555555555557,14.2,9.166666666666666,2.257122718917288,0.3246753246753247,0
92369,3.295836866004329,10.48,15.538461538461538,58.5,2.987700101856727,0.6157112526539278,1
190699,2.1972245773362196,27.285714285714285,13.625,6.0,1.8152899666382492,0.5555555555555556,0
35387,1.791759469228055,23.25,13.4,2.5,2.2512917986064953,0.17647058823529413,0
50366,2.1972245773362196,27.714285714285715,16.875,6.0,1.5198257537444133,0.32,3
165763,1.9459101490553132,8.8,15.0,3.5,2.028148247292285,0.15151515151515152,0
57667,2.1972245773362196,27.857142857142858,14.375,6.0,2.1484344131667874,0.1320754716981132,0
3064,2.639057329615259,15.916666666666666,16.846153846153847,15.166666666666666,2.3902906734131513,0.44537815126050423,0
116497,1.791759469228055,16.75,11.6,2.5,1.252762968495368,0.5,0
18330,3.332204510175204,13.923076923076923,15.851851851851851,63.0,2.3802581313122637,0.7647058823529411,1
192018,2.0794415416798357,8.333333333333334,11.714285714285714,4.666666666666667,2.1400661634962708,0.6888888888888889,3
21823,2.995732273553991,11.666666666666666,13.631578947368421,31.666666666666668,2.4277482359480516,0.34946236559139787,0
1412,3.1780538303479458,14.727272727272727,12.869565217391305,46.0,1.5723966407537513,0.27380952380952384,0
142328,2.302585092994046,12.5,13.0,7.5,2.386466576974748,0.25316455696202533,0
166741,1.9459101490553132,13.6,16.5,3.5,2.9856819377004897,0.3404255319148936,0
72881,2.1972245773362196,12.142857142857142,16.375,6.0,2.8076800420510515,0.5963302752293578,1
147454,2.1972245773362196,13.428571428571429,13.375,6.0,3.3524072174927233,0.5492227979274611,1
112501,2.8903717578961645,13.125,12.823529411764707,25.5,2.4259083090260445,0.36363636363636365,0
63856,2.1972245773362196,21.714285714285715,13.125,6.0,2.043073897508961,0.425531914893617,0
192311,1.6094379124341003,17.0,13.0,1.6666666666666667,2.8903717578961645,0.3137254901960784,0
199262,3.332204510175204,11.423076923076923,14.74074074074074,63.0,1.3862943611198906,0.6282051282051282,1
202118,2.3978952727983707,14.666666666666666,16.0,9.166666666666666,2.3877429013343527,0.3707865168539326,3
180187,1.9459101490553132,12.4,11.0,3.5,1.9459101490553132,0.2,0
97431,1.6094379124341003,24.666666666666668,10.75,1.6666666666666667,2.367123614131617,0.2413793103448276,0
62882,1.9459101490553132,28.4,15.833333333333334,3.5,2.5649493574615367,0.2833333333333333,0
159515,2.5649493574615367,11.909090909090908,11.916666666666666,13.0,1.8925641683500207,0.5806451612903226,3
90789,1.6094379124341003,22.666666666666668,13.25,1.6666666666666667,1.8971199848858813,0.17647058823529413,0
176772,2.1972245773362196,12.714285714285714,12.25,6.0,2.2881963555419462,0.5967741935483871,3
121769,1.791759469228055,17.0,14.4,2.5,2.6026896854443837,0.28,0
43198,1.6094379124341003,19.666666666666668,15.0,1.6666666666666667,2.120263536200091,0.22727272727272727,0
29589,2.5649493574615367,18.181818181818183,14.5,13.0,2.381228220313159,0.6296296296296297,1
30793,2.70805020110221,16.615384615384617,10.5,17.5,2.743318339939668,0.24338624338624337,0
94670,2.639057329615259,22.416666666666668,10.692307692307692,15.166666666666666,1.5224265354444706,0.627906976744186,0
97199,1.791759469228055,14.75,14.6,2.5,2.4423470353692043,0.07142857142857142,0
31541,2.302585092994046,21.0,13.11111111111111,7.5,2.1400661634962708,0.35,0
166599,2.9444389791664403,16.88235294117647,14.222222222222221,28.5,2.8503664232824653,0.49458483754512633,1
94497,3.58351893845611,8.147058823529411,13.885714285714286,105.0,2.299639582764289,0.46557377049180326,1
189107,1.9459101490553132,25.8,14.166666666666666,3.5,1.8870696490323797,0.5,0
62175,3.4011973816621555,12.25,11.275862068965518,72.5,1.5429928130259476,0.6796116504854369,1
8292,3.1780538303479458,13.954545454545455,16.652173913043477,46.0,2.0963433524824393,0.7834394904458599,1
168504,1.6094379124341003,24.0,11.75,1.6666666666666667,2.5649493574615367,0.2222222222222222,0
28386,3.4657359027997265,9.9,10.548387096774194,82.66666666666667,2.6855773452501515,0.7682926829268293,1
59385,2.0794415416798357,20.833333333333332,14.857142857142858,4.666666666666667,2.2155737160044158,0.40816326530612246,0
80480,3.044522437723423,5.7894736842105265,11.85,35.0,2.270496778442545,0.7151515151515152,1
103911,1.791759469228055,22.5,13.6,2.5,3.1463051320333655,0.3258426966292135,0
163439,2.4849066497880004,24.3,13.0,11.0,2.6946271807700692,0.2753623188405797,0
121911,1.9459101490553132,23.4,12.166666666666666,3.5,1.0296194171811583,0.3333333333333333,3
24478,2.302585092994046,17.125,13.555555555555555,7.5,0.9162907318741551,0.5833333333333334,3
174432,2.639057329615259,18.25,13.076923076923077,15.166666666666666,1.0986122886681096,0.625,3
86220,1.6094379124341003,17.0,13.25,1.6666666666666667,2.5649493574615367,0.2777777777777778,0
125930,2.0794415416798357,22.0,14.0,4.666666666666667,0.9808292530117262,0.4,3
165381,2.3978952727983707,19.333333333333332,17.1,9.166666666666666,2.1594842493533726,0.2028985507246377,3
113710,2.772588722239781,19.142857142857142,13.133333333333333,20.0,2.5704288232261625,0.5325443786982249,1
106711,2.639057329615259,5.5,12.76923076923077,15.166666666666666,2.571339155560308,0.5517241379310345,1
140170,3.4657359027997265,8.1,13.548387096774194,82.66666666666667,1.9315214116032138,0.6440677966101694,1
65540,1.9459101490553132,25.4,12.0,3.5,2.4336133554004498,0.3269230769230769,0
78112,4.219507705176107,5.515151515151516,13.26865671641791,379.6666666666667,2.742793149546083,0.7226277372262774,2
177294,3.1780538303479458,11.363636363636363,12.956521739130435,46.0,2.0388562615647574,0.5510204081632653,1
17859,1.791759469228055,10.75,16.0,2.5,2.772588722239781,0.18333333333333332,0
145490,2.833213344056216,11.533333333333333,14.875,22.666666666666668,2.6946271807700692,0.5603864734299517,1
55369,2.639057329615259,19.416666666666668,13.76923076923077,15.166666666666666,2.583997552432231,0.41496598639455784,1
87622,1.9459101490553132,25.0,14.333333333333334,3.5,2.0014800002101243,0.1875,0
82586,3.1780538303479458,8.454545454545455,11.043478260869565,46.0,2.385421098573195,0.6267281105990783,1
52012,3.4011973816621555,9.285714285714286,12.206896551724139,72.5,2.5257286443082556,0.717391304347826,1
122639,3.044522437723423,11.894736842105264,10.6,35.0,2.5320245727650703,0.6818181818181818,1
174445,2.70805020110221,4.076923076923077,12.214285714285714,17.5,2.4322629163025784,0.25925925925925924,1
146300,1.791759469228055,21.5,15.8,2.5,3.1023420086122493,0.25882352941176473,0
151710,2.302585092994046,15.25,12.555555555555555,7.5,2.264363880173848,0.17391304347826086,0
3902,1.6094379124341003,27.333333333333332,12.5,1.6666666666666667,2.03688192726104,0.0,0
181838,2.302585092994046,25.5,15.222222222222221,7.5,2.630088659632498,0.36893203883495146,0
19754,2.302585092994046,4.375,12.0,7.5,2.6567569067146595,0.5094339622641509,1
132150,1.9459101490553132,16.0,14.0,3.5,1.7578579175523736,0.5,3
146303,2.8903717578961645,13.0625,11.705882352941176,25.5,2.3333567516607996,0.5973154362416108,1
158399,2.772588722239781,11.785714285714286,12.533333333333333,20.0,2.1567332159814825,0.411214953271028,0
122483,3.332204510175204,10.26923076923077,15.037037037037036,63.0,2.494476100804151,0.5916955017301038,1
31065,3.332204510175204,13.653846153846153,13.592592592592593,63.0,2.404863942114464,0.7061068702290076,1
157612,3.258096538021482,11.583333333333334,12.48,54.166666666666664,2.8550323914508557,0.5190839694656488,1
159666,2.1972245773362196,24.857142857142858,12.75,6.0,2.6288008294480694,0.5555555555555556,0
160576,1.6094379124341003,21.333333333333332,17.75,1.6666666666666667,2.538973871058276,0.08571428571428572,0
63809,1.6094379124341003,24.0,13.75,1.6666666666666667,2.1972245773362196,0.25,0
197118,1.9459101490553132,15.6,17.0,3.5,3.0155349008501706,0.28865979381443296,0
37725,2.4849066497880004,16.3,11.181818181818182,11.0,2.0014800002101243,0.109375,0
22050,2.0794415416798357,21.0,12.142857142857142,4.666666666666667,2.9267394020670396,0.39622641509433965,0
144184,3.4011973816621555,8.607142857142858,9.551724137931034,72.5,2.7990219793079367,0.6041666666666666,1
44571,2.8903717578961645,14.125,14.882352941176471,25.5,2.1902559080201263,0.5984251968503937,1
168255,2.3978952727983707,20.88888888888889,13.2,9.166666666666666,1.491654876777717,0.6129032258064516,3
11639,2.3978952727983707,23.11111111111111,13.3,9.166666666666666,2.4941233048929243,0.42,0
47892,3.4657359027997265,9.7,12.96774193548387,82.66666666666667,3.239984788078436,0.7133152173913043,1
82574,2.639057329615259,20.666666666666668,14.461538461538462,15.166666666666666,1.8971199848858813,0.5882352941176471,3
2914,3.5263605246161616,11.09375,11.848484848484848,93.5,2.4901014666651045,0.6186440677966102,1
13533,3.6109179126442243,7.6571428571428575,13.527777777777779,111.0,1.9621048349752939,0.48130841121495327,1
13250,2.3978952727983707,24.333333333333332,13.0,9.166666666666666,3.2144214745188204,0.4930232558139535,0
203550,2.1972245773362196,16.428571428571427,12.75,6.0,0.9985288301111271,0.4166666666666667,3
143982,2.4849066497880004,10.7,13.090909090909092,11.0,2.6741486494265287,0.45185185185185184,1
101205,1.791759469228055,24.5,14.8,2.5,3.3758795736778655,0.3008849557522124,0
205360,3.1354942159291497,16.142857142857142,13.136363636363637,42.166666666666664,2.4526457875697787,0.600896860986547,1
88410,1.9459101490553132,22.6,14.833333333333334,3.5,2.639057329615259,0.1076923076923077,0
7911,4.304065093204169,4.777777777777778,15.123287671232877,450.1666666666667,2.156273973723124,0.5345454545454545,2
95339,3.367295829986474,11.962962962962964,14.107142857142858,67.66666666666667,1.9616585060234524,0.5212121212121212,1
116798,2.4849066497880004,17.7,12.818181818181818,11.0,2.0918640616783932,0.4507042253521127,0
84224,1.791759469228055,8.5,8.8,2.5,3.7074558396868715,0.3522012578616352,0
72425,1.791759469228055,8.0,13.8,2.5,2.277267285009756,0.05714285714285714,0
89640,2.772588722239781,7.428571428571429,14.4,20.0,1.252762968495368,0.6,3
72412,1.6094379124341003,23.666666666666668,16.0,1.6666666666666667,1.7346010553881064,0.21428571428571427,0
33841,1.6094379124341003,12.0,12.75,1.6666666666666667,1.2039728043259361,0.2857142857142857,3
85851,1.9459101490553132,15.0,15.833333333333334,3.5,2.174751721484161,0.23076923076923078,0
114387,2.4849066497880004,26.5,11.090909090909092,11.0,0.7419373447293773,0.8181818181818182,0
81591,1.791759469228055,23.0,14.6,2.5,1.749199854809259,0.05263157894736842,0
176912,1.6094379124341003,10.666666666666666,14.0,1.6666666666666667,2.9618307218783095,0.18181818181818182,0
129480,1.6094379124341003,6.0,10.75,1.6666666666666667,2.2335922215070942,0.12,0
176665,2.302585092994046,10.875,16.333333333333332,7.5,1.8123787564307907,0.07317073170731707,0
96861,2.5649493574615367,13.181818181818182,14.0,13.0,2.4619171315633013,0.2288135593220339,0
61055,3.044522437723423,15.736842105263158,12.15,35.0,1.5664205273504095,0.3194444444444444,0
185791,2.0794415416798357,25.833333333333332,17.0,4.666666666666667,3.036554268074246,0.4957983193277311,0
104633,2.4849066497880004,13.6,11.181818181818182,11.0,1.4586150226995167,0.24242424242424243,0
112539,2.302585092994046,17.25,14.0,7.5,2.3513752571634776,0.15789473684210525,0
53132,1.791759469228055,23.75,13.6,2.5,1.55814461804655,0.06666666666666667,0
59843,2.3978952727983707,12.666666666666666,14.7,9.166666666666666,2.631089159966082,0.20689655172413793,0
133291,2.4849066497880004,23.0,12.363636363636363,11.0,2.533696813957432,0.31896551724137934,0
149979,1.9459101490553132,20.4,13.833333333333334,3.5,2.8094026953624973,0.19230769230769232,0
187266,2.0794415416798357,7.666666666666667,11.571428571428571,4.666666666666667,2.6855773452501515,0.43902439024390244,0
104296,2.639057329615259,17.416666666666668,13.384615384615385,15.166666666666666,1.791759469228055,0.25,0
173178,3.2188758248682006,14.173913043478262,14.583333333333334,50.0,2.5682882587270512,0.6462093862815884,1
180321,2.3978952727983707,13.666666666666666,13.8,9.166666666666666,1.9616585060234524,0.2909090909090909,3
156627,4.1588830833596715,5.82258064516129,16.126984126984127,336.0,2.304196696888387,0.6994633273703041,2
97576,1.6094379124341003,14.333333333333334,10.0,1.6666666666666667,1.2992829841302609,0.5,0
185362,2.4849066497880004,15.2,14.363636363636363,11.0,2.4849066497880004,0.34545454545454546,3
54557,2.9444389791664403,11.823529411764707,10.055555555555555,28.5,1.3099213823353166,0.8260869565217391,3
129562,2.0794415416798357,14.5,14.142857142857142,4.666666666666667,1.791759469228055,0.23333333333333334,3
129712,4.189654742026425,5.5625,12.553846153846154,357.5,2.0597170363320574,0.6278538812785388,2
124776,1.9459101490553132,8.6,15.166666666666666,3.5,2.7212954278522306,0.4084507042253521,0
114861,3.4965075614664802,9.935483870967742,13.40625,88.0,1.9225990701868663,0.7403314917127072,1
49530,3.784189633918261,8.642857142857142,11.069767441860465,157.66666666666666,1.3803241941333868,0.824,1
15055,2.833213344056216,15.2,11.125,22.666666666666668,3.0155349008501706,0.584192439862543,1
191308,3.044522437723423,13.68421052631579,13.95,35.0,2.693915690167305,0.5648854961832062,1
117013,3.6375861597263857,6.638888888888889,13.891891891891891,117.16666666666667,2.4825891516476375,0.6025316455696202,1
30785,2.302585092994046,24.75,14.222222222222221,7.5,3.2724165917962305,0.3694581280788177,0
3017,1.6094379124341003,23.333333333333332,14.5,1.6666666666666667,2.3353749158170367,0.03571428571428571,0
95218,1.6094379124341003,20.0,10.5,1.6666666666666667,2.995732273553991,0.12280701754385964,0
179185,1.9459101490553132,19.8,16.0,3.5,1.6486586255873816,0.5238095238095238,3
59094,2.1972245773362196,15.857142857142858,14.25,6.0,2.181224235989778,0.18181818181818182,0
163602,2.4849066497880004,11.7,12.363636363636363,11.0,2.7788192719904172,0.695364238410596,1
100350,2.8903717578961645,14.25,13.705882352941176,25.5,0.8649974374866045,0.5,3
110110,4.04305126783455,6.6,14.321428571428571,266.0,2.8740781184100643,0.7431991294885746,1
184931,3.58351893845611,10.5,15.542857142857143,105.0,3.29256354065936,0.6753688989784336,1
69298,1.6094379124341003,2.3333333333333335,15.25,1.6666666666666667,1.791759469228055,0.26666666666666666,0
187989,2.302585092994046,16.875,11.444444444444445,7.5,2.0476928433652555,0.5925925925925926,0
29142,1.791759469228055,16.0,12.6,2.5,2.772588722239781,0.21666666666666667,0
205505,1.791759469228055,30.0,15.4,2.5,2.6567569067146595,0.16981132075471697,0
45556,1.6094379124341003,14.666666666666666,12.75,1.6666666666666667,2.9444389791664403,0.2222222222222222,0
67621,1.6094379124341003,24.333333333333332,14.25,1.6666666666666667,2.538973871058276,0.2571428571428571,0
200934,2.0794415416798357,20.666666666666668,10.285714285714286,4.666666666666667,2.1594842493533726,0.5869565217391305,0
130,1.6094379124341003,24.0,12.25,1.6666666666666667,2.5902671654458267,0.16216216216216217,0
18843,4.499809670330265,4.1477272727272725,13.955056179775282,667.5,2.247696827688636,0.6483221476510067,2
40477,2.8903717578961645,19.375,12.352941176470589,25.5,1.461517782357478,0.5094339622641509,3
143314,2.3978952727983707,16.444444444444443,15.6,9.166666666666666,2.3774864011671637,0.3068181818181818,3
182095,1.6094379124341003,23.333333333333332,14.0,1.6666666666666667,2.4849066497880004,0.18181818181818182,0
51562,3.332204510175204,11.653846153846153,14.148148148148149,63.0,2.23907168727172,0.4036697247706422,1
91539,2.1972245773362196,14.142857142857142,12.75,6.0,3.1416861861770706,0.5548387096774193,1
71457,2.995732273553991,6.666666666666667,11.105263157894736,31.666666666666668,1.5163474893680884,0.28125,0
178906,3.4965075614664802,7.935483870967742,14.4375,88.0,2.029844600540464,0.32682926829268294,3
100293,2.1972245773362196,26.0,16.375,6.0,3.2525868822105126,0.7011494252873564,0
169563,1.6094379124341003,14.333333333333334,13.0,1.6666666666666667,2.9618307218783095,0.18181818181818182,0
188773,1.6094379124341003,19.0,18.0,1.6666666666666667,2.302585092994046,0.037037037037037035,0
75978,2.0794415416798357,22.333333333333332,12.714285714285714,4.666666666666667,2.2857779746776643,0.39622641509433965,0
62340,4.61512051684126,2.7373737373737375,13.46,841.6666666666666,1.9785603168260557,0.7585089141004863,2
151648,2.0794415416798357,20.833333333333332,12.428571428571429,4.666666666666667,2.6026896854443837,0.41333333333333333,0
149728,2.3978952727983707,18.77777777777778,12.7,9.166666666666666,2.093234863812172,0.5,0
2114,2.772588722239781,13.714285714285714,12.533333333333333,20.0,2.948191328784991,0.3952569169960474,1
115310,2.1972245773362196,8.285714285714286,13.625,6.0,2.9368917735310576,0.152,0
136113,2.1972245773362196,11.714285714285714,9.25,6.0,2.5199979695992702,0.3,0
43560,2.3978952727983707,27.333333333333332,12.2,9.166666666666666,1.1349799328389847,0.5789473684210527,0
16867,3.5263605246161616,11.0625,14.93939393939394,93.5,2.9639835752394106,0.673469387755102,1
195734,3.6375861597263857,9.083333333333334,12.27027027027027,117.16666666666667,1.8191584434161694,0.7688172043010753,1
160655,2.4849066497880004,8.8,16.272727272727273,11.0,3.1612467120315646,0.5929203539823009,1
29997,2.70805020110221,21.153846153846153,11.357142857142858,17.5,2.009761621041846,0.6666666666666666,0
155741,3.332204510175204,12.26923076923077,13.962962962962964,63.0,1.9180531945523471,0.5629139072847682,1
70067,3.2188758248682006,10.91304347826087,13.791666666666666,50.0,2.293851413025291,0.5463414634146342,1
58961,2.0794415416798357,24.5,13.571428571428571,4.666666666666667,3.0204248861443626,0.47863247863247865,0
132387,4.143134726391533,5.885245901639344,11.306451612903226,325.5,2.9155529445263246,0.8497652582159625,1
15229,4.499809670330265,4.079545454545454,12.269662921348315,667.5,2.6772785424354564,0.5461409395973155,2
39704,1.9459101490553132,16.0,13.5,3.5,1.5260563034950494,0.16666666666666666,3
111298,2.995732273553991,14.11111111111111,8.263157894736842,31.666666666666668,2.4756042571256867,0.37244897959183676,0
60747,3.258096538021482,10.208333333333334,14.4,54.166666666666664,1.9810014688665833,0.5866666666666667,1
274,2.772588722239781,18.714285714285715,15.2,20.0,2.6692103677859462,0.2872340425531915,1
66310,1.9459101490553132,21.0,14.666666666666666,3.5,2.2823823856765264,0.5,0
43802,2.302585092994046,16.875,13.11111111111111,7.5,1.890850371872286,0.4666666666666667,3
176710,2.995732273553991,9.38888888888889,10.0,31.666666666666668,2.044102175234527,0.7933884297520661,3
16508,3.9318256327243257,7.326530612244898,12.1,212.5,1.7780606248698931,0.7759336099585062,1
5760,4.343805421853684,3.24,13.578947368421053,487.6666666666667,1.5202423336296293,0.8917910447761194,2
64782,3.044522437723423,16.526315789473685,13.3,35.0,2.2540580520993854,0.6790123456790124,1
3983,2.3978952727983707,26.666666666666668,11.9,9.166666666666666,1.0608719606852626,0.5882352941176471,0
93242,2.1972245773362196,20.428571428571427,12.375,6.0,2.496741107435003,0.5641025641025641,0
185582,2.1972245773362196,5.571428571428571,11.375,6.0,2.330755969960742,0.49230769230769234,0
86549,1.6094379124341003,22.666666666666668,13.5,1.6666666666666667,2.9267394020670396,0.24528301886792453,0
9772,2.639057329615259,10.75,15.846153846153847,15.166666666666666,2.5964977151964628,0.6644295302013423,1
143028,1.9459101490553132,11.4,13.333333333333334,3.5,2.2823823856765264,0.4090909090909091,0
142372,3.8066624897703196,8.465116279069768,14.590909090909092,165.0,2.144161732361008,0.7191358024691358,1
138701,2.4849066497880004,16.4,11.909090909090908,11.0,2.4595888418037104,0.32710280373831774,0
14145,2.995732273553991,16.61111111111111,14.210526315789474,31.666666666666668,2.1269080789187598,0.6691729323308271,1
93381,2.1972245773362196,15.428571428571429,14.375,6.0,2.472930458741285,0.42105263157894735,0
198702,3.2188758248682006,14.782608695652174,13.541666666666666,50.0,2.6756467770475507,0.5916398713826366,1
172380,1.791759469228055,16.5,11.0,2.5,2.302585092994046,0.19444444444444445,0
73273,1.6094379124341003,23.333333333333332,15.75,1.6666666666666667,2.302585092994046,0.18518518518518517,0
135096,2.3978952727983707,12.333333333333334,13.3,9.166666666666666,2.8590212280120886,0.36486486486486486,0
198916,4.51085950651685,4.044943820224719,17.677777777777777,682.5,1.8321319245184426,0.7601713062098501,2
196045,3.044522437723423,10.263157894736842,12.75,35.0,2.453723722351312,0.7079207920792079,1
5359,1.6094379124341003,10.333333333333334,17.75,1.6666666666666667,1.8971199848858813,0.23529411764705882,0
38092,1.791759469228055,21.75,15.6,2.5,2.7568403652716422,0.576271186440678,0
171766,2.1972245773362196,10.571428571428571,10.125,6.0,2.1972245773362196,0.39285714285714285,0
88281,3.295836866004329,7.48,11.115384615384615,58.5,2.7997173896280336,0.4170984455958549,1
163271,2.5649493574615367,17.272727272727273,15.583333333333334,13.0,1.4733057381095205,0.43243243243243246,3
156964,4.61512051684126,3.2222222222222223,12.35,841.6666666666666,2.6230569882688175,0.7944664031620553,2
176864,2.0794415416798357,25.5,13.714285714285714,4.666666666666667,2.03688192726104,0.175,0
40544,1.9459101490553132,22.2,15.0,3.5,1.916922612182061,0.034482758620689655,0
190645,3.258096538021482,14.291666666666666,13.64,54.166666666666664,1.8588987720656835,0.8769230769230769,3
181242,2.1972245773362196,24.857142857142858,12.75,6.0,2.436116485618568,0.2876712328767123,0
92311,3.6375861597263857,7.083333333333333,11.216216216216216,117.16666666666667,1.7730673362159024,0.7215909090909091,1
48589,1.9459101490553132,19.2,9.166666666666666,3.5,3.632309102625542,0.45652173913043476,0
162184,2.639057329615259,18.25,12.307692307692308,15.166666666666666,2.412933150162911,0.23770491803278687,0
57843,2.3978952727983707,20.88888888888889,15.6,9.166666666666666,2.512305623976115,0.19607843137254902,0
116552,3.6888794541139363,8.368421052631579,12.333333333333334,130.0,2.5588579680681347,0.6048565121412803,1
129655,2.833213344056216,13.6,15.5625,22.666666666666668,2.473733349189875,0.4233128834355828,1
101089,3.258096538021482,14.541666666666666,17.4,54.166666666666664,3.22386336637924,0.6338514680483592,1
9435,1.9459101490553132,24.2,11.833333333333334,3.5,1.5686159179138452,0.0,0
111437,2.639057329615259,16.75,13.23076923076923,15.166666666666666,2.9661318037777002,0.5746606334841629,1
88785,2.3978952727983707,7.0,14.6,9.166666666666666,1.4403615823901663,0.5517241379310345,3
70509,3.5553480614894135,9.666666666666666,16.264705882352942,99.16666666666667,2.679359708639281,0.5111607142857143,1
128885,3.091042453358316,11.65,15.19047619047619,38.5,2.2353763433005955,0.6107784431137725,1
186769,1.9459101490553132,20.8,11.833333333333334,3.5,2.322387720290225,0.2391304347826087,0
60238,2.1972245773362196,13.142857142857142,14.75,6.0,0.9985288301111271,0.4166666666666667,3
129518,2.1972245773362196,23.714285714285715,14.0,6.0,2.833213344056216,0.42857142857142855,0
152975,3.2188758248682006,8.782608695652174,12.791666666666666,50.0,2.1426204433013676,0.7283236994219653,1
126675,2.772588722239781,13.0,10.466666666666667,20.0,2.9368917735310576,0.452,1
120867,2.3978952727983707,12.0,13.9,9.166666666666666,2.3877429013343527,0.25842696629213485,0
188585,3.091042453358316,9.25,12.714285714285714,38.5,2.2823823856765264,0.5681818181818182,1
52224,1.9459101490553132,19.4,13.666666666666666,3.5,2.5649493574615367,0.16666666666666666,0
171167,1.791759469228055,6.5,10.0,2.5,2.1972245773362196,0.59375,0
10335,1.791759469228055,24.0,12.6,2.5,2.847812143477369,0.3230769230769231,0
104401,2.4849066497880004,19.7,16.181818181818183,11.0,2.2192034840549946,0.35365853658536583,0
81138,1.9459101490553132,4.0,15.0,3.5,2.451005098112319,0.20754716981132076,0
86886,2.0794415416798357,21.166666666666668,14.0,4.666666666666667,2.4849066497880004,0.3484848484848485,0
202090,3.4339872044851463,12.310344827586206,14.833333333333334,77.5,1.9986801850353775,0.4918918918918919,3
159385,1.6094379124341003,30.0,11.25,1.6666666666666667,2.1594842493533726,0.21739130434782608,0
83477,1.791759469228055,22.5,14.8,2.5,2.224623551524334,0.12121212121212122,0
78771,2.995732273553991,17.0,12.263157894736842,31.666666666666668,1.7443572303334711,0.5176470588235295,3
195914,3.8712010109078907,6.217391304347826,14.893617021276595,188.0,2.601078081550042,0.6951219512195121,1
62952,1.9459101490553132,12.8,14.666666666666666,3.5,2.70805020110221,0.37142857142857144,0
194311,4.143134726391533,5.967213114754099,12.870967741935484,325.5,1.1518163247315742,0.7272727272727273,1
95343,1.791759469228055,30.0,14.8,2.5,2.8622008809294686,0.030303030303030304,0
95473,1.6094379124341003,29.333333333333332,14.5,1.6666666666666667,2.7300291078209855,0.27906976744186046,0
154784,2.9444389791664403,9.529411764705882,17.555555555555557,28.5,1.876316857256118,0.6063829787234043,1
104803,3.6888794541139363,9.447368421052632,12.948717948717949,130.0,2.885976146423127,0.8693623639191291,1
145371,2.995732273553991,9.222222222222221,11.894736842105264,31.666666666666668,2.9056859928692074,0.5659163987138264,1
12538,3.6375861597263857,9.972222222222221,13.054054054054054,117.16666666666667,2.302585092994046,0.8271604938271605,1
66640,3.9318256327243257,7.020408163265306,12.02,212.5,2.3848231912310176,0.6770186335403726,1
184231,2.9444389791664403,11.705882352941176,15.777777777777779,28.5,2.7979984377651497,0.40076335877862596,1
140159,2.4849066497880004,18.6,13.454545454545455,11.0,1.8082887711792655,0.39215686274509803,3
42277,3.6109179126442243,7.257142857142857,11.63888888888889,111.0,2.7545702167371027,0.5883495145631068,1
43943,2.0794415416798357,21.833333333333332,14.285714285714286,4.666666666666667,1.9218125974762528,0.11428571428571428,0
193449,2.3978952727983707,7.666666666666667,13.0,9.166666666666666,1.7147984280919266,0.1951219512195122,0
62030,1.9459101490553132,15.8,6.0,3.5,2.8678989020441064,0.4939759036144578,0
137824,3.58351893845611,10.294117647058824,14.571428571428571,105.0,2.4849066497880004,0.6684491978609626,1
71770,3.044522437723423,15.31578947368421,13.85,35.0,2.4446327506500602,0.5,1
82047,2.639057329615259,6.5,15.307692307692308,15.166666666666666,2.1972245773362196,0.3333333333333333,3
106,1.6094379124341003,9.333333333333334,14.0,1.6666666666666667,2.6855773452501515,0.12195121951219512,0
166955,1.6094379124341003,23.666666666666668,12.75,1.6666666666666667,3.106080330722856,0.21875,0
143931,1.6094379124341003,24.0,10.75,1.6666666666666667,3.060270794691562,0.3770491803278688,0
105377,2.1972245773362196,21.857142857142858,13.5,6.0,2.5199979695992702,0.225,0
48686,2.302585092994046,25.375,12.444444444444445,7.5,2.264363880173848,0.3333333333333333,0
47245,2.8903717578961645,19.9375,13.705882352941176,25.5,3.001962823304627,0.6568627450980392,1
124255,2.4849066497880004,18.8,13.454545454545455,11.0,1.840549633397487,0.18867924528301888,0
77779,2.302585092994046,10.375,11.444444444444445,7.5,3.2337644373619514,0.7076923076923077,1
91554,1.9459101490553132,22.8,13.666666666666666,3.5,2.8213788864092133,0.27848101265822783,0
159467,2.3978952727983707,18.77777777777778,13.0,9.166666666666666,2.7863820443721172,0.3284671532846715,0
100554,1.9459101490553132,29.6,11.333333333333334,3.5,3.0155349008501706,0.5463917525773195,0
122945,2.0794415416798357,24.0,11.714285714285714,4.666666666666667,2.498699971920336,0.208955223880597,0
194358,2.70805020110221,16.53846153846154,15.285714285714286,17.5,2.7482566215802504,0.42105263157894735,1
128550,3.1780538303479458,10.863636363636363,10.869565217391305,46.0,1.6625477377480489,0.7872340425531915,1
40343,1.9459101490553132,20.0,17.833333333333332,3.5,1.9740810260220096,0.7096774193548387,3
49359,3.1354942159291497,8.857142857142858,11.272727272727273,42.166666666666664,2.0853762771996505,0.21621621621621623,0
55385,2.639057329615259,9.666666666666666,16.0,15.166666666666666,2.1972245773362196,0.6145833333333334,3
147264,2.5649493574615367,4.2727272727272725,11.083333333333334,13.0,1.157452788691043,0.8333333333333334,3
94439,3.1780538303479458,14.363636363636363,14.173913043478262,46.0,2.393754480132339,0.6301369863013698,1
23798,2.8903717578961645,9.9375,13.235294117647058,25.5,2.5552874465497997,0.6684210526315789,1
42415,2.70805020110221,13.23076923076923,10.285714285714286,17.5,2.7482566215802504,0.6736842105263158,1
27356,2.1972245773362196,10.142857142857142,12.375,6.0,1.8607523407150066,0.2631578947368421,0
149049,1.791759469228055,14.5,15.0,2.5,1.0116009116784799,0.0,3
173350,2.1972245773362196,19.857142857142858,11.625,6.0,2.639057329615259,0.3956043956043956,0
66114,3.1780538303479458,14.863636363636363,12.347826086956522,46.0,2.6741486494265287,0.5420875420875421,1
57533,1.791759469228055,20.75,10.8,2.5,2.5455312716044354,0.10638297872340426,0
163951,2.70805020110221,26.307692307692307,16.928571428571427,17.5,0.9007865453381898,0.7368421052631579,3
75514,2.5649493574615367,17.90909090909091,10.083333333333334,13.0,2.1129642337184795,0.625,3
70616,2.302585092994046,12.25,13.444444444444445,7.5,1.6582280766035324,0.23529411764705882,3
65966,2.3978952727983707,9.666666666666666,16.7,9.166666666666666,3.065465611568666,0.5434782608695652,1
74803,2.0794415416798357,22.0,12.142857142857142,4.666666666666667,2.5649493574615367,0.2777777777777778,0
172903,1.791759469228055,18.5,16.6,2.5,2.1972245773362196,0.125,0
144117,1.9459101490553132,11.0,15.666666666666666,3.5,2.8094026953624973,0.3717948717948718,0
22020,2.995732273553991,10.222222222222221,12.842105263157896,31.666666666666668,2.3460702049337847,0.6588235294117647,1
9521,1.9459101490553132,30.0,9.833333333333334,3.5,2.174751721484161,0.28205128205128205,0
185124,1.6094379124341003,22.0,10.5,1.6666666666666667,1.8971199848858813,0.23529411764705882,0
78156,1.6094379124341003,27.0,16.0,1.6666666666666667,2.1594842493533726,0.17391304347826086,0
120141,2.1972245773362196,14.571428571428571,14.375,6.0,1.637608789400797,0.3448275862068966,3
154217,3.258096538021482,3.2083333333333335,9.32,54.166666666666664,1.6817585740137266,0.6285714285714286,3
161451,2.639057329615259,13.75,10.076923076923077,15.166666666666666,2.1972245773362196,0.3020833333333333,0
166300,1.9459101490553132,12.8,12.0,3.5,1.2809338454620645,0.15384615384615385,3
51774,2.0794415416798357,18.0,11.571428571428571,4.666666666666667,1.1526795099383853,0.07692307692307693,3
97522,3.912023005428146,7.5625,12.877551020408163,204.16666666666666,1.1526795099383853,0.8076923076923077,1
7678,1.791759469228055,11.5,16.0,2.5,2.5455312716044354,0.3191489361702128,0
160441,4.02535169073515,6.7407407407407405,14.854545454545455,256.6666666666667,2.3636453497552923,0.6134615384615385,1
68074,2.70805020110221,20.153846153846153,13.285714285714286,17.5,1.6691571471357225,0.7321428571428571,3
145044,3.1354942159291497,13.857142857142858,15.636363636363637,42.166666666666664,2.186586179131164,0.572289156626506,3
139435,2.0794415416798357,29.833333333333332,12.0,4.666666666666667,1.4663370687934272,0.75,0
13437,2.0794415416798357,8.666666666666666,12.428571428571429,4.666666666666667,2.0583881324820035,0.21951219512195122,0
200002,2.4849066497880004,12.5,17.454545454545453,11.0,2.639057329615259,0.5846153846153846,0
178884,3.5263605246161616,5.59375,11.969696969696969,93.5,2.5381511643068126,0.6353887399463807,1
187885,1.6094379124341003,26.666666666666668,13.5,1.6666666666666667,2.3353749158170367,0.5,0
171308,2.302585092994046,13.875,10.555555555555555,7.5,2.0149030205422647,0.6346153846153846,3
98391,1.6094379124341003,9.666666666666666,11.75,1.6666666666666667,2.268683541318364,0.19230769230769232,0
43831,2.833213344056216,9.866666666666667,14.8125,22.666666666666668,2.605155777939577,0.6063829787234043,1
146961,2.3978952727983707,17.22222222222222,12.9,9.166666666666666,0.7985076962177716,0.45454545454545453,3
127784,3.367295829986474,12.25925925925926,15.178571428571429,67.66666666666667,2.6013170016324114,0.42136498516320475,1
69064,2.9444389791664403,12.470588235294118,14.444444444444445,28.5,1.3564413979702095,0.6326530612244898,3
153177,2.3978952727983707,15.0,11.3,9.166666666666666,1.791759469228055,0.26666666666666666,0
138778,2.833213344056216,4.2,16.0,22.666666666666668,1.9363406980391626,0.21348314606741572,3
29936,3.4657359027997265,10.566666666666666,13.451612903225806,82.66666666666667,1.916922612182061,0.4367816091954023,1
149183,2.4849066497880004,19.7,16.272727272727273,11.0,0.7884573603642702,0.6666666666666666,3
192138,2.1972245773362196,13.142857142857142,14.0,6.0,2.243744592971112,0.1864406779661017,0
126225,2.3978952727983707,10.88888888888889,17.9,9.166666666666666,2.995732273553991,0.4619883040935672,1
167548,3.367295829986474,12.222222222222221,14.071428571428571,67.66666666666667,2.3636453497552923,0.55,1
30671,1.6094379124341003,30.0,16.5,1.6666666666666667,2.614959778036198,0.18421052631578946,0
60807,4.584967478670572,3.7604166666666665,14.412371134020619,792.1666666666666,1.6720213987358683,0.7397590361445783,2
102234,2.833213344056216,14.533333333333333,13.5625,22.666666666666668,1.8458266904983307,0.4875,3
91333,2.639057329615259,13.666666666666666,11.615384615384615,15.166666666666666,2.359280436670591,0.5304347826086957,1
193804,3.6375861597263857,10.0,16.054054054054053,117.16666666666667,3.1245651453969594,0.7471264367816092,1
56858,2.1972245773362196,11.0,15.75,6.0,2.1316272948504063,0.21153846153846154,0
151579,2.302585092994046,18.125,14.666666666666666,7.5,2.0149030205422647,0.7115384615384616,3
15230,2.772588722239781,18.857142857142858,11.6,20.0,2.639057329615259,0.6703296703296703,1
96204,1.9459101490553132,11.2,13.666666666666666,3.5,2.856470206220483,0.4024390243902439,0
71003,2.639057329615259,17.5,11.923076923076923,15.166666666666666,2.7880929087757464,0.5573770491803278,1
118362,2.639057329615259,23.416666666666668,12.23076923076923,15.166666666666666,2.4277482359480516,0.6693548387096774,0
32910,3.1354942159291497,8.952380952380953,14.909090909090908,42.166666666666664,2.4888670510040973,0.6422413793103449,1
194686,2.0794415416798357,20.833333333333332,13.285714285714286,4.666666666666667,2.662587827025453,0.3625,0
55627,2.3978952727983707,21.666666666666668,14.5,9.166666666666666,2.58189891577531,0.6272727272727273,3
11961,2.70805020110221,13.76923076923077,14.642857142857142,17.5,2.302585092994046,0.24786324786324787,3
56476,2.8903717578961645,17.0,14.764705882352942,25.5,2.720472721100767,0.5859030837004405,1
118978,1.6094379124341003,21.333333333333332,14.75,1.6666666666666667,2.1972245773362196,0.08333333333333333,0
39685,4.007333185232471,6.773584905660377,16.48148148148148,247.5,2.1866870720334335,0.522673031026253,1
122900,2.1972245773362196,26.428571428571427,13.5,6.0,1.6094379124341003,0.21428571428571427,0
101152,1.6094379124341003,30.0,13.75,1.6666666666666667,1.6094379124341003,0.0,0
166022,2.995732273553991,17.055555555555557,12.894736842105264,31.666666666666668,1.2992829841302609,0.4166666666666667,3
175029,4.110873864173311,6.101694915254237,11.516666666666667,305.0,2.1045474628109124,0.8047058823529412,1
105646,3.1780538303479458,6.409090909090909,12.869565217391305,46.0,2.2934526094307732,0.7244897959183674,1
48279,2.0794415416798357,19.833333333333332,10.857142857142858,4.666666666666667,1.9459101490553132,0.4722222222222222,0
25384,4.007333185232471,6.547169811320755,11.944444444444445,247.5,1.7854503000347903,0.6920152091254753,1
177970,3.970291913552122,6.9411764705882355,13.365384615384615,229.66666666666666,1.2776605201170952,0.7954545454545454,1
153766,2.639057329615259,16.0,13.307692307692308,15.166666666666666,2.4423470353692043,0.31746031746031744,0
52641,2.8903717578961645,15.625,15.058823529411764,25.5,2.3690748342628787,0.5870967741935483,1
50359,2.5649493574615367,17.636363636363637,16.083333333333332,13.0,1.8647846042429448,0.26666666666666666,3
36999,2.70805020110221,6.3076923076923075,14.214285714285714,17.5,1.4954936530848826,0.4,3
46763,2.1972245773362196,21.285714285714285,11.0,6.0,1.4880770554298328,0.16666666666666666,0
108618,3.6375861597263857,9.88888888888889,15.0,117.16666666666667,2.868530015981116,0.6739130434782609,1
42725,4.02535169073515,6.7407407407407405,11.945454545454545,256.6666666666667,1.6739764335716716,0.811965811965812,1
185198,3.4339872044851463,12.03448275862069,14.033333333333333,77.5,2.591128863043308,0.5363128491620112,1
129609,3.5553480614894135,1.1515151515151516,12.0,99.16666666666667,2.2934526094307732,0.8537414965986394,1
114007,2.4849066497880004,5.5,12.909090909090908,11.0,2.379546134130174,0.7142857142857143,1
200570,2.4849066497880004,11.9,8.636363636363637,11.0,2.747270914255491,0.6027397260273972,1
54538,3.970291913552122,6.705882352941177,15.076923076923077,229.66666666666666,1.6628857468775133,0.8944954128440367,1
5596,1.791759469228055,10.5,11.6,2.5,2.5257286443082556,0.2391304347826087,0
10046,4.61512051684126,2.919191919191919,12.13,841.6666666666666,1.7679082534058752,0.7983367983367984,2
144227,1.6094379124341003,21.0,14.5,1.6666666666666667,2.538973871058276,0.17142857142857143,0
146054,3.044522437723423,13.789473684210526,13.55,35.0,2.650272400435399,0.452,1
2866,3.6635616461296463,9.432432432432432,12.026315789473685,123.5,1.7643604950399405,0.8156424581005587,1
5936,3.2188758248682006,10.130434782608695,15.375,50.0,3.046590690787482,0.5683297180043384,1
81250,2.302585092994046,15.875,15.444444444444445,7.5,2.431417964837014,0.4457831325301205,1
150849,3.8066624897703196,8.279069767441861,13.545454545454545,165.0,2.769677512032323,0.7822706065318819,1
133009,2.302585092994046,18.0,15.222222222222221,7.5,2.409194828052304,0.2839506172839506,0
50657,1.9459101490553132,12.6,14.5,3.5,2.747270914255491,0.2328767123287671,0
189399,1.791759469228055,30.0,16.2,2.5,1.6582280766035324,0.0,0
55807,2.3978952727983707,26.444444444444443,13.8,9.166666666666666,1.5404450409471488,0.42424242424242425,0
55671,2.833213344056216,21.4,12.75,22.666666666666668,2.268683541318364,0.7153846153846154,0
598,2.1972245773362196,11.0,13.125,6.0,1.3862943611198906,0.2857142857142857,3
142732,1.9459101490553132,13.8,13.5,3.5,2.6100697927420065,0.25396825396825395,0
149443,2.302585092994046,9.25,11.777777777777779,7.5,3.4850788656428575,0.48616600790513836,1
144778,1.6094379124341003,16.0,10.5,1.6666666666666667,2.793208009442517,0.2826086956521739,0
178168,2.833213344056216,14.333333333333334,11.75,22.666666666666668,1.8352445811677938,0.5949367088607594,3
196922,2.772588722239781,12.5,13.466666666666667,20.0,1.9859154836690125,0.625,3
152770,2.639057329615259,11.0,9.76923076923077,15.166666666666666,1.1526795099383853,0.6538461538461539,3
20904,1.791759469228055,13.5,13.2,2.5,2.1972245773362196,0.25,0
84090,2.5649493574615367,18.545454545454547,12.25,13.0,2.875104285765376,0.6141304347826086,1
148433,3.044522437723423,13.578947368421053,11.5,35.0,2.510882136191261,0.4325581395348837,1
198564,4.04305126783455,6.090909090909091,13.660714285714286,266.0,2.7495992040150825,0.8322981366459627,1
194851,1.9459101490553132,20.0,10.5,3.5,2.772588722239781,0.26666666666666666,0
54864,1.791759469228055,23.25,12.8,2.5,2.9831534913471307,0.30666666666666664,0
184711,1.9459101490553132,19.8,13.0,3.5,2.4849066497880004,0.10909090909090909,0
168055,1.6094379124341003,30.0,12.75,1.6666666666666667,2.0794415416798357,0.19047619047619047,0
11040,3.8501476017100584,8.088888888888889,11.304347826086957,180.16666666666666,2.354544831924757,0.682983682983683,1
38078,3.1354942159291497,5.095238095238095,15.772727272727273,42.166666666666664,2.480930501408361,0.5478260869565217,1
73479,2.1972245773362196,14.714285714285714,13.875,6.0,2.0614230361771577,0.14583333333333334,0
197986,1.791759469228055,25.25,13.2,2.5,2.374905754573672,0.2564102564102564,0
8285,2.639057329615259,16.583333333333332,13.461538461538462,15.166666666666666,2.1000608288825715,0.2441860465116279,0
170846,1.791759469228055,14.75,13.6,2.5,0.6931471805599453,0.75,3
30834,1.9459101490553132,28.2,11.5,3.5,2.856470206220483,0.4634146341463415,0
117896,2.9444389791664403,16.0,12.88888888888889,28.5,2.8192758362124346,0.25,0
111475,2.3978952727983707,21.0,15.2,9.166666666666666,1.6739764335716716,0.358974358974359,3
91911,3.7612001156935624,6.2439024390243905,14.285714285714286,150.5,2.7400529321883837,0.632996632996633,1
149487,2.302585092994046,22.0,13.444444444444445,7.5,2.3632097148104805,0.18181818181818182,0
159373,2.995732273553991,10.88888888888889,15.736842105263158,31.666666666666668,1.791759469228055,0.5222222222222223,3
149970,1.791759469228055,11.25,15.0,2.5,2.374905754573672,0.2564102564102564,0
170220,2.4849066497880004,26.2,12.090909090909092,11.0,3.0726933146901194,0.5194174757281553,0
164347,1.791759469228055,18.25,14.2,2.5,2.6567569067146595,0.2641509433962264,0
167104,1.9459101490553132,11.4,13.0,3.5,1.8870696490323797,0.17857142857142858,0
106804,3.8501476017100584,8.022222222222222,12.478260869565217,180.16666666666666,3.443263046947668,0.7637564196625092,1
191832,2.833213344056216,7.266666666666667,13.0625,22.666666666666668,1.5404450409471488,0.6,1
146424,2.3978952727983707,22.666666666666668,15.7,9.166666666666666,2.05127066471314,0.5081967213114754,0
160215,2.4849066497880004,14.0,17.181818181818183,11.0,2.2512917986064953,0.4823529411764706,0
158257,4.343805421853684,4.1866666666666665,14.368421052631579,487.6666666666667,2.1671471220989416,0.8258620689655173,2
104764,4.204692619390966,4.046153846153846,12.893939393939394,368.5,2.013876853186953,0.8459715639810427,2
80488,2.8903717578961645,17.8125,12.823529411764707,25.5,2.1473922035883435,0.6446280991735537,1
181577,2.70805020110221,9.076923076923077,8.928571428571429,17.5,2.7029088016017915,0.574585635359116,1
104299,2.3978952727983707,23.88888888888889,17.1,9.166666666666666,2.1972245773362196,0.4722222222222222,0
39818,3.295836866004329,13.56,13.923076923076923,58.5,2.3978952727983707,0.588,1
24034,3.58351893845611,9.735294117647058,16.228571428571428,105.0,2.908185994171292,0.7028862478777589,1
40794,3.6635616461296463,8.54054054054054,12.710526315789474,123.5,2.1352852778959286,0.6557971014492754,1
110135,1.6094379124341003,23.333333333333332,15.5,1.6666666666666667,2.9618307218783095,0.14545454545454545,0
14635,1.791759469228055,25.25,16.2,2.5,2.169053700369523,0.16129032258064516,0
71920,4.543294782270004,3.9456521739130435,10.989247311827956,728.5,2.137505342634597,0.7965116279069767,2
118184,1.6094379124341003,18.666666666666668,18.0,1.6666666666666667,1.992430164690206,0.05263157894736842,0
46491,2.3978952727983707,18.444444444444443,14.7,9.166666666666666,1.5163474893680884,0.1875,3
67995,1.9459101490553132,29.4,10.333333333333334,3.5,3.288401887516811,0.4728682170542636,0
49647,3.6109179126442243,10.028571428571428,12.055555555555555,111.0,2.5061088574386035,0.5456852791878173,1
164535,1.9459101490553132,22.2,14.666666666666666,3.5,2.0794415416798357,0.2571428571428571,0
132620,1.6094379124341003,26.666666666666668,12.0,1.6666666666666667,2.6855773452501515,0.14634146341463414,0
62287,3.8918202981106265,7.680851063829787,13.083333333333334,196.0,2.9102670893733693,0.6593137254901961,1
191499,1.791759469228055,30.0,13.4,2.5,2.505525936990736,0.06666666666666667,0
36573,2.772588722239781,13.0,12.8,20.0,2.2881963555419462,0.25,0
95657,1.6094379124341003,13.333333333333334,14.75,1.6666666666666667,2.4277482359480516,0.1935483870967742,0
104744,1.791759469228055,26.25,16.8,2.5,3.2676659890376327,0.12871287128712872,0
74546,1.791759469228055,30.0,9.8,2.5,1.791759469228055,0.05,0
47758,1.791759469228055,7.5,8.6,2.5,3.0204248861443626,0.3974358974358974,0
59951,3.367295829986474,5.37037037037037,13.285714285714286,67.66666666666667,3.2999436479569826,0.7645390070921986,1
23180,2.0794415416798357,10.5,11.285714285714286,4.666666666666667,1.2992829841302609,0.3125,3
92148,4.07753744390572,6.105263157894737,12.724137931034482,285.1666666666667,1.6337025344337315,0.7914893617021277,1
166611,1.9459101490553132,9.0,11.333333333333334,3.5,1.8245492920510458,0.23076923076923078,0
93202,1.791759469228055,17.0,15.2,2.5,2.169053700369523,0.3870967741935484,0
181274,2.70805020110221,20.53846153846154,13.142857142857142,17.5,2.2472349979108808,0.2727272727272727,0
83096,1.791759469228055,4.5,16.0,2.5,2.772588722239781,0.18333333333333332,0
34926,2.639057329615259,18.666666666666668,14.76923076923077,15.166666666666666,2.3826278006675823,0.4745762711864407,1
77937,3.332204510175204,11.76923076923077,9.962962962962964,63.0,2.855585641810749,0.5446009389671361,1
142385,1.791759469228055,24.25,9.6,2.5,2.224623551524334,0.45454545454545453,0
86271,3.4657359027997265,11.766666666666667,13.64516129032258,82.66666666666667,2.367123614131617,0.5827586206896552,1
204175,2.70805020110221,9.461538461538462,15.714285714285714,17.5,2.1972245773362196,0.5,3
158427,1.791759469228055,18.5,15.8,2.5,1.9810014688665833,0.44,0
160398,1.6094379124341003,13.333333333333334,13.75,1.6666666666666667,1.9459101490553132,0.1111111111111111,0
171785,3.8712010109078907,6.478260869565218,13.212765957446809,188.0,2.049094385290544,0.5755627009646302,1
54583,1.791759469228055,24.5,12.0,2.5,1.0116009116784799,0.0,3
114631,2.0794415416798357,19.166666666666668,13.142857142857142,4.666666666666667,1.9694406464655074,0.40540540540540543,3
188746,3.2188758248682006,7.043478260869565,15.166666666666666,50.0,1.9944044989939238,0.547945205479452,3
68303,2.3978952727983707,17.88888888888889,15.9,9.166666666666666,3.120895416507997,0.48717948717948717,0
166918,1.9459101490553132,18.2,14.0,3.5,2.0014800002101243,0.03125,0
134068,2.995732273553991,9.777777777777779,14.105263157894736,31.666666666666668,1.800976124332979,0.25274725274725274,3
59732,2.9444389791664403,4.823529411764706,13.722222222222221,28.5,2.2102117728630306,0.39855072463768115,3
164161,2.1972245773362196,17.0,12.875,6.0,1.0986122886681096,0.21428571428571427,3
150368,1.9459101490553132,15.4,13.666666666666666,3.5,1.2237754316221157,0.5,3
80272,2.1972245773362196,22.714285714285715,15.375,6.0,2.043073897508961,0.3829787234042553,0
121432,3.044522437723423,5.526315789473684,15.8,35.0,2.5689897669985418,0.462882096069869,1
95183,2.0794415416798357,18.333333333333332,11.857142857142858,4.666666666666667,2.5520459526256287,0.3380281690140845,0
138281,1.791759469228055,9.75,11.2,2.5,1.6094379124341003,0.0625,0
193165,2.1972245773362196,9.0,11.0,6.0,2.70805020110221,0.2857142857142857,0
184009,2.70805020110221,15.23076923076923,14.928571428571429,17.5,2.7029088016017915,0.4419889502762431,1
41225,2.639057329615259,8.833333333333334,16.076923076923077,15.166666666666666,2.3353749158170367,0.4375,0
23178,2.3978952727983707,18.77777777777778,13.5,9.166666666666666,1.6094379124341003,0.2222222222222222,0
39049,1.791759469228055,25.5,15.2,2.5,0.8109302162163288,0.2,3
32331,1.791759469228055,13.0,14.6,2.5,2.0476928433652555,0.25925925925925924,0
99803,2.4849066497880004,18.8,14.090909090909092,11.0,2.379546134130174,0.21428571428571427,0
94647,2.995732273553991,10.11111111111111,11.368421052631579,31.666666666666668,2.1135745480492942,0.46564885496183206,0
23670,1.6094379124341003,19.666666666666668,15.25,1.6666666666666667,1.4663370687934272,0.4,3
204130,1.6094379124341003,13.333333333333334,14.5,1.6666666666666667,2.120263536200091,0.13636363636363635,0
52476,1.6094379124341003,19.666666666666668,17.0,1.6666666666666667,1.6739764335716716,0.0,3
148914,4.110873864173311,6.1525423728813555,12.4,305.0,3.0825317636904073,0.8737785016286646,1
204825,3.2188758248682006,8.608695652173912,12.875,50.0,2.5309324721832827,0.6278195488721805,1
24700,2.302585092994046,22.5,13.555555555555555,7.5,1.890850371872286,0.2222222222222222,3
14407,3.713572066704308,9.179487179487179,12.15,136.66666666666666,2.824122372354964,0.7686084142394822,1
88321,2.5649493574615367,19.363636363636363,12.333333333333334,13.0,1.0033021088637848,0.5263157894736842,3
39688,3.828641396489095,8.113636363636363,13.333333333333334,172.5,2.3183689606953077,0.5607940446650124,1
179068,1.9459101490553132,13.0,12.833333333333334,3.5,2.4849066497880004,0.34545454545454546,0
123850,2.0794415416798357,23.833333333333332,14.428571428571429,4.666666666666667,2.9618307218783095,0.5636363636363636,0
156646,2.4849066497880004,21.8,14.363636363636363,11.0,2.4849066497880004,0.36363636363636365,0
159805,1.6094379124341003,20.333333333333332,13.25,1.6666666666666667,3.245193133185574,0.0945945945945946,0
76340,2.0794415416798357,23.333333333333332,10.857142857142858,4.666666666666667,2.456735772821304,0.375,0
83356,3.367295829986474,6.962962962962963,13.678571428571429,67.66666666666667,1.6529230243738393,0.5789473684210527,1
92174,4.110873864173311,6.101694915254237,9.6,305.0,1.9885706461980284,0.8091397849462365,1
56700,3.1354942159291497,10.238095238095237,13.863636363636363,42.166666666666664,2.6424529186163968,0.4744525547445255,1
176547,1.791759469228055,25.75,12.0,2.5,2.277267285009756,0.22857142857142856,0
71336,3.912023005428146,7.25,15.408163265306122,204.16666666666666,1.5537490065735118,0.547486033519553,1
116356,1.9459101490553132,14.0,14.0,3.5,1.5686159179138452,0.15789473684210525,3
198348,3.5553480614894135,8.909090909090908,13.058823529411764,99.16666666666667,2.169919126645952,0.65234375,1
98929,3.2188758248682006,9.304347826086957,12.375,50.0,2.980397909553884,0.5395348837209303,1
140878,1.791759469228055,16.0,12.6,2.5,2.5649493574615367,0.3541666666666667,0
117801,1.6094379124341003,10.666666666666666,17.5,1.6666666666666667,1.8458266904983307,0.1875,0
144265,3.044522437723423,7.052631578947368,12.1,35.0,2.368766999875347,0.6141304347826086,1
106580,4.442651256490317,4.36144578313253,11.261904761904763,595.0,2.863233050296867,0.8811086797957695,2
173601,3.2188758248682006,15.391304347826088,11.0,50.0,1.0986122886681096,0.717391304347826,3
143173,2.5649493574615367,20.363636363636363,13.666666666666666,13.0,2.8278514009148306,0.32571428571428573,0
84928,2.995732273553991,5.666666666666667,14.263157894736842,31.666666666666668,2.1972245773362196,0.4930555555555556,3
3212,2.8903717578961645,12.0625,12.588235294117647,25.5,1.989585212557975,0.5643564356435643,3
58348,2.70805020110221,21.846153846153847,12.642857142857142,17.5,1.6835458845878224,0.6140350877192983,3
46494,2.0794415416798357,23.166666666666668,17.0,4.666666666666667,2.751535313041949,0.375,0
109386,2.4849066497880004,20.6,13.090909090909092,11.0,1.6863989535702286,0.38636363636363635,3
162388,3.5553480614894135,6.2727272727272725,11.088235294117647,99.16666666666667,2.5172075945763215,0.601063829787234,1
9556,2.995732273553991,14.944444444444445,12.210526315789474,31.666666666666668,2.4614863755799017,0.46113989637305697,1
177592,2.3978952727983707,20.444444444444443,12.3,9.166666666666666,1.6739764335716716,0.41025641025641024,3
22451,3.4339872044851463,10.758620689655173,11.666666666666666,77.5,2.3724970821927602,0.7163120567375887,1
95076,3.1780538303479458,6.636363636363637,11.869565217391305,46.0,2.592537313980366,0.4852941176470588,1
182335,3.295836866004329,9.24,14.461538461538462,58.5,2.2192034840549946,0.7853658536585366,1
149180,1.791759469228055,30.0,12.6,2.5,2.0794415416798357,0.10714285714285714,0
183592,2.4849066497880004,16.5,13.090909090909092,11.0,2.667228206581955,0.373134328358209,0
153711,3.091042453358316,14.65,13.714285714285714,38.5,2.744060638625243,0.5945017182130584,1
114255,2.8903717578961645,16.6875,13.882352941176471,25.5,2.6345830492203377,0.5893719806763285,1
66633,1.791759469228055,26.25,13.8,2.5,2.327277705584417,0.21621621621621623,0
125940,2.8903717578961645,20.0625,13.058823529411764,25.5,1.8325814637483102,0.6785714285714286,3
171844,4.219507705176107,5.5,17.059701492537314,379.6666666666667,1.8856912890622586,0.5636856368563685,2
131097,2.302585092994046,27.75,11.777777777777779,7.5,1.4170660197866443,0.68,0
155178,2.0794415416798357,19.166666666666668,14.0,4.666666666666667,2.9267394020670396,0.12264150943396226,0
77468,2.639057329615259,10.833333333333334,15.692307692307692,15.166666666666666,2.2335922215070942,0.36,3
133911,3.258096538021482,13.375,10.88,54.166666666666664,2.327277705584417,0.5225225225225225,1
202956,2.772588722239781,11.571428571428571,10.933333333333334,20.0,2.5427262206768266,0.4329268292682927,1
193405,3.5263605246161616,10.53125,14.484848484848484,93.5,2.7468701929517922,0.6659528907922913,1
70965,2.772588722239781,16.428571428571427,15.666666666666666,20.0,2.4171884757330493,0.5384615384615384,0
83811,1.9459101490553132,10.0,13.166666666666666,3.5,1.33500106673234,0.21428571428571427,3
123195,3.258096538021482,14.125,12.2,54.166666666666664,2.5964977151964628,0.5234899328859061,1
30938,3.1354942159291497,12.904761904761905,12.363636363636363,42.166666666666664,2.097141118779237,0.5933333333333334,1
114364,2.0794415416798357,19.666666666666668,15.428571428571429,4.666666666666667,2.268683541318364,0.25,0
64396,2.8903717578961645,6.9375,11.823529411764707,25.5,1.9002401122221249,0.7692307692307693,3
203014,3.2188758248682006,6.304347826086956,13.333333333333334,50.0,2.455492764581707,0.30612244897959184,1
146788,1.6094379124341003,11.666666666666666,12.0,1.6666666666666667,3.120895416507997,0.2153846153846154,0
26931,2.5649493574615367,15.181818181818182,17.25,13.0,2.7019711550258276,0.49673202614379086,0
68159,1.9459101490553132,19.0,15.166666666666666,3.5,1.6486586255873816,0.3333333333333333,3
162046,2.0794415416798357,21.833333333333332,13.857142857142858,4.666666666666667,2.1400661634962708,0.26666666666666666,0
200921,1.791759469228055,15.0,13.0,2.5,2.3513752571634776,0.34210526315789475,0
40009,3.1354942159291497,10.571428571428571,14.318181818181818,42.166666666666664,2.181224235989778,0.6303030303030303,1
67309,2.833213344056216,19.6,15.9375,22.666666666666668,3.1668805297498204,0.46920821114369504,1
115897,1.791759469228055,23.25,13.0,2.5,1.3862943611198906,0.3333333333333333,3
190852,3.295836866004329,9.44,15.461538461538462,58.5,2.4336133554004498,0.7692307692307693,1
187877,1.9459101490553132,12.4,9.833333333333334,3.5,1.916922612182061,0.10344827586206896,0
120056,2.70805020110221,16.692307692307693,13.214285714285714,17.5,2.2141741356499924,0.6886792452830188,1
31805,2.9444389791664403,15.470588235294118,12.333333333333334,28.5,2.3084502124464437,0.44155844155844154,1
989,1.6094379124341003,12.0,11.5,1.6666666666666667,1.992430164690206,0.3684210526315789,3
46523,1.6094379124341003,18.333333333333332,11.5,1.6666666666666667,2.120263536200091,0.045454545454545456,0
42086,3.6109179126442243,10.228571428571428,11.416666666666666,111.0,3.028061160669351,0.7790697674418605,1
128053,1.6094379124341003,22.333333333333332,15.5,1.6666666666666667,2.8903717578961645,0.17647058823529413,0
194696,1.791759469228055,15.5,13.8,2.5,2.169053700369523,0.2903225806451613,0
152278,4.574710978503383,3.8421052631578947,14.427083333333334,776.0,2.2373445711256448,0.8779874213836478,2
50172,3.7376696182833684,9.125,14.048780487804878,143.5,2.044461822783809,0.4684014869888476,1
167689,4.1588830833596715,5.870967741935484,12.126984126984127,336.0,2.244477462186765,0.8680688336520076,2
37029,1.9459101490553132,24.6,11.666666666666666,3.5,1.9740810260220096,0.06451612903225806,0
183641,4.02535169073515,6.722222222222222,14.0,256.6666666666667,2.3911384903354906,0.792910447761194,1
126871,3.4339872044851463,5.931034482758621,11.266666666666667,77.5,2.4378391389300145,0.7656765676567657,1
70635,2.1972245773362196,9.857142857142858,15.625,6.0,2.0794415416798357,0.2857142857142857,0
99203,2.8903717578961645,17.3125,15.705882352941176,25.5,3.0995290672356344,0.7168141592920354,1
33217,2.8903717578961645,18.5625,15.647058823529411,25.5,2.515678308454754,0.5879120879120879,0
95168,1.791759469228055,25.5,17.8,2.5,2.0794415416798357,0.03571428571428571,0
156691,2.70805020110221,15.461538461538462,13.5,17.5,2.503954844758695,0.6095890410958904,1
57020,2.1972245773362196,23.285714285714285,15.5,6.0,1.8827312474337816,0.23076923076923078,3
87127,1.791759469228055,24.25,10.6,2.5,1.5040773967762742,0.5,0
86573,3.044522437723423,16.0,14.6,35.0,3.006203573421286,0.6438356164383562,1
46053,2.995732273553991,16.333333333333332,15.052631578947368,31.666666666666668,2.7760549302162674,0.4575645756457565,1
10473,2.0794415416798357,23.666666666666668,14.571428571428571,4.666666666666667,2.5776883832389665,0.2876712328767123,0
86337,2.302585092994046,18.0,14.0,7.5,2.374905754573672,0.44871794871794873,0
62990,4.454347296253507,4.214285714285714,13.588235294117647,609.1666666666666,2.473933971118525,0.7217962760131434,2
12173,3.7612001156935624,8.878048780487806,14.595238095238095,150.5,1.7998566794606745,0.6811594202898551,1
199833,2.639057329615259,7.25,12.692307692307692,15.166666666666666,2.0037297199441397,0.37662337662337664,0
59967,3.4657359027997265,10.3,12.129032258064516,82.66666666666667,2.278975227354912,0.7452471482889734,1
204601,1.791759469228055,30.0,14.8,2.5,2.1400661634962708,0.23333333333333334,0
195146,2.70805020110221,13.76923076923077,14.571428571428571,17.5,2.4589311633847397,0.33093525179856115,3
60142,2.0794415416798357,27.166666666666668,14.571428571428571,4.666666666666667,1.8191584434161694,0.3225806451612903,0
22060,2.1972245773362196,7.142857142857143,16.0,6.0,2.5427262206768266,0.24390243902439024,0
167693,3.4339872044851463,8.793103448275861,14.2,77.5,2.8961024326051494,0.5604838709677419,1
148221,2.0794415416798357,24.666666666666668,15.428571428571429,4.666666666666667,2.1400661634962708,0.2,0
118038,1.6094379124341003,22.333333333333332,15.5,1.6666666666666667,2.367123614131617,0.27586206896551724,0
12170,1.791759469228055,17.5,13.4,2.5,2.8903717578961645,0.17647058823529413,0
74285,4.330733340286331,4.175675675675675,12.493333333333334,475.0,2.3552288264794674,0.7960339943342776,2
101378,2.772588722239781,9.428571428571429,15.533333333333333,20.0,2.2512917986064953,0.6218487394957983,3
68429,1.6094379124341003,8.666666666666666,14.25,1.6666666666666667,2.120263536200091,0.09090909090909091,0
58769,2.302585092994046,21.125,18.0,7.5,2.339399066116762,0.28,0
62038,2.0794415416798357,12.5,11.714285714285714,4.666666666666667,1.5404450409471488,0.45454545454545453,0
126265,2.0794415416798357,22.666666666666668,14.428571428571429,4.666666666666667,2.120263536200091,0.25,0
104806,2.302585092994046,20.875,8.11111111111111,7.5,3.4735180432417816,0.452,0
98780,2.639057329615259,6.333333333333333,13.307692307692308,15.166666666666666,1.8845412026790211,0.29850746268656714,0
141453,1.9459101490553132,7.2,15.833333333333334,3.5,2.3608540011180215,0.4166666666666667,0
62211,4.060443010546419,6.357142857142857,12.070175438596491,275.5,2.9565829864212394,0.7904015670910872,1
49466,2.772588722239781,17.928571428571427,11.8,20.0,2.9556540499865807,0.5843137254901961,1
141770,2.9444389791664403,6.529411764705882,12.666666666666666,28.5,2.0720614343822135,0.6864406779661016,3
56063,2.833213344056216,14.8,13.3125,22.666666666666668,2.6100697927420065,0.37037037037037035,0
106677,3.2188758248682006,11.391304347826088,15.0,50.0,2.7698676321254205,0.6802325581395349,1
51502,2.4849066497880004,19.2,13.181818181818182,11.0,2.1972245773362196,0.4375,0
165827,2.4849066497880004,6.8,11.727272727272727,11.0,2.5877640352277083,0.4146341463414634,0
76477,2.8903717578961645,12.3125,14.176470588235293,25.5,2.339399066116762,0.42,3
202141,1.9459101490553132,24.8,13.0,3.5,1.5260563034950494,0.1111111111111111,0
151249,2.833213344056216,13.266666666666667,15.3125,22.666666666666668,3.106080330722856,0.375,1
185992,2.3978952727983707,12.444444444444445,18.7,9.166666666666666,2.765620052923688,0.26865671641791045,0
196908,2.3978952727983707,21.0,12.7,9.166666666666666,1.7346010553881064,0.3333333333333333,3
86057,2.995732273553991,8.166666666666666,13.473684210526315,31.666666666666668,3.0338840395183673,0.5617977528089888,1
16854,2.995732273553991,14.055555555555555,13.157894736842104,31.666666666666668,3.120895416507997,0.6846153846153846,1
91111,1.9459101490553132,8.2,7.5,3.5,2.0541237336955462,0.17647058823529413,0
30363,1.6094379124341003,22.333333333333332,19.25,1.6666666666666667,2.9267394020670396,0.32075471698113206,0
173968,4.584967478670572,3.5,10.257731958762887,792.1666666666666,1.3940765015619456,0.3402061855670103,2
174202,2.8903717578961645,16.0625,13.823529411764707,25.5,2.0395956331326364,0.48598130841121495,3
146867,1.9459101490553132,25.0,14.166666666666666,3.5,1.2809338454620645,0.46153846153846156,3
50635,1.9459101490553132,18.0,14.333333333333334,3.5,2.785011242238338,0.09210526315789473,0
191425,2.0794415416798357,24.0,12.571428571428571,4.666666666666667,2.2857779746776643,0.3584905660377358,0
52566,2.639057329615259,10.25,13.923076923076923,15.166666666666666,1.7346010553881064,0.6785714285714286,3
8688,3.1354942159291497,15.857142857142858,9.181818181818182,42.166666666666664,1.3249254147435985,0.5172413793103449,3
60728,2.772588722239781,9.214285714285714,11.866666666666667,20.0,1.5950491749820008,0.6,3
128704,2.639057329615259,14.0,13.846153846153847,15.166666666666666,2.899588413001089,0.470873786407767,1
138873,4.02535169073515,5.462962962962963,14.090909090909092,256.6666666666667,1.9771626925594177,0.5505952380952381,1
126137,2.772588722239781,21.357142857142858,13.266666666666667,20.0,2.429846872604973,0.6482758620689655,0
154097,2.5649493574615367,13.909090909090908,10.083333333333334,13.0,1.9328380674879606,0.12307692307692308,0
112298,2.5649493574615367,19.09090909090909,13.916666666666666,13.0,2.414289082574047,0.5267857142857143,0
104468,2.1972245773362196,22.142857142857142,13.5,6.0,2.330755969960742,0.36923076923076925,0
62871,4.110873864173311,6.186440677966102,11.583333333333334,305.0,3.058945764684528,0.7938230383973289,1
67705,3.7612001156935624,7.2926829268292686,12.452380952380953,150.5,2.644270199803792,0.6044776119402985,1
54197,2.1972245773362196,20.0,9.25,6.0,2.7814776696570274,0.16981132075471697,0
60021,3.091042453358316,10.65,15.571428571428571,38.5,1.8082887711792655,0.6470588235294118,3
179334,2.1972245773362196,13.0,15.625,6.0,2.9667447366807385,0.24031007751937986,0
143032,1.9459101490553132,27.8,15.166666666666666,3.5,1.0986122886681096,0.6,3
97256,2.302585092994046,20.375,12.88888888888889,7.5,2.995732273553991,0.45394736842105265,0
149836,3.332204510175204,5.8076923076923075,13.37037037037037,63.0,1.8718021769015913,0.44755244755244755,1
17395,1.6094379124341003,22.333333333333332,9.25,1.6666666666666667,2.614959778036198,0.05263157894736842,0
157457,1.791759469228055,23.5,16.0,2.5,2.1972245773362196,0.125,0
42275,1.6094379124341003,7.0,15.75,1.6666666666666667,1.6094379124341003,0.16666666666666666,0
46341,3.332204510175204,14.038461538461538,11.814814814814815,63.0,1.6094379124341003,0.6153846153846154,3
58696,3.091042453358316,14.1,15.952380952380953,38.5,2.617395832834079,0.6259842519685039,1
39576,2.302585092994046,24.125,13.777777777777779,7.5,2.7647455447787554,0.24369747899159663,0
197069,1.9459101490553132,27.0,16.0,3.5,2.70805020110221,0.3,0
85683,2.302585092994046,22.25,13.555555555555555,7.5,1.8718021769015913,0.2727272727272727,3
75201,3.7612001156935624,7.951219512195122,14.595238095238095,150.5,2.3867468853157563,0.6370370370370371,1
158036,2.3978952727983707,17.444444444444443,11.3,9.166666666666666,2.2801122371419873,0.26582278481012656,0
2539,3.9512437185814275,6.96,12.07843137254902,221.0,2.2762411176544437,0.7665903890160183,1
198264,3.4657359027997265,10.833333333333334,13.838709677419354,82.66666666666667,2.325650365925042,0.5234657039711191,1
127238,4.127134385045092,6.016666666666667,13.688524590163935,315.1666666666667,2.461012329588564,0.6127527216174183,2
97646,1.791759469228055,21.5,17.8,2.5,2.847812143477369,0.2,0
26896,3.367295829986474,12.592592592592593,12.714285714285714,67.66666666666667,2.660000503460502,0.649025069637883,1
77809,2.639057329615259,6.25,13.076923076923077,15.166666666666666,0.8823891801984738,0.8235294117647058,3
194348,2.639057329615259,18.166666666666668,12.76923076923077,15.166666666666666,1.992430164690206,0.2894736842105263,0
50761,3.2188758248682006,12.73913043478261,15.25,50.0,2.7195777062732773,0.6349693251533742,1
26793,2.0794415416798357,7.5,15.142857142857142,4.666666666666667,3.597312260588446,0.3004694835680751,0
185376,2.4849066497880004,3.6,15.090909090909092,11.0,2.0412203288596382,0.26865671641791045,3
199628,1.6094379124341003,14.333333333333334,10.5,1.6666666666666667,1.791759469228055,0.26666666666666666,0
574,2.5649493574615367,15.181818181818182,14.416666666666666,13.0,2.2749335616635356,0.4479166666666667,3
193857,2.70805020110221,17.384615384615383,14.571428571428571,17.5,2.390877700139724,0.3023255813953488,0
17525,3.9512437185814275,7.22,13.372549019607844,221.0,1.3609765531356006,0.8413793103448276,1
134616,1.6094379124341003,22.666666666666668,12.5,1.6666666666666667,2.662587827025453,0.05,0
3383,1.6094379124341003,22.333333333333332,8.75,1.6666666666666667,2.512305623976115,0.11764705882352941,0
127587,2.995732273553991,13.0,12.894736842105264,31.666666666666668,2.05127066471314,0.5819672131147541,3
107570,2.1972245773362196,18.285714285714285,15.875,6.0,2.316769727986002,0.140625,0
174441,1.6094379124341003,18.666666666666668,11.0,1.6666666666666667,1.7346010553881064,0.21428571428571427,0
173731,2.5649493574615367,17.818181818181817,11.333333333333334,13.0,2.389596469983675,0.4036697247706422,0
162514,2.302585092994046,27.25,17.555555555555557,7.5,2.8903717578961645,0.5367647058823529,0
94156,2.70805020110221,17.307692307692307,15.571428571428571,17.5,1.072636802264849,0.44,3
1924,2.9444389791664403,14.352941176470589,11.055555555555555,28.5,2.010973742402375,0.41818181818181815,0
182034,2.0794415416798357,22.166666666666668,13.142857142857142,4.666666666666667,2.782951509275328,0.3956043956043956,0
100325,4.61512051684126,2.7777777777777777,14.18,841.6666666666666,2.41699544417179,0.5895153313550939,2
182318,2.70805020110221,12.076923076923077,13.928571428571429,17.5,2.2472349979108808,0.2818181818181818,3
139035,2.4849066497880004,24.7,11.636363636363637,11.0,1.8082887711792655,0.5294117647058824,0
117669,3.1780538303479458,12.409090909090908,11.130434782608695,46.0,1.363304842895192,0.390625,0
22600,3.1780538303479458,16.136363636363637,12.217391304347826,46.0,2.0622491411394632,0.9072847682119205,1
119250,2.302585092994046,23.125,12.555555555555555,7.5,2.474435349920705,0.25287356321839083,0
4400,3.8918202981106265,7.446808510638298,14.166666666666666,196.0,2.598741792436799,0.7333333333333333,1
95922,2.3978952727983707,27.11111111111111,14.8,9.166666666666666,2.5902671654458267,0.6216216216216216,0
141205,1.6094379124341003,30.0,14.5,1.6666666666666667,3.1354942159291497,0.24242424242424243,0
4831,2.833213344056216,7.4,13.6875,22.666666666666668,2.533696813957432,0.6206896551724138,1
183523,3.4965075614664802,9.129032258064516,13.71875,88.0,2.3249145693921345,0.548951048951049,1
85615,1.6094379124341003,28.666666666666668,15.5,1.6666666666666667,0.9808292530117262,0.4,3
63698,2.0794415416798357,17.166666666666668,11.285714285714286,4.666666666666667,2.302585092994046,0.35185185185185186,0
195823,1.9459101490553132,24.2,18.166666666666668,3.5,1.9740810260220096,0.0967741935483871,0
63996,3.1354942159291497,16.952380952380953,13.863636363636363,42.166666666666664,1.5198257537444133,0.7333333333333333,3
112514,1.6094379124341003,13.333333333333334,14.75,1.6666666666666667,2.120263536200091,0.2727272727272727,0
158593,2.302585092994046,17.625,12.777777777777779,7.5,2.4849066497880004,0.5,0
131390,1.791759469228055,25.75,16.4,2.5,1.55814461804655,0.06666666666666667,3
114691,3.1780538303479458,14.454545454545455,12.782608695652174,46.0,2.752501963673044,0.6996904024767802,1
69690,1.6094379124341003,16.0,12.5,1.6666666666666667,2.03688192726104,0.15,0
101431,1.791759469228055,13.5,12.6,2.5,1.3862943611198906,0.08333333333333333,3
76201,4.110873864173311,6.169491525423729,14.4,305.0,2.096248659996217,0.5890736342042755,1
52186,2.4849066497880004,21.6,18.09090909090909,11.0,2.128231705849268,0.14864864864864866,3
193481,2.995732273553991,8.666666666666666,15.421052631578947,31.666666666666668,2.751535313041949,0.6287878787878788,1
72816,1.9459101490553132,18.8,9.666666666666666,3.5,2.7343675094195836,0.3055555555555556,0
151972,3.7376696182833684,8.925,14.121951219512194,143.5,1.766441661243765,0.5824742268041238,1
97051,1.791759469228055,22.75,17.0,2.5,1.55814461804655,0.13333333333333333,3
54261,2.302585092994046,18.375,10.444444444444445,7.5,2.031432322493475,0.5849056603773585,3
130019,1.9459101490553132,28.4,13.666666666666666,3.5,2.0794415416798357,0.22857142857142856,0
35512,1.6094379124341003,22.333333333333332,13.25,1.6666666666666667,2.3353749158170367,0.35714285714285715,0
24214,2.302585092994046,13.125,15.333333333333334,7.5,2.639057329615259,0.34615384615384615,3
114414,1.791759469228055,27.25,16.2,2.5,1.6094379124341003,0.1875,0
22325,4.330733340286331,4.891891891891892,12.053333333333333,475.0,2.106109788761997,0.8352059925093633,2
115847,3.784189633918261,8.071428571428571,13.232558139534884,157.66666666666666,2.6424529186163968,0.8485401459854015,1
113814,1.6094379124341003,23.0,15.25,1.6666666666666667,2.793208009442517,0.32608695652173914,0
82705,4.189654742026425,5.578125,13.461538461538462,357.5,1.1977031913123406,0.7297297297297297,1
131934,1.6094379124341003,23.333333333333332,12.0,1.6666666666666667,3.245193133185574,0.21621621621621623,0
139020,2.0794415416798357,20.166666666666668,13.714285714285714,4.666666666666667,2.803360380906535,0.5698924731182796,0
106478,3.044522437723423,17.736842105263158,9.6,35.0,2.3387647495715482,0.7865168539325843,3
177429,2.5649493574615367,19.545454545454547,14.416666666666666,13.0,3.044522437723423,0.5181818181818182,0
179488,2.995732273553991,13.0,14.473684210526315,31.666666666666668,2.941510719387352,0.6253869969040248,1
69724,2.302585092994046,29.125,14.333333333333334,7.5,2.12525107771113,0.576271186440678,0
14238,2.4849066497880004,23.6,16.636363636363637,11.0,1.6486586255873816,0.47619047619047616,3
151943,3.044522437723423,12.0,11.55,35.0,1.9682159065696117,0.6837606837606838,1
163125,2.3978952727983707,17.666666666666668,13.9,9.166666666666666,2.1972245773362196,0.2361111111111111,0
151541,3.258096538021482,12.958333333333334,13.0,54.166666666666664,2.120263536200091,0.5170454545454546,1
85617,1.9459101490553132,29.8,14.833333333333334,3.5,2.9652730660692823,0.30434782608695654,0
112350,2.5649493574615367,12.818181818181818,15.416666666666666,13.0,1.791759469228055,0.4,3
59901,1.6094379124341003,28.666666666666668,11.25,1.6666666666666667,2.7300291078209855,0.13953488372093023,0
112484,1.6094379124341003,30.0,10.25,1.6666666666666667,2.03688192726104,0.05,0
73373,3.295836866004329,10.96,15.23076923076923,58.5,2.1972245773362196,0.5,3
63505,1.9459101490553132,24.8,11.666666666666666,3.5,2.1972245773362196,0.475,0
15157,1.791759469228055,15.0,13.4,2.5,2.0794415416798357,0.5,3
197060,3.295836866004329,12.28,15.846153846153847,58.5,2.318458442150336,0.4978165938864629,1
13483,2.772588722239781,17.857142857142858,14.133333333333333,20.0,2.3648889763302003,0.45185185185185184,3
20239,2.5649493574615367,20.363636363636363,11.583333333333334,13.0,2.9348235204669986,0.5663265306122449,1
66808,2.3978952727983707,24.444444444444443,12.4,9.166666666666666,2.9560670171615593,0.4146341463414634,0
73585,1.6094379124341003,22.0,15.0,1.6666666666666667,1.992430164690206,0.10526315789473684,0
1301,2.639057329615259,21.0,13.692307692307692,15.166666666666666,2.24248116892434,0.504950495049505,0
100007,2.0794415416798357,16.166666666666668,11.0,4.666666666666667,2.120263536200091,0.4772727272727273,0
29748,3.258096538021482,7.791666666666667,14.56,54.166666666666664,1.6582280766035324,0.7941176470588235,1
76441,1.6094379124341003,25.0,14.0,1.6666666666666667,1.791759469228055,0.13333333333333333,0
192145,3.784189633918261,8.571428571428571,15.116279069767442,157.66666666666666,3.077970371790963,0.8735632183908046,1
116692,2.639057329615259,4.0,15.384615384615385,15.166666666666666,2.571339155560308,0.5724137931034483,1
184095,1.6094379124341003,14.333333333333334,10.25,1.6666666666666667,2.456735772821304,0.03125,0
102323,1.791759469228055,15.75,16.0,2.5,2.4203681286504293,0.34146341463414637,0
55344,1.791759469228055,24.25,15.0,2.5,2.8903717578961645,0.36764705882352944,0
56047,3.258096538021482,14.333333333333334,15.72,54.166666666666664,2.519039656157459,0.4744525547445255,1
96922,2.5649493574615367,24.363636363636363,12.0,13.0,1.2396908869280152,0.5555555555555556,0
136232,2.8903717578961645,8.6875,15.294117647058824,25.5,2.094945728215801,0.2982456140350877,3
131219,2.772588722239781,16.785714285714285,12.4,20.0,0.8266785731844679,0.6666666666666666,3
19714,2.639057329615259,16.5,10.538461538461538,15.166666666666666,2.02595285672885,0.6455696202531646,3
165448,2.70805020110221,16.384615384615383,16.214285714285715,17.5,2.325399770760217,0.5333333333333333,0
186215,3.1354942159291497,8.333333333333334,15.590909090909092,42.166666666666664,1.807507826196194,0.8130841121495327,1
114727,1.9459101490553132,21.4,16.166666666666668,3.5,1.8562979903656263,0.1111111111111111,0
41601,2.772588722239781,10.5,17.6,20.0,3.597312260588446,0.7484909456740443,1
26284,2.833213344056216,12.066666666666666,15.75,22.666666666666668,2.151762203259462,0.6666666666666666,3
195444,2.302585092994046,26.0,12.333333333333334,7.5,1.0560526742493137,0.4666666666666667,0
119335,2.1972245773362196,16.285714285714285,9.875,6.0,2.4107986776342782,0.4507042253521127,0
127910,3.367295829986474,9.481481481481481,13.214285714285714,67.66666666666667,2.367123614131617,0.5478927203065134,1
157470,2.8903717578961645,17.125,13.882352941176471,25.5,3.332204510175204,0.6828703703703703,1
206138,2.772588722239781,10.142857142857142,13.0,20.0,2.236139993585893,0.7521367521367521,1
79664,3.5263605246161616,11.3125,14.393939393939394,93.5,1.7047480922384253,0.7638888888888888,1
193408,3.8066624897703196,6.72093023255814,13.818181818181818,165.0,1.5715186775718066,0.8841463414634146,1
6026,2.0794415416798357,21.833333333333332,15.714285714285714,4.666666666666667,2.268683541318364,0.17307692307692307,0
32170,1.6094379124341003,24.333333333333332,13.0,1.6666666666666667,2.8526314299133175,0.20408163265306123,0
54751,1.6094379124341003,17.333333333333332,14.5,1.6666666666666667,2.120263536200091,0.3181818181818182,0
146694,2.833213344056216,17.666666666666668,13.0625,22.666666666666668,1.7227665977411035,0.42028985507246375,3
158723,1.9459101490553132,12.6,14.333333333333334,3.5,2.1041341542702074,0.1111111111111111,0
164387,2.772588722239781,6.214285714285714,14.466666666666667,20.0,2.6339422289484884,0.4419889502762431,1
14962,3.295836866004329,9.88,13.192307692307692,58.5,2.574137783515943,0.6501650165016502,1
106623,3.332204510175204,5.153846153846154,15.37037037037037,63.0,1.739115735742633,0.7131147540983607,1
98730,3.4339872044851463,10.10344827586207,15.266666666666667,77.5,2.570240375095952,0.37714285714285717,1
58265,1.6094379124341003,13.666666666666666,15.75,1.6666666666666667,2.2335922215070942,0.04,0
115803,2.0794415416798357,20.5,14.0,4.666666666666667,2.6741486494265287,0.30864197530864196,0
121341,2.70805020110221,18.384615384615383,14.428571428571429,17.5,2.7182543712764518,0.5380434782608695,1
142343,2.9444389791664403,17.705882352941178,10.777777777777779,28.5,2.348570206235869,0.782608695652174,3
102456,3.6888794541139363,8.68421052631579,13.41025641025641,130.0,3.0532561176921775,0.6505867014341591,1
10076,2.1972245773362196,7.285714285714286,13.625,6.0,3.6375861597263857,0.6216216216216216,1
200628,1.9459101490553132,26.8,12.833333333333334,3.5,2.533696813957432,0.25862068965517243,0
179867,3.4011973816621555,10.357142857142858,11.827586206896552,72.5,2.0704728716970755,0.7061855670103093,1
33344,4.07753744390572,6.350877192982456,13.96551724137931,285.1666666666667,2.229825738711617,0.7526427061310782,1
46425,2.3978952727983707,13.222222222222221,12.6,9.166666666666666,1.992430164690206,0.2631578947368421,0
132647,1.9459101490553132,10.6,12.166666666666666,3.5,2.797281334830153,0.33766233766233766,0
19903,3.332204510175204,12.923076923076923,15.555555555555555,63.0,2.1886408336448278,0.6067961165048543,1
114602,3.8918202981106265,7.0638297872340425,13.8125,196.0,1.781064180111307,0.4870689655172414,1
25799,1.9459101490553132,10.8,11.666666666666666,3.5,2.9549102790337356,0.17582417582417584,0
62729,3.258096538021482,3.6666666666666665,14.44,54.166666666666664,1.45667515788169,0.8227848101265823,1
85080,2.8903717578961645,15.625,12.352941176470589,25.5,1.7600107709134747,0.44155844155844154,3
172289,2.0794415416798357,12.5,15.428571428571429,4.666666666666667,2.5649493574615367,0.20833333333333334,0
59070,1.6094379124341003,29.333333333333332,9.0,1.6666666666666667,1.2992829841302609,0.375,3
32140,1.6094379124341003,20.333333333333332,14.75,1.6666666666666667,2.614959778036198,0.15789473684210525,0
175069,2.302585092994046,0.875,13.666666666666666,7.5,1.3862943611198906,0.125,0
109221,2.1972245773362196,25.571428571428573,14.125,6.0,2.496741107435003,0.1282051282051282,0
139114,2.4849066497880004,21.3,15.090909090909092,11.0,2.2512917986064953,0.6235294117647059,3
126354,3.5263605246161616,7.4375,10.878787878787879,93.5,2.567350318999075,0.8649350649350649,1
175477,2.0794415416798357,9.5,12.0,4.666666666666667,2.319114394945256,0.36363636363636365,0
141066,3.970291913552122,7.1568627450980395,15.942307692307692,229.66666666666666,2.9108576495140963,0.8442437923250564,1
126869,3.1780538303479458,14.681818181818182,12.956521739130435,46.0,1.1994169877900753,0.7647058823529411,3
59477,1.6094379124341003,30.0,18.0,1.6666666666666667,2.5649493574615367,0.3888888888888889,0
118468,2.0794415416798357,20.833333333333332,14.857142857142858,4.666666666666667,2.3353749158170367,0.30357142857142855,0
7555,2.302585092994046,19.5,7.0,7.5,2.302585092994046,0.4722222222222222,0
196761,3.091042453358316,13.55,13.0,38.5,2.4114394979061275,0.32019704433497537,0
178345,2.639057329615259,6.25,12.615384615384615,15.166666666666666,1.8718021769015913,0.3939393939393939,0
49912,2.772588722239781,14.857142857142858,13.733333333333333,20.0,1.074514737089049,0.25925925925925924,3
190756,2.70805020110221,15.76923076923077,13.285714285714286,17.5,2.020018121209035,0.5058823529411764,0
124993,1.791759469228055,15.0,14.6,2.5,1.1786549963416462,0.1111111111111111,3
176639,2.3978952727983707,14.0,13.6,9.166666666666666,2.5902671654458267,0.2882882882882883,0
82411,2.302585092994046,21.0,15.11111111111111,7.5,2.6210388241125804,0.23529411764705882,0
118319,2.4849066497880004,22.3,14.454545454545455,11.0,2.0541237336955462,0.4117647058823529,0
47691,2.70805020110221,11.76923076923077,14.142857142857142,17.5,2.3766930651477676,0.4251968503937008,3
103784,2.833213344056216,14.133333333333333,11.1875,22.666666666666668,1.6486586255873816,0.47619047619047616,3
177729,2.4849066497880004,18.0,11.909090909090908,11.0,1.33500106673234,0.25,3
156824,2.833213344056216,17.0,9.75,22.666666666666668,1.6094379124341003,0.65,3
184948,2.4849066497880004,14.3,13.454545454545455,11.0,1.6094379124341003,0.25,3
2236,1.9459101490553132,22.8,9.0,3.5,1.0296194171811583,0.0,3
23457,2.3978952727983707,15.555555555555555,13.3,9.166666666666666,2.4277482359480516,0.25806451612903225,0
105899,1.6094379124341003,19.333333333333332,13.5,1.6666666666666667,2.2335922215070942,0.28,0
950,2.833213344056216,17.533333333333335,10.5,22.666666666666668,2.2335922215070942,0.8,3
42237,2.3978952727983707,23.11111111111111,12.8,9.166666666666666,2.05127066471314,0.3114754098360656,0
157060,1.6094379124341003,29.666666666666668,14.25,1.6666666666666667,2.456735772821304,0.0625,0
77687,2.833213344056216,16.4,15.5625,22.666666666666668,1.9363406980391626,0.34831460674157305,3
66184,2.9444389791664403,14.470588235294118,14.88888888888889,28.5,2.4700915640028596,0.5271739130434783,1
121361,2.3978952727983707,19.555555555555557,13.1,9.166666666666666,2.245426679154097,0.3815789473684211,0
39831,2.4849066497880004,12.8,13.909090909090908,11.0,2.5416019934645457,0.27350427350427353,0
167309,3.4339872044851463,10.310344827586206,14.033333333333333,77.5,2.7419517527778914,0.6389548693586699,1
79574,1.9459101490553132,18.8,13.0,3.5,2.174751721484161,0.15384615384615385,0
87091,1.791759469228055,26.0,12.4,2.5,2.169053700369523,0.12903225806451613,0
139130,2.3978952727983707,11.11111111111111,18.7,9.166666666666666,2.5301632413761213,0.5576923076923077,0
114734,2.8903717578961645,16.125,12.470588235294118,25.5,2.7448641742249262,0.4034334763948498,0
125247,3.258096538021482,6.583333333333333,15.48,54.166666666666664,1.992430164690206,0.40131578947368424,3
159375,3.4011973816621555,12.821428571428571,8.862068965517242,72.5,2.496741107435003,0.6762820512820513,1
137549,2.0794415416798357,19.333333333333332,13.857142857142858,4.666666666666667,2.302585092994046,0.24074074074074073,0
28845,1.9459101490553132,7.4,13.833333333333334,3.5,2.639057329615259,0.2923076923076923,0
180165,1.6094379124341003,19.0,17.25,1.6666666666666667,2.1972245773362196,0.0,0
77718,3.5553480614894135,10.151515151515152,14.617647058823529,99.16666666666667,2.1904677948733395,0.6679389312977099,1
203134,3.4339872044851463,10.448275862068966,15.4,77.5,1.8744511850731684,0.40625,3
136495,3.5263605246161616,10.875,12.969696969696969,93.5,2.2611118447874707,0.46545454545454545,1
167953,3.091042453358316,13.45,12.952380952380953,38.5,2.5217206229107165,0.6812227074235808,1
106738,2.772588722239781,9.357142857142858,16.6,20.0,1.6236225474260568,0.5964912280701754,3
63840,1.6094379124341003,20.333333333333332,16.25,1.6666666666666667,2.367123614131617,0.034482758620689655,0
92708,2.1972245773362196,23.857142857142858,12.5,6.0,1.637608789400797,0.41379310344827586,3
198955,1.791759469228055,20.5,15.0,2.5,1.55814461804655,0.0,0
22374,2.833213344056216,15.066666666666666,13.1875,22.666666666666668,2.0541237336955462,0.7058823529411765,3
9930,1.6094379124341003,3.6666666666666665,12.25,1.6666666666666667,1.992430164690206,0.10526315789473684,0
104059,2.833213344056216,17.8,12.9375,22.666666666666668,2.7684133508293005,0.39732142857142855,0
96027,2.995732273553991,18.22222222222222,11.842105263157896,31.666666666666668,1.4663370687934272,0.5666666666666667,3
63501,2.70805020110221,10.692307692307692,14.928571428571429,17.5,2.3550315683665883,0.4274193548387097,3
136609,1.9459101490553132,16.8,14.0,3.5,2.174751721484161,0.1794871794871795,0
118507,1.6094379124341003,3.0,11.25,1.6666666666666667,2.538973871058276,0.02857142857142857,0
23078,3.091042453358316,15.2,14.238095238095237,38.5,1.11514159061932,0.5853658536585366,3
97776,2.639057329615259,23.166666666666668,16.46153846153846,15.166666666666666,1.9459101490553132,0.4722222222222222,0
128666,2.70805020110221,18.53846153846154,13.142857142857142,17.5,2.622436448379218,0.45180722891566266,0
99456,1.6094379124341003,30.0,13.75,1.6666666666666667,2.1972245773362196,0.125,0
97177,2.4849066497880004,18.1,14.727272727272727,11.0,2.3978952727983707,0.41,1
185110,2.5649493574615367,13.636363636363637,12.416666666666666,13.0,1.213022639845854,0.4230769230769231,3
55423,4.174387269895637,5.777777777777778,14.34375,346.6666666666667,2.1484344131667874,0.5660377358490566,1
133743,3.4339872044851463,11.586206896551724,14.566666666666666,77.5,2.5271070042783768,0.7964071856287425,1
136142,3.2188758248682006,13.08695652173913,13.708333333333334,50.0,1.76978056250928,0.6607142857142857,1
77251,3.1354942159291497,14.80952380952381,13.318181818181818,42.166666666666664,1.9989026791958238,0.7313432835820896,3
34049,3.2188758248682006,14.08695652173913,12.75,50.0,1.084013489246957,0.6,3
116399,1.6094379124341003,15.0,13.75,1.6666666666666667,3.7689221617874726,0.48031496062992124,0
135114,1.6094379124341003,6.666666666666667,16.25,1.6666666666666667,2.03688192726104,0.2,0
153765,2.4849066497880004,14.7,14.363636363636363,11.0,2.272125885509337,0.3448275862068966,3
14211,2.1972245773362196,22.285714285714285,12.375,6.0,0.8266785731844679,0.4444444444444444,3
171647,3.828641396489095,8.068181818181818,12.977777777777778,172.5,1.4785005549866244,0.5570469798657718,1
206165,3.367295829986474,9.444444444444445,14.392857142857142,67.66666666666667,3.0774829235726835,0.43112701252236135,1
135839,2.5649493574615367,23.454545454545453,11.333333333333334,13.0,2.9773831348857946,0.4097560975609756,0
91286,2.3978952727983707,21.555555555555557,13.8,9.166666666666666,1.3862943611198906,0.5555555555555556,3
118287,2.833213344056216,14.866666666666667,13.3125,22.666666666666668,1.7346010553881064,0.32857142857142857,0
177992,3.4965075614664802,11.64516129032258,11.90625,88.0,3.033711521619207,0.7389885807504079,1
2842,1.791759469228055,18.0,12.0,2.5,2.302585092994046,0.2222222222222222,0
153914,1.9459101490553132,27.2,15.0,3.5,3.044522437723423,0.27,0
76386,3.713572066704308,8.333333333333334,13.7,136.66666666666666,2.3378532318315037,0.5232876712328767,1
139422,3.7612001156935624,6.341463414634147,10.404761904761905,150.5,2.242265302760523,0.7333333333333333,1
101681,2.1972245773362196,23.857142857142858,12.375,6.0,1.6650077635889111,0.0,0
95376,1.6094379124341003,25.666666666666668,13.25,1.6666666666666667,2.8134107167600364,0.1702127659574468,0
65430,3.258096538021482,8.208333333333334,13.12,54.166666666666664,2.394100201829819,0.37656903765690375,1
135393,3.295836866004329,9.56,11.653846153846153,58.5,2.5832425505088623,0.5784313725490197,1
44914,3.713572066704308,9.333333333333334,14.975,136.66666666666666,2.662587827025453,0.7673076923076924,1
8046,3.9318256327243257,4.428571428571429,13.14,212.5,2.2861238159399737,0.9214780600461894,1
16801,1.791759469228055,21.5,17.4,2.5,2.224623551524334,0.18181818181818182,0
149401,3.58351893845611,9.588235294117647,12.371428571428572,105.0,1.7619065060783738,0.29878048780487804,1
203346,2.3978952727983707,5.333333333333333,12.0,9.166666666666666,2.3460702049337847,0.5411764705882353,0
199673,1.6094379124341003,19.0,13.5,1.6666666666666667,1.2992829841302609,0.0,3
155843,4.61512051684126,3.121212121212121,14.0,841.6666666666666,2.086988747315219,0.6552217453505007,2
172870,2.1972245773362196,13.142857142857142,10.125,6.0,2.5538995212749516,0.3493975903614458,0
64415,2.70805020110221,15.23076923076923,15.642857142857142,17.5,1.578185368929996,0.32,3
192350,3.044522437723423,10.263157894736842,14.3,35.0,2.1972245773362196,0.3815789473684211,3
179670,2.1972245773362196,21.428571428571427,15.5,6.0,1.2321436812926323,0.4117647058823529,3
113469,2.0794415416798357,18.333333333333332,13.571428571428571,4.666666666666667,2.793208009442517,0.4891304347826087,0
124094,2.3978952727983707,19.333333333333332,11.7,9.166666666666666,2.172223275130802,0.5857142857142857,0
162406,1.9459101490553132,30.0,15.833333333333334,3.5,2.3978952727983707,0.38,0
45726,3.044522437723423,18.263157894736842,15.05,35.0,3.149130790878695,0.6957547169811321,1
168702,2.5649493574615367,20.545454545454547,13.916666666666666,13.0,2.469639177657212,0.453781512605042,0
38490,2.302585092994046,22.625,15.444444444444445,7.5,2.1972245773362196,0.546875,0
194336,2.772588722239781,18.5,14.4,20.0,2.1231166051824975,0.2912621359223301,0
22520,4.248495242049359,5.1911764705882355,12.985507246376812,402.5,2.3229642553306977,0.6661341853035144,2
99585,2.3978952727983707,7.222222222222222,13.7,9.166666666666666,2.7372493557944724,0.676923076923077,1
57365,2.1972245773362196,23.857142857142858,15.0,6.0,2.302585092994046,0.3333333333333333,0
83117,3.295836866004329,10.84,13.807692307692308,58.5,2.179286876649552,0.49489795918367346,1
24541,3.5263605246161616,8.5625,16.12121212121212,93.5,2.204145020180793,0.6317829457364341,1
5859,2.0794415416798357,18.166666666666668,14.0,4.666666666666667,2.8233610476132043,0.16842105263157894,0
28794,2.639057329615259,22.416666666666668,14.307692307692308,15.166666666666666,2.294216843323529,0.34579439252336447,0
156714,3.912023005428146,7.25,15.387755102040817,204.16666666666666,2.60114528359301,0.659432387312187,1
131557,1.791759469228055,12.75,15.2,2.5,2.2512917986064953,0.058823529411764705,0
28913,2.3978952727983707,19.666666666666668,15.7,9.166666666666666,2.065455299705096,0.3548387096774194,0
153446,2.302585092994046,6.875,13.88888888888889,7.5,2.505525936990736,0.5111111111111111,1
105556,1.6094379124341003,12.333333333333334,13.25,1.6666666666666667,2.1972245773362196,0.2916666666666667,0
186643,1.791759469228055,7.0,15.2,2.5,2.5257286443082556,0.10869565217391304,0
91767,1.791759469228055,29.0,12.8,2.5,1.55814461804655,0.2,0
202767,3.1354942159291497,13.19047619047619,12.045454545454545,42.166666666666664,2.0492277630833393,0.4225352112676056,0
1458,2.0794415416798357,17.0,11.428571428571429,4.666666666666667,1.6739764335716716,0.19230769230769232,0
183766,2.4849066497880004,27.4,10.363636363636363,11.0,1.1631508098056809,0.7272727272727273,0
161899,2.0794415416798357,25.0,16.142857142857142,4.666666666666667,2.0794415416798357,0.30952380952380953,0
17356,3.58351893845611,8.911764705882353,12.228571428571428,105.0,2.1906671767900603,0.5962962962962963,1
94337,1.6094379124341003,14.666666666666666,13.25,1.6666666666666667,2.3353749158170367,0.14285714285714285,0
61628,3.713572066704308,9.0,14.65,136.66666666666666,2.208556143345769,0.5284810126582279,1
120984,2.0794415416798357,22.333333333333332,10.571428571428571,4.666666666666667,0.9162907318741551,0.1111111111111111,3
68034,3.4011973816621555,11.535714285714286,12.758620689655173,72.5,2.2918129960121347,0.6305220883534136,1
136424,3.7376696182833684,8.85,13.097560975609756,143.5,1.5841201044498106,0.7032258064516129,1
86255,2.0794415416798357,23.666666666666668,17.714285714285715,4.666666666666667,2.319114394945256,0.5454545454545454,0
77287,2.0794415416798357,28.833333333333332,12.285714285714286,4.666666666666667,2.3513752571634776,0.19298245614035087,0
198226,2.8903717578961645,18.1875,13.823529411764707,25.5,2.031432322493475,0.3584905660377358,3
205646,2.772588722239781,17.928571428571427,10.8,20.0,1.5656352897757073,0.5849056603773585,3
177550,2.833213344056216,19.333333333333332,15.375,22.666666666666668,2.894068619777491,0.6796875,1
142557,1.9459101490553132,29.4,14.5,3.5,1.5260563034950494,0.2777777777777778,3
45225,1.791759469228055,20.25,14.2,2.5,2.70805020110221,0.30357142857142855,0
65112,3.4011973816621555,12.607142857142858,11.89655172413793,72.5,2.3411187569962886,0.6920152091254753,1
156385,2.639057329615259,19.333333333333332,11.461538461538462,15.166666666666666,1.6739764335716716,0.5192307692307693,3
11700,1.6094379124341003,3.6666666666666665,11.75,1.6666666666666667,0.8472978603872036,0.25,3
62074,1.6094379124341003,1.3333333333333333,5.0,1.6666666666666667,1.8458266904983307,0.1875,3
104569,3.367295829986474,10.037037037037036,14.678571428571429,67.66666666666667,2.309965200291668,0.6244897959183674,1
191874,3.332204510175204,10.73076923076923,15.25925925925926,63.0,2.5825451193519164,0.7515723270440252,1
8751,2.302585092994046,8.75,16.88888888888889,7.5,3.130044611161585,0.4514285714285714,1
6380,1.791759469228055,29.75,16.8,2.5,1.791759469228055,0.05,0
93724,2.4849066497880004,11.4,15.181818181818182,11.0,2.4423470353692043,0.5523809523809524,3
154473,1.791759469228055,13.25,15.4,2.5,2.4423470353692043,0.14285714285714285,0
204350,2.639057329615259,17.416666666666668,14.76923076923077,15.166666666666666,1.9095425048844383,0.4057971014492754,3
84465,3.367295829986474,10.74074074074074,13.571428571428571,67.66666666666667,2.4012566205010755,0.5756457564575646,1
189186,1.6094379124341003,27.666666666666668,10.25,1.6666666666666667,1.3862943611198906,0.2222222222222222,3
122691,2.0794415416798357,24.833333333333332,14.571428571428571,4.666666666666667,2.412933150162911,0.32786885245901637,0
186190,1.9459101490553132,20.0,14.5,3.5,2.772588722239781,0.21333333333333335,0
85236,1.791759469228055,15.25,15.2,2.5,1.6582280766035324,0.058823529411764705,3
173204,1.6094379124341003,30.0,14.0,1.6666666666666667,2.1972245773362196,0.041666666666666664,0
185150,3.332204510175204,11.615384615384615,12.0,63.0,2.652700106019045,0.749271137026239,1
205708,2.639057329615259,4.25,10.153846153846153,15.166666666666666,2.6210388241125804,0.39869281045751637,0
66575,2.3978952727983707,12.777777777777779,14.5,9.166666666666666,3.0122615755052013,0.4942528735632184,1
128485,1.791759469228055,25.5,18.0,2.5,2.374905754573672,0.07692307692307693,0
87921,2.1972245773362196,15.714285714285714,15.5,6.0,2.1972245773362196,0.5892857142857143,3
172249,2.4849066497880004,21.2,13.454545454545455,11.0,1.7404661748405044,0.2978723404255319,3
204984,3.044522437723423,18.263157894736842,14.45,35.0,2.612389082533097,0.5916666666666667,1
183518,1.9459101490553132,24.4,12.0,3.5,2.2192034840549946,0.3902439024390244,0
157264,3.8501476017100584,7.088888888888889,14.826086956521738,180.16666666666666,2.779509165084355,0.5838235294117647,1
73658,1.6094379124341003,6.0,12.0,1.6666666666666667,1.6094379124341003,0.08333333333333333,0
14783,1.791759469228055,15.5,12.2,2.5,1.8718021769015913,0.45454545454545453,3
190256,1.791759469228055,30.0,17.6,2.5,1.6582280766035324,0.11764705882352941,0
59291,3.2188758248682006,13.0,13.416666666666666,50.0,2.581533485477072,0.608540925266904,1
111854,2.639057329615259,12.083333333333334,11.692307692307692,15.166666666666666,1.6582280766035324,0.21568627450980393,0
31956,2.1972245773362196,21.857142857142858,14.75,6.0,2.097141118779237,0.64,3
197446,1.6094379124341003,21.0,13.0,1.6666666666666667,1.791759469228055,0.0,0
40394,2.0794415416798357,25.166666666666668,16.142857142857142,4.666666666666667,1.252762968495368,0.06666666666666667,3
54568,2.3978952727983707,9.777777777777779,17.1,9.166666666666666,1.2039728043259361,0.5238095238095238,3
199860,2.1972245773362196,6.285714285714286,14.375,6.0,1.9661128563728327,0.16279069767441862,0
84798,1.6094379124341003,26.333333333333332,13.25,1.6666666666666667,1.791759469228055,0.06666666666666667,0
128960,2.302585092994046,24.5,14.555555555555555,7.5,2.5455312716044354,0.1702127659574468,0
18759,2.8903717578961645,15.875,13.117647058823529,25.5,2.431417964837014,0.42168674698795183,0
178942,2.639057329615259,24.25,11.692307692307692,15.166666666666666,1.2286654169163074,0.3448275862068966,3
178290,2.639057329615259,10.666666666666666,13.846153846153847,15.166666666666666,2.7777835391168852,0.6132596685082873,1
188535,2.4849066497880004,11.9,11.818181818181818,11.0,1.6486586255873816,0.8571428571428571,3
45138,2.772588722239781,16.428571428571427,14.866666666666667,20.0,2.466888144285322,0.47019867549668876,1
140476,2.70805020110221,8.538461538461538,15.071428571428571,17.5,2.2870809064580806,0.2782608695652174,3
119645,3.1780538303479458,12.318181818181818,16.347826086956523,46.0,2.2608156801177506,0.47619047619047616,1
20918,1.6094379124341003,26.666666666666668,13.5,1.6666666666666667,2.614959778036198,0.3684210526315789,0
138948,4.330733340286331,4.824324324324325,13.76,475.0,2.48152255180376,0.7127003699136868,2
170234,2.639057329615259,19.166666666666668,15.0,15.166666666666666,1.4853852637641214,0.36585365853658536,3
198192,2.833213344056216,9.533333333333333,14.5,22.666666666666668,2.7386871705641,0.4055299539170507,1
124168,2.0794415416798357,13.666666666666666,11.142857142857142,4.666666666666667,0.9808292530117262,0.5,3
86483,2.0794415416798357,21.166666666666668,14.571428571428571,4.666666666666667,3.0524276172305362,0.5289256198347108,0
185292,2.0794415416798357,6.333333333333333,14.571428571428571,4.666666666666667,2.8716796248840124,0.33,0
30431,3.044522437723423,10.526315789473685,10.85,35.0,1.5664205273504095,0.3888888888888889,0
14286,1.6094379124341003,12.666666666666666,15.75,1.6666666666666667,2.9789251552376097,0.07142857142857142,0
31839,1.6094379124341003,12.666666666666666,12.75,1.6666666666666667,2.639057329615259,0.23076923076923078,0
133671,3.2188758248682006,13.217391304347826,13.333333333333334,50.0,2.302585092994046,0.7053140096618358,1
52913,1.6094379124341003,21.666666666666668,13.75,1.6666666666666667,2.456735772821304,0.34375,0
101933,3.8918202981106265,6.0212765957446805,11.854166666666666,196.0,2.523172187866954,0.7588126159554731,1
174823,3.1780538303479458,13.727272727272727,14.608695652173912,46.0,1.462834438242225,0.5616438356164384,1
189805,3.091042453358316,17.05,12.19047619047619,38.5,2.0215475632609334,0.4732824427480916,0
199304,2.302585092994046,15.375,13.11111111111111,7.5,2.7957557815213154,0.3008130081300813,0
68458,2.4849066497880004,20.9,13.181818181818182,11.0,2.424802725718295,0.5922330097087378,0
28406,1.791759469228055,25.75,9.0,2.5,1.4469189829363254,0.3076923076923077,3
65412,2.302585092994046,24.125,13.666666666666666,7.5,2.211017899468555,0.36923076923076925,0
107357,1.6094379124341003,23.333333333333332,12.0,1.6666666666666667,0.8472978603872036,0.25,3
168588,2.0794415416798357,8.166666666666666,13.285714285714286,4.666666666666667,1.2992829841302609,0.125,3
34908,2.833213344056216,15.733333333333333,16.0,22.666666666666668,1.698669046162043,0.44776119402985076,3
200785,3.044522437723423,16.894736842105264,15.6,35.0,2.118156053860526,0.6258992805755396,1
134637,2.9444389791664403,10.764705882352942,12.055555555555555,28.5,2.7119641004233466,0.4351464435146444,1
47810,2.0794415416798357,24.666666666666668,16.285714285714285,4.666666666666667,1.3862943611198906,0.5555555555555556,3
196291,2.0794415416798357,26.833333333333332,14.142857142857142,4.666666666666667,2.03688192726104,0.2,0
110731,3.091042453358316,14.2,11.523809523809524,38.5,2.2407096892759584,0.2976190476190476,0
15346,2.0794415416798357,26.666666666666668,13.428571428571429,4.666666666666667,3.1780538303479458,0.21739130434782608,0
42694,1.6094379124341003,20.333333333333332,15.75,1.6666666666666667,1.6739764335716716,0.07692307692307693,3
4299,3.6635616461296463,8.378378378378379,13.578947368421053,123.5,2.4528672960433835,0.6539440203562341,1
39740,2.5649493574615367,8.545454545454545,14.0,13.0,2.4619171315633013,0.3644067796610169,3
63174,2.302585092994046,3.375,13.88888888888889,7.5,1.6582280766035324,0.5882352941176471,3
176323,1.9459101490553132,20.2,15.333333333333334,3.5,2.4159137783010487,0.21568627450980393,0
88658,1.9459101490553132,21.6,14.833333333333334,3.5,2.5649493574615367,0.31666666666666665,0
8607,1.6094379124341003,20.666666666666668,13.5,1.6666666666666667,3.378724525810097,0.2823529411764706,0
27167,1.9459101490553132,12.4,10.5,3.5,2.995732273553991,0.3473684210526316,0
164477,2.4849066497880004,8.0,12.272727272727273,11.0,2.4765384001174837,0.5137614678899083,0
81135,1.791759469228055,18.0,11.8,2.5,2.5649493574615367,0.3541666666666667,0
133309,2.0794415416798357,28.166666666666668,17.0,4.666666666666667,2.2512917986064953,0.27450980392156865,0
2628,3.1354942159291497,10.333333333333334,15.590909090909092,42.166666666666664,2.934363327177699,0.3502673796791444,1
135585,1.9459101490553132,5.4,9.166666666666666,3.5,2.760009940032921,0.28378378378378377,0
185527,2.833213344056216,12.8,11.625,22.666666666666668,3.147021721100217,0.6467065868263473,1
132392,2.3978952727983707,21.11111111111111,15.1,9.166666666666666,2.3877429013343527,0.3146067415730337,0
62164,1.791759469228055,23.0,10.4,2.5,3.1780538303479458,0.22826086956521738,0
154234,1.6094379124341003,23.666666666666668,10.25,1.6666666666666667,2.793208009442517,0.043478260869565216,0
52563,1.6094379124341003,10.666666666666666,11.75,1.6666666666666667,1.8458266904983307,0.125,0
114925,3.6635616461296463,8.756756756756756,10.447368421052632,123.5,1.5130460667590344,0.7786259541984732,1
75393,3.1780538303479458,13.318181818181818,11.695652173913043,46.0,2.5993170009657445,0.6788321167883211,1
10309,3.091042453358316,17.55,14.714285714285714,38.5,2.2512917986064953,0.6176470588235294,1
2000,2.4849066497880004,9.6,15.909090909090908,11.0,1.7749523509116738,0.3877551020408163,0
21647,3.6635616461296463,5.45945945945946,14.894736842105264,123.5,2.593639849924466,0.6768558951965066,1
142757,3.091042453358316,9.2,15.238095238095237,38.5,2.7631695003232895,0.6195286195286195,1
120222,3.8712010109078907,7.3478260869565215,12.191489361702128,188.0,2.249000846859939,0.44358974358974357,1
48118,2.0794415416798357,13.0,11.285714285714286,4.666666666666667,1.8718021769015913,0.48484848484848486,0
127883,3.1354942159291497,13.285714285714286,13.181818181818182,42.166666666666664,1.2039728043259361,0.5714285714285714,3
19292,2.1972245773362196,23.428571428571427,11.625,6.0,2.228477120840324,0.4827586206896552,0
195179,1.9459101490553132,21.6,11.333333333333334,3.5,1.2809338454620645,0.0,3
203013,2.4849066497880004,14.3,13.727272727272727,11.0,2.4765384001174837,0.28440366972477066,0
111097,1.6094379124341003,25.0,14.0,1.6666666666666667,2.8903717578961645,0.1568627450980392,0
92290,1.9459101490553132,12.0,10.333333333333334,3.5,2.128231705849268,0.35135135135135137,0
178620,2.5649493574615367,19.818181818181817,18.166666666666668,13.0,2.355694918307994,0.5523809523809524,0
123813,1.9459101490553132,20.6,12.5,3.5,1.7578579175523736,0.5,0
121990,3.367295829986474,9.074074074074074,11.821428571428571,67.66666666666667,3.184207695922324,0.5984,1
115618,2.302585092994046,20.75,15.88888888888889,7.5,2.976804263668472,0.47651006711409394,0
172043,2.0794415416798357,17.333333333333332,10.142857142857142,4.666666666666667,1.8971199848858813,0.058823529411764705,0
80966,3.295836866004329,5.88,15.615384615384615,58.5,2.639057329615259,0.6676923076923077,1
179155,2.772588722239781,4.928571428571429,17.866666666666667,20.0,2.391380591777177,0.6906474820143885,1
162616,3.4965075614664802,10.35483870967742,14.8125,88.0,2.946135332414619,0.7191413237924866,1
147185,2.5649493574615367,13.363636363636363,10.833333333333334,13.0,1.8787708462176849,0.3114754098360656,0
89135,2.5649493574615367,15.818181818181818,11.083333333333334,13.0,2.477302050402781,0.5583333333333333,1
84963,1.9459101490553132,25.4,15.0,3.5,3.1612467120315646,0.3008849557522124,0
168249,1.791759469228055,14.75,12.8,2.5,1.5040773967762742,0.07142857142857142,3
178491,4.04305126783455,6.527272727272727,14.196428571428571,266.0,1.055261847794496,0.4174757281553398,1
120969,3.2188758248682006,13.956521739130435,14.333333333333334,50.0,1.635190408536515,0.3894736842105263,3
129755,4.204692619390966,5.6,14.742424242424242,368.5,2.531251824964366,0.7446808510638298,2
89468,2.8903717578961645,18.625,11.588235294117647,25.5,2.409194828052304,0.24074074074074073,0
45561,2.4849066497880004,19.6,16.181818181818183,11.0,2.302585092994046,0.4444444444444444,0
183627,1.791759469228055,23.5,11.6,2.5,2.5455312716044354,0.3617021276595745,0
103347,1.791759469228055,22.25,17.8,2.5,2.917770732084279,0.2714285714285714,0
183492,2.639057329615259,11.666666666666666,11.153846153846153,15.166666666666666,2.277267285009756,0.5904761904761905,1
133488,3.8501476017100584,7.355555555555555,14.41304347826087,180.16666666666666,2.580216829592325,0.5537340619307832,1
42011,1.791759469228055,24.25,17.2,2.5,1.9095425048844383,0.08695652173913043,0
81676,3.784189633918261,5.166666666666667,12.883720930232558,157.66666666666666,2.371577964480997,0.6593137254901961,1
184289,3.8918202981106265,7.74468085106383,13.729166666666666,196.0,2.5876040480263427,0.6262975778546713,1
59442,3.4011973816621555,7.357142857142857,14.586206896551724,72.5,2.1731270257571587,0.5045871559633027,3
188323,2.772588722239781,12.0,11.0,20.0,2.243744592971112,0.3135593220338983,0
150497,1.9459101490553132,13.8,15.833333333333334,3.5,2.174751721484161,0.5897435897435898,3
197934,1.6094379124341003,16.666666666666668,12.75,1.6666666666666667,2.5902671654458267,0.13513513513513514,0
131394,1.9459101490553132,26.6,13.333333333333334,3.5,3.144152278672264,0.5405405405405406,0
77141,2.0794415416798357,18.666666666666668,17.285714285714285,4.666666666666667,2.8526314299133175,0.3877551020408163,0
97571,1.9459101490553132,22.8,14.833333333333334,3.5,2.174751721484161,0.1794871794871795,0
42711,4.61512051684126,2.9393939393939394,11.68,841.6666666666666,1.67018136260312,0.7681498829039812,2
96810,1.6094379124341003,24.666666666666668,12.25,1.6666666666666667,2.5649493574615367,0.3333333333333333,0
126757,4.1588830833596715,5.790322580645161,13.904761904761905,336.0,2.6062675067922676,0.7005141388174807,2
91194,2.3978952727983707,7.111111111111111,10.9,9.166666666666666,2.1972245773362196,0.75,3
36173,1.791759469228055,5.25,14.0,2.5,3.16758253048065,0.25274725274725274,0
200136,3.1354942159291497,13.428571428571429,13.272727272727273,42.166666666666664,1.7090677533829417,0.3894736842105263,3
29937,1.6094379124341003,16.666666666666668,13.0,1.6666666666666667,1.8971199848858813,0.29411764705882354,0
124987,2.0794415416798357,15.5,12.714285714285714,4.666666666666667,2.538973871058276,0.38571428571428573,0
196392,3.295836866004329,13.88,15.23076923076923,58.5,2.2741856184723477,0.5642201834862385,1
104363,2.0794415416798357,22.166666666666668,12.428571428571429,4.666666666666667,2.0794415416798357,0.2619047619047619,0
134551,3.6375861597263857,9.444444444444445,13.675675675675675,117.16666666666667,2.02595285672885,0.4936708860759494,1
145795,1.9459101490553132,8.0,18.0,3.5,2.580216829592325,0.14754098360655737,0
55289,1.791759469228055,17.75,12.4,2.5,2.3978952727983707,0.15,0
156509,1.791759469228055,23.0,8.8,2.5,1.6094379124341003,0.0,0
156791,3.713572066704308,8.051282051282051,12.475,136.66666666666666,1.4781019103730133,0.696969696969697,1
112084,2.0794415416798357,17.333333333333332,10.285714285714286,4.666666666666667,2.4423470353692043,0.1746031746031746,0
195478,3.58351893845611,9.823529411764707,12.4,105.0,1.0586069540544105,0.5625,3
145537,2.995732273553991,13.61111111111111,13.105263157894736,31.666666666666668,2.953172659135195,0.5076452599388379,1
160622,2.3978952727983707,18.88888888888889,13.9,9.166666666666666,1.236762627148927,0.7727272727272727,3
112384,1.791759469228055,9.75,9.8,2.5,2.3513752571634776,0.13157894736842105,0
17472,4.060443010546419,5.714285714285714,12.403508771929825,275.5,2.6900316955995316,0.6423927178153446,1
7256,3.091042453358316,9.15,14.952380952380953,38.5,2.322387720290225,0.6304347826086957,1
150730,2.995732273553991,18.5,12.052631578947368,31.666666666666668,2.762117422372486,0.4232209737827715,0
169449,2.639057329615259,7.083333333333333,12.076923076923077,15.166666666666666,2.751535313041949,0.5965909090909091,1
169979,1.6094379124341003,22.333333333333332,15.25,1.6666666666666667,2.639057329615259,0.07692307692307693,0
144903,2.302585092994046,25.875,12.0,7.5,2.315007612992603,0.136986301369863,0
51831,1.6094379124341003,30.0,14.75,1.6666666666666667,2.302585092994046,0.1111111111111111,0
24690,2.5649493574615367,17.727272727272727,14.166666666666666,13.0,2.1129642337184795,0.3625,0
151468,1.791759469228055,15.5,18.8,2.5,1.9810014688665833,0.16,0
203931,4.007333185232471,6.754716981132075,15.277777777777779,247.5,2.0794415416798357,0.6091644204851752,1
196917,1.6094379124341003,11.666666666666666,11.75,1.6666666666666667,2.662587827025453,0.275,0
130549,2.5649493574615367,16.363636363636363,14.416666666666666,13.0,1.067840630001356,0.42857142857142855,3
197229,1.6094379124341003,29.666666666666668,10.5,1.6666666666666667,1.2992829841302609,0.375,0
109794,3.4011973816621555,11.5,16.551724137931036,72.5,2.880401585576315,0.6539278131634819,1
24779,1.6094379124341003,20.666666666666668,19.25,1.6666666666666667,1.8458266904983307,0.1875,0
108246,2.3978952727983707,25.77777777777778,17.5,9.166666666666666,1.0986122886681096,0.4444444444444444,3
104256,3.9512437185814275,7.3,15.352941176470589,221.0,3.1587011018321305,0.6220053238686779,1
160249,1.9459101490553132,9.8,15.0,3.5,2.028148247292285,0.30303030303030304,0
61485,2.5649493574615367,1.3636363636363635,14.416666666666666,13.0,2.499944527152541,0.15447154471544716,0
25247,3.367295829986474,7.111111111111111,12.25,67.66666666666667,2.3281806401830094,0.504,1
2234,2.833213344056216,10.533333333333333,10.875,22.666666666666668,1.7107904066943878,0.4117647058823529,0
147111,2.8903717578961645,7.0,13.764705882352942,25.5,3.062222014822824,0.6257668711656442,1
52517,2.833213344056216,4.133333333333334,17.3125,22.666666666666668,1.955388893009857,0.6043956043956044,1
71254,2.3978952727983707,13.666666666666666,9.8,9.166666666666666,2.5734600471294455,0.47706422018348627,0
25469,2.3978952727983707,8.0,13.4,9.166666666666666,1.8101086078962516,0.7391304347826086,3
163636,2.1972245773362196,10.285714285714286,13.0,6.0,3.077970371790963,0.5310344827586206,1
125432,3.713572066704308,7.3076923076923075,16.15,136.66666666666666,1.4178427188548166,0.6639344262295082,1
194712,2.995732273553991,14.0,14.421052631578947,31.666666666666668,2.6026896854443837,0.5288888888888889,1
201218,1.9459101490553132,14.8,14.5,3.5,2.3978952727983707,0.44,0
98444,3.912023005428146,5.145833333333333,10.938775510204081,204.16666666666666,2.9256227073669643,0.7863046044864227,1
86982,2.302585092994046,7.375,14.333333333333334,7.5,2.45315795147342,0.3764705882352941,1
205585,2.8903717578961645,19.3125,11.0,25.5,1.4321038971511848,0.5490196078431373,3
120744,2.70805020110221,15.692307692307692,18.642857142857142,17.5,2.390877700139724,0.4418604651162791,0
30190,2.833213344056216,14.933333333333334,15.8125,22.666666666666668,1.992430164690206,0.3894736842105263,3
99034,2.4849066497880004,15.1,13.636363636363637,11.0,1.7047480922384253,0.3333333333333333,3
93229,1.9459101490553132,17.6,17.5,3.5,2.379546134130174,0.08163265306122448,0
20825,2.833213344056216,15.4,11.375,22.666666666666668,2.403937587254333,0.41721854304635764,0
61194,3.9512437185814275,7.26,14.647058823529411,221.0,2.21046980408624,0.6527093596059114,1
185331,3.8066624897703196,8.348837209302326,12.704545454545455,165.0,2.5041010970441473,0.7453416149068323,1
102107,2.302585092994046,21.375,12.0,7.5,1.1786549963416462,0.6666666666666666,3
70375,2.0794415416798357,25.166666666666668,12.714285714285714,4.666666666666667,1.2039728043259361,0.35714285714285715,3
7924,3.8501476017100584,7.377777777777778,15.782608695652174,180.16666666666666,2.3503164958152354,0.7377049180327869,1
2768,2.4849066497880004,15.4,15.272727272727273,11.0,3.3214324131932926,0.5917602996254682,1
167388,2.639057329615259,15.083333333333334,11.923076923076923,15.166666666666666,2.842969519001581,0.4587628865979381,1
127433,2.5649493574615367,23.545454545454547,14.916666666666666,13.0,2.389596469983675,0.1559633027522936,0
85419,2.1972245773362196,23.857142857142858,13.5,6.0,2.2129729343043585,0.6666666666666666,0
103848,1.6094379124341003,14.333333333333334,17.25,1.6666666666666667,3.106080330722856,0.203125,0
165659,2.3978952727983707,17.666666666666668,19.2,9.166666666666666,2.1594842493533726,0.5797101449275363,0
99808,2.639057329615259,6.583333333333333,14.76923076923077,15.166666666666666,2.691243082785829,0.3515151515151515,1
109584,2.833213344056216,4.666666666666667,15.9375,22.666666666666668,2.9373966965410276,0.7126865671641791,1
188244,2.0794415416798357,14.5,13.142857142857142,4.666666666666667,2.1400661634962708,0.6666666666666666,3
178154,3.6635616461296463,9.486486486486486,16.263157894736842,123.5,1.379514674134512,0.7909090909090909,1
100517,1.9459101490553132,19.2,18.166666666666668,3.5,2.128231705849268,0.4594594594594595,0
139350,2.1972245773362196,24.0,17.5,6.0,3.0239031505206873,0.35766423357664234,0
134376,2.833213344056216,14.4,13.6875,22.666666666666668,2.174751721484161,0.4700854700854701,3
72452,2.995732273553991,14.88888888888889,15.894736842105264,31.666666666666668,2.093234863812172,0.5546875,3
93557,2.1972245773362196,20.857142857142858,12.375,6.0,2.6692103677859462,0.39361702127659576,0
161402,2.1972245773362196,19.285714285714285,12.75,6.0,3.0845277723371223,0.4726027397260274,0
88740,1.6094379124341003,28.0,16.5,1.6666666666666667,1.2992829841302609,0.25,3
71966,3.4339872044851463,5.0,15.466666666666667,77.5,1.8744511850731684,0.74375,1
104393,2.639057329615259,18.5,15.461538461538462,15.166666666666666,2.178532444324067,0.5425531914893617,0
29161,2.4849066497880004,22.5,11.818181818181818,11.0,2.5726122302071057,0.3305785123966942,0
94274,1.9459101490553132,12.0,14.5,3.5,2.322387720290225,0.1956521739130435,0
190833,2.4849066497880004,16.7,15.0,11.0,2.1162555148025524,0.1917808219178082,3
190804,1.6094379124341003,30.0,17.75,1.6666666666666667,1.9459101490553132,0.0,0
87404,1.791759469228055,12.0,13.6,2.5,1.4469189829363254,0.23076923076923078,3
3677,2.302585092994046,9.5,12.0,7.5,2.6026896854443837,0.31,0
128814,2.833213344056216,14.133333333333333,12.5,22.666666666666668,1.4028236630711013,0.6956521739130435,3
143595,2.5649493574615367,19.636363636363637,16.916666666666668,13.0,2.381228220313159,0.6759259259259259,0
75557,1.791759469228055,19.75,15.0,2.5,2.583997552432231,0.061224489795918366,0
58486,2.4849066497880004,18.6,14.272727272727273,11.0,3.3568971227655755,0.5487364620938628,0
140876,2.1972245773362196,16.571428571428573,14.625,6.0,2.6984807500860595,0.4639175257731959,1
180141,3.7376696182833684,6.825,9.878048780487806,143.5,2.1546649629174235,0.921311475409836,1
3998,2.0794415416798357,10.5,16.285714285714285,4.666666666666667,1.3862943611198906,0.2777777777777778,3
154934,2.302585092994046,15.25,12.11111111111111,7.5,2.409194828052304,0.2222222222222222,0
163619,2.5649493574615367,23.272727272727273,11.666666666666666,13.0,1.8505999692509885,0.3220338983050847,0
71850,2.3978952727983707,10.11111111111111,11.9,9.166666666666666,2.8841797876482436,0.5789473684210527,1
103010,3.091042453358316,12.8,13.952380952380953,38.5,2.21375387928743,0.26380368098159507,3
126155,1.9459101490553132,22.6,15.666666666666666,3.5,2.151762203259462,0.2894736842105263,0
111451,3.8918202981106265,7.638297872340425,11.9375,196.0,2.9091076689536344,0.7705521472392638,1
122882,3.1354942159291497,12.333333333333334,12.863636363636363,42.166666666666664,2.3073356957526436,0.3894736842105263,0
111025,1.6094379124341003,30.0,11.0,1.6666666666666667,2.5649493574615367,0.25,0
95372,3.4011973816621555,9.5,15.310344827586206,72.5,2.216871574720016,0.47161572052401746,3
170030,3.4339872044851463,12.413793103448276,14.066666666666666,77.5,2.336486644669727,0.41697416974169743,1
5132,2.3978952727983707,16.22222222222222,11.5,9.166666666666666,1.754019141245208,0.4418604651162791,0
170370,3.4965075614664802,7.483870967741935,11.65625,88.0,2.4267990189807196,0.678125,1
8326,1.6094379124341003,12.333333333333334,18.0,1.6666666666666667,1.9459101490553132,0.2777777777777778,0
108888,3.332204510175204,9.576923076923077,14.407407407407407,63.0,3.4389377096450024,0.7691326530612245,1
139837,1.791759469228055,12.75,15.4,2.5,2.4423470353692043,0.3333333333333333,0
60829,2.4849066497880004,9.6,10.909090909090908,11.0,2.1041341542702074,0.2361111111111111,0
195174,1.9459101490553132,20.6,12.166666666666666,3.5,3.1945831322991562,0.5128205128205128,0
202101,3.6888794541139363,9.5,13.564102564102564,130.0,1.9383629434199303,0.7566371681415929,1
189826,2.1972245773362196,19.285714285714285,15.625,6.0,2.6692103677859462,0.2872340425531915,0
132266,2.0794415416798357,17.333333333333332,15.714285714285714,4.666666666666667,2.70805020110221,0.47619047619047616,0
115368,1.9459101490553132,26.2,13.166666666666666,3.5,2.128231705849268,0.3783783783783784,0
56404,1.6094379124341003,22.666666666666668,13.5,1.6666666666666667,1.791759469228055,0.13333333333333333,0
128305,4.248495242049359,5.3088235294117645,11.768115942028986,402.5,2.7979984377651497,0.7337786259541985,2
21446,1.791759469228055,18.25,15.8,2.5,1.252762968495368,0.4,3
23460,2.8903717578961645,12.4375,10.705882352941176,25.5,2.469158292819861,0.5375722543352601,1
97877,1.6094379124341003,30.0,16.75,1.6666666666666667,0.8472978603872036,0.5,3
190828,2.0794415416798357,18.166666666666668,15.285714285714286,4.666666666666667,1.7635885922613586,0.3793103448275862,3
82469,1.6094379124341003,30.0,12.25,1.6666666666666667,3.245193133185574,0.25675675675675674,0
66990,1.6094379124341003,27.0,12.0,1.6666666666666667,1.8971199848858813,0.29411764705882354,0
126211,1.9459101490553132,19.8,10.333333333333334,3.5,2.128231705849268,0.35135135135135137,0
25229,2.4849066497880004,8.8,16.0,11.0,2.2925347571405443,0.3595505617977528,0
177472,3.6635616461296463,9.567567567567568,14.0,123.5,2.5481774758477087,0.8325688073394495,1
92280,1.9459101490553132,6.8,12.666666666666666,3.5,2.379546134130174,0.24489795918367346,0
28423,3.044522437723423,9.789473684210526,13.95,35.0,1.9755419466616844,0.5677966101694916,1
168468,1.6094379124341003,17.0,7.0,1.6666666666666667,2.614959778036198,0.07894736842105263,0
201683,2.3978952727983707,20.555555555555557,12.1,9.166666666666666,2.7586024802650413,0.39097744360902253,0
20757,2.0794415416798357,20.166666666666668,12.857142857142858,4.666666666666667,2.4277482359480516,0.14516129032258066,0
164442,1.9459101490553132,12.6,12.666666666666666,3.5,1.9740810260220096,0.3870967741935484,3
84201,1.9459101490553132,25.8,15.833333333333334,3.5,1.4350845252893227,0.5,3
44985,1.791759469228055,18.25,11.4,2.5,2.463853240590168,0.3953488372093023,0
118656,2.995732273553991,10.666666666666666,14.894736842105264,31.666666666666668,2.543350245658075,0.38388625592417064,1
146631,1.791759469228055,24.5,12.4,2.5,2.224623551524334,0.21212121212121213,0
134467,3.258096538021482,5.708333333333333,14.04,54.166666666666664,1.9459101490553132,0.5555555555555556,1
3228,4.110873864173311,5.813559322033898,12.116666666666667,305.0,1.279048830766293,0.738562091503268,1
56900,2.1972245773362196,8.571428571428571,12.375,6.0,3.377099830083095,0.494949494949495,1
171692,2.3978952727983707,12.11111111111111,13.8,9.166666666666666,2.172223275130802,0.7,3
183533,3.7376696182833684,8.475,12.609756097560975,143.5,2.312535423847214,0.6840659340659341,1
109217,3.784189633918261,7.428571428571429,13.744186046511627,157.66666666666666,2.236139993585893,0.7207977207977208,1
74254,3.7376696182833684,7.275,11.439024390243903,143.5,2.1400661634962708,0.6133333333333333,1
76191,2.772588722239781,8.285714285714286,15.933333333333334,20.0,2.759105371902494,0.5458937198067633,1
151041,1.9459101490553132,15.4,14.833333333333334,3.5,3.339321977944068,0.2426470588235294,0
168517,2.639057329615259,21.25,14.76923076923077,15.166666666666666,2.4054424784337534,0.11570247933884298,0
204603,1.6094379124341003,21.0,15.5,1.6666666666666667,2.639057329615259,0.10256410256410256,0
16303,2.772588722239781,9.785714285714286,9.6,20.0,2.717528945056754,0.37373737373737376,1
33672,1.9459101490553132,15.4,11.666666666666666,3.5,3.109060958860994,0.22429906542056074,0
68342,2.70805020110221,22.23076923076923,11.857142857142858,17.5,1.366876275262789,0.6842105263157895,3
53352,1.6094379124341003,15.333333333333334,14.75,1.6666666666666667,2.1972245773362196,0.25,0
30998,2.3978952727983707,22.11111111111111,11.6,9.166666666666666,2.521274293958875,0.34951456310679613,0
147530,1.6094379124341003,3.3333333333333335,15.25,1.6666666666666667,2.3353749158170367,0.14285714285714285,0
74594,2.70805020110221,18.23076923076923,16.214285714285715,17.5,2.911514194469974,0.5309734513274337,0
31470,2.4849066497880004,18.3,14.545454545454545,11.0,3.054001181677967,0.6584158415841584,1
104097,1.6094379124341003,11.333333333333334,16.0,1.6666666666666667,0.6931471805599453,0.6666666666666666,3
159759,2.4849066497880004,17.2,10.545454545454545,11.0,3.131136910560194,0.4383561643835616,0
56717,3.367295829986474,12.37037037037037,12.571428571428571,67.66666666666667,3.282024491716718,0.7239884393063584,1
1977,2.5649493574615367,15.818181818181818,14.5,13.0,2.9103724246028344,0.45549738219895286,1
158012,2.1972245773362196,30.0,13.625,6.0,2.8982769374032777,0.49166666666666664,0
188353,2.5649493574615367,18.545454545454547,13.416666666666666,13.0,1.4307461236907244,0.6285714285714286,3
124778,2.4849066497880004,7.6,10.636363636363637,11.0,2.3608540011180215,0.4375,0
113140,2.302585092994046,28.375,14.555555555555555,7.5,1.5040773967762742,0.25,3
189923,3.1780538303479458,15.090909090909092,11.565217391304348,46.0,2.187072205872201,0.6494252873563219,1
146597,2.639057329615259,7.0,12.846153846153847,15.166666666666666,3.678408154246641,0.7170626349892009,1
10829,2.3978952727983707,17.555555555555557,10.7,9.166666666666666,2.209494669928034,0.3150684931506849,0
90632,4.127134385045092,6.05,13.344262295081966,315.1666666666667,1.9878743481543455,0.7724867724867724,1
135697,1.6094379124341003,30.0,13.25,1.6666666666666667,2.7300291078209855,0.2558139534883721,0
15938,2.995732273553991,9.055555555555555,13.0,31.666666666666668,2.521274293958875,0.3737864077669903,0
193646,1.9459101490553132,30.0,12.833333333333334,3.5,1.8245492920510458,0.19230769230769232,0
40714,2.3978952727983707,13.555555555555555,11.7,9.166666666666666,1.6739764335716716,0.05128205128205128,0
141521,2.4849066497880004,6.3,15.818181818181818,11.0,2.2300144001592104,0.7108433734939759,3
132259,3.4965075614664802,11.67741935483871,15.0,88.0,2.1681316163945548,0.6708333333333333,1
133522,3.6375861597263857,9.972222222222221,13.0,117.16666666666667,1.6945957207744073,0.7375,1
159546,3.4657359027997265,9.633333333333333,15.32258064516129,82.66666666666667,3.092556458189531,0.6196513470681458,1
111677,1.791759469228055,27.25,16.8,2.5,1.8325814637483102,0.14285714285714285,0
96472,3.6888794541139363,8.947368421052632,16.076923076923077,130.0,1.8304739814087454,0.6130653266331658,1
197362,1.6094379124341003,27.666666666666668,15.5,1.6666666666666667,3.2188758248682006,0.125,0
21529,2.0794415416798357,27.166666666666668,13.714285714285714,4.666666666666667,2.6855773452501515,0.2073170731707317,0
91409,1.6094379124341003,11.0,19.25,1.6666666666666667,3.120895416507997,0.2,0
180869,1.6094379124341003,29.0,11.75,1.6666666666666667,2.8134107167600364,0.1276595744680851,0
114660,1.6094379124341003,29.333333333333332,13.0,1.6666666666666667,0.8472978603872036,0.0,3
139673,1.6094379124341003,18.333333333333332,14.25,1.6666666666666667,1.4663370687934272,0.2,3
50208,1.791759469228055,22.5,12.2,2.5,2.2512917986064953,0.17647058823529413,0
54402,3.2188758248682006,14.08695652173913,13.583333333333334,50.0,2.9023767039929877,0.75,1
12080,3.4339872044851463,12.10344827586207,13.8,77.5,2.598850909137218,0.7534626038781164,1
44256,2.772588722239781,12.857142857142858,15.0,20.0,2.5973846332146904,0.2471264367816092,3
59898,3.7376696182833684,9.075,11.317073170731707,143.5,2.5877640352277083,0.8394308943089431,1
115048,1.9459101490553132,24.4,15.666666666666666,3.5,2.6946271807700692,0.2608695652173913,0
12622,2.4849066497880004,21.1,15.181818181818182,11.0,2.785011242238338,0.6052631578947368,0
198511,1.791759469228055,13.75,9.4,2.5,0.9162907318741551,0.5,3
51986,2.9444389791664403,15.823529411764707,14.222222222222221,28.5,1.2272296664902032,0.5609756097560976,3
93521,1.6094379124341003,22.0,14.25,1.6666666666666667,2.751535313041949,0.1590909090909091,0
189789,1.6094379124341003,14.666666666666666,11.0,1.6666666666666667,2.8134107167600364,0.2978723404255319,0
192690,3.6888794541139363,9.5,14.692307692307692,130.0,2.637175861515553,0.6632860040567952,1
197571,2.0794415416798357,21.833333333333332,13.142857142857142,4.666666666666667,1.992430164690206,0.2631578947368421,0
104481,3.6375861597263857,9.277777777777779,12.972972972972974,117.16666666666667,2.997120198828839,0.6642335766423357,1
164025,2.0794415416798357,24.666666666666668,14.0,4.666666666666667,2.1400661634962708,0.3333333333333333,0
63164,2.9444389791664403,11.588235294117647,15.333333333333334,28.5,2.5649493574615367,0.5833333333333334,1
109089,4.204692619390966,3.3692307692307693,14.287878787878787,368.5,2.178242126423929,0.656188605108055,2
124646,2.302585092994046,9.25,13.11111111111111,7.5,2.917770732084279,0.44285714285714284,1
41028,2.0794415416798357,24.333333333333332,13.428571428571429,4.666666666666667,2.120263536200091,0.20454545454545456,0
111195,3.4965075614664802,10.258064516129032,15.09375,88.0,3.008552961983052,0.7554438860971524,1
115889,1.6094379124341003,24.0,13.0,1.6666666666666667,2.03688192726104,0.15,0
52562,2.4849066497880004,7.7,14.909090909090908,11.0,2.2192034840549946,0.5365853658536586,3
112339,1.9459101490553132,21.6,15.166666666666666,3.5,2.0541237336955462,0.11764705882352941,0
34101,2.0794415416798357,7.5,10.0,4.666666666666667,1.7346010553881064,0.17857142857142858,0
125314,4.1588830833596715,5.870967741935484,10.666666666666666,336.0,2.5486888365897564,0.8549931600547196,1
14183,2.833213344056216,12.533333333333333,13.5,22.666666666666668,2.409943611314545,0.6052631578947368,1
105565,1.791759469228055,14.5,17.8,2.5,2.0794415416798357,0.21428571428571427,0
202955,2.0794415416798357,25.333333333333332,13.428571428571429,4.666666666666667,2.7300291078209855,0.3372093023255814,0
101940,2.1972245773362196,22.571428571428573,13.75,6.0,2.0614230361771577,0.2916666666666667,0
189956,2.639057329615259,11.0,14.76923076923077,15.166666666666666,2.4495672833426916,0.4330708661417323,3
44549,2.833213344056216,7.2,13.8125,22.666666666666668,2.5546399878026755,0.33707865168539325,1
82357,3.8918202981106265,7.680851063829787,13.979166666666666,196.0,2.514603155141853,0.6722846441947565,1
148276,2.0794415416798357,22.333333333333332,11.428571428571429,4.666666666666667,2.412933150162911,0.21311475409836064,0
63009,2.0794415416798357,14.5,12.714285714285714,4.666666666666667,1.7346010553881064,0.39285714285714285,3
122924,1.791759469228055,22.0,15.4,2.5,2.70805020110221,0.35714285714285715,0
124170,2.639057329615259,17.5,12.307692307692308,15.166666666666666,2.5455312716044354,0.2907801418439716,0
67344,2.639057329615259,10.666666666666666,13.615384615384615,15.166666666666666,2.519039656157459,0.5474452554744526,1
57124,2.1972245773362196,25.0,13.375,6.0,2.7545702167371027,0.2912621359223301,0
135552,2.0794415416798357,12.166666666666666,12.714285714285714,4.666666666666667,1.8718021769015913,0.030303030303030304,0
89802,1.9459101490553132,12.8,13.666666666666666,3.5,1.2237754316221157,0.25,3
89631,2.1972245773362196,25.571428571428573,12.5,6.0,1.8382794848629478,0.32432432432432434,0
185950,1.9459101490553132,25.8,13.0,3.5,2.624668592163159,0.28125,0
89070,2.772588722239781,15.285714285714286,13.333333333333334,20.0,2.1316272948504063,0.375,3
16921,2.639057329615259,22.0,13.307692307692308,15.166666666666666,1.0704414117014134,0.7391304347826086,3
194245,2.70805020110221,23.307692307692307,13.214285714285714,17.5,1.3862943611198906,0.38461538461538464,0
42990,3.295836866004329,12.64,11.615384615384615,58.5,2.9997242948235283,0.7777777777777778,1
194743,2.3978952727983707,13.0,11.6,9.166666666666666,2.4471663218051534,0.47368421052631576,1
197529,1.6094379124341003,8.666666666666666,14.5,1.6666666666666667,3.060270794691562,0.2786885245901639,0
108720,1.6094379124341003,13.666666666666666,11.75,1.6666666666666667,2.3353749158170367,0.10714285714285714,0
73626,2.639057329615259,9.166666666666666,10.076923076923077,15.166666666666666,1.8971199848858813,0.7352941176470589,3
188824,2.0794415416798357,24.333333333333332,15.428571428571429,4.666666666666667,2.0583881324820035,0.17073170731707318,0
88970,1.9459101490553132,26.6,11.5,3.5,0.7884573603642702,0.3333333333333333,3
136490,2.302585092994046,22.75,17.0,7.5,2.4849066497880004,0.2727272727272727,0
112546,1.791759469228055,16.75,10.6,2.5,2.3513752571634776,0.42105263157894735,0
39557,1.6094379124341003,30.0,12.75,1.6666666666666667,1.8971199848858813,0.11764705882352941,0
152485,2.0794415416798357,19.666666666666668,16.0,4.666666666666667,1.8718021769015913,0.09090909090909091,0
92990,2.1972245773362196,21.857142857142858,14.375,6.0,3.391627930646005,0.29850746268656714,0
17798,1.9459101490553132,23.8,11.5,3.5,3.2347491740244907,0.27049180327868855,0
156035,2.4849066497880004,14.3,12.181818181818182,11.0,2.151762203259462,0.4342105263157895,0
25020,2.4849066497880004,17.4,16.272727272727273,11.0,2.1972245773362196,0.5625,0
150129,2.0794415416798357,19.333333333333332,14.857142857142858,4.666666666666667,1.252762968495368,0.6,3
87460,2.9444389791664403,14.352941176470589,14.055555555555555,28.5,2.8903717578961645,0.6920415224913494,1
141248,2.1972245773362196,8.428571428571429,11.125,6.0,2.043073897508961,0.44680851063829785,0
11778,2.70805020110221,17.307692307692307,14.928571428571429,17.5,2.4117843849590375,0.3484848484848485,1
164614,2.995732273553991,5.722222222222222,13.0,31.666666666666668,1.800976124332979,0.42857142857142855,0
59667,3.4011973816621555,5.25,9.827586206896552,72.5,1.1451323043030026,0.7333333333333333,3
66007,1.791759469228055,25.0,17.6,2.5,2.4849066497880004,0.1590909090909091,0
155500,1.6094379124341003,30.0,14.25,1.6666666666666667,1.791759469228055,0.06666666666666667,0
65487,3.332204510175204,11.692307692307692,13.592592592592593,63.0,2.0984897366505306,0.553763440860215,1
96377,2.70805020110221,13.846153846153847,13.071428571428571,17.5,1.8658674413817768,0.676056338028169,3
32130,1.791759469228055,22.75,13.6,2.5,2.6567569067146595,0.18867924528301888,0
28324,3.6375861597263857,9.555555555555555,14.756756756756756,117.16666666666667,2.7444178452730847,0.6259541984732825,1
164060,2.4849066497880004,26.5,15.545454545454545,11.0,2.174751721484161,0.20512820512820512,0
177120,1.6094379124341003,13.333333333333334,11.5,1.6666666666666667,2.3978952727983707,0.26666666666666666,0
45471,1.791759469228055,15.75,12.8,2.5,2.2512917986064953,0.20588235294117646,0
133382,2.1972245773362196,18.857142857142858,16.25,6.0,2.005333569526114,0.1111111111111111,0
104167,2.995732273553991,14.444444444444445,13.842105263157896,31.666666666666668,2.715430308399833,0.5393700787401575,1
42072,1.9459101490553132,24.0,15.833333333333334,3.5,2.322387720290225,0.17391304347826086,0
83564,2.772588722239781,5.0,11.866666666666667,20.0,2.8205281845289005,0.6018099547511312,1
2742,1.791759469228055,27.25,15.2,2.5,1.0986122886681096,0.125,3
78379,2.639057329615259,19.666666666666668,12.615384615384615,15.166666666666666,0.9808292530117262,0.55,3
88335,1.9459101490553132,21.6,14.666666666666666,3.5,2.772588722239781,0.44,0
191412,3.332204510175204,10.884615384615385,12.814814814814815,63.0,2.9763141876968895,0.5888429752066116,1
125405,2.3978952727983707,8.11111111111111,14.9,9.166666666666666,1.754019141245208,0.06976744186046512,0
84377,2.1972245773362196,23.857142857142858,17.75,6.0,3.077970371790963,0.38620689655172413,0
79258,3.2188758248682006,13.08695652173913,14.125,50.0,2.2257979497802753,0.49473684210526314,1
173040,2.0794415416798357,11.166666666666666,17.142857142857142,4.666666666666667,1.041453874828161,0.7272727272727273,3
83378,2.9444389791664403,7.882352941176471,14.055555555555555,28.5,1.4294665329850993,0.5740740740740741,3
37317,1.791759469228055,18.75,17.2,2.5,2.374905754573672,0.3076923076923077,0
158823,1.9459101490553132,16.4,16.0,3.5,2.785011242238338,0.3684210526315789,0
49452,3.5553480614894135,9.393939393939394,12.058823529411764,99.16666666666667,2.236833715431265,0.4528985507246377,1
187898,1.791759469228055,17.75,12.4,2.5,2.6741486494265287,0.3148148148148148,0
156734,2.639057329615259,7.583333333333333,15.384615384615385,15.166666666666666,3.1023420086122493,0.49411764705882355,1
82141,2.1972245773362196,6.142857142857143,14.25,6.0,3.0513021247088017,0.2127659574468085,0
95479,3.1780538303479458,12.863636363636363,13.0,46.0,2.3770176877768154,0.5906976744186047,1
33477,3.6635616461296463,9.594594594594595,11.947368421052632,123.5,2.1416547261814087,0.5935251798561151,1
11881,2.70805020110221,8.76923076923077,12.214285714285714,17.5,2.369524575669155,0.4444444444444444,0
155355,1.9459101490553132,28.8,12.666666666666666,3.5,2.028148247292285,0.12121212121212122,0
161366,3.332204510175204,8.5,12.37037037037037,63.0,2.740840023925201,0.76657824933687,1
94494,2.833213344056216,14.533333333333333,15.375,22.666666666666668,1.5686159179138452,0.47368421052631576,3
85183,1.791759469228055,30.0,16.2,2.5,2.463853240590168,0.2558139534883721,0
71424,2.639057329615259,17.333333333333332,13.0,15.166666666666666,2.627081138568543,0.538961038961039,1
68101,2.1972245773362196,21.142857142857142,14.25,6.0,2.1316272948504063,0.15384615384615385,0
96489,3.091042453358316,14.55,11.904761904761905,38.5,2.180417459019838,0.5923566878980892,1
149686,2.0794415416798357,15.666666666666666,13.142857142857142,4.666666666666667,2.120263536200091,0.4772727272727273,3
201144,2.639057329615259,21.5,15.538461538461538,15.166666666666666,2.319114394945256,0.4818181818181818,0
109945,3.332204510175204,11.653846153846153,15.185185185185185,63.0,2.144580843850797,0.5867346938775511,1
81350,4.61512051684126,3.585858585858586,13.03,841.6666666666666,2.6483931245308914,0.7369230769230769,2
205208,2.3978952727983707,17.88888888888889,14.3,9.166666666666666,2.5734600471294455,0.5137614678899083,1
26597,2.1972245773362196,6.142857142857143,16.5,6.0,2.3848231912310176,0.18840579710144928,0
90837,2.0794415416798357,23.5,15.142857142857142,4.666666666666667,2.639057329615259,0.2948717948717949,0
141288,2.70805020110221,17.76923076923077,13.571428571428571,17.5,1.978345424808467,0.2345679012345679,0
174908,2.302585092994046,22.5,12.333333333333334,7.5,3.0504571732432377,0.4782608695652174,0
73820,2.302585092994046,19.625,14.444444444444445,7.5,2.463853240590168,0.627906976744186,3
105830,2.639057329615259,17.333333333333332,12.76923076923077,15.166666666666666,2.987364023883474,0.6150442477876106,1
68727,2.772588722239781,14.642857142857142,11.6,20.0,2.6642475784438173,0.6684491978609626,1
1923,3.1354942159291497,15.285714285714286,11.545454545454545,42.166666666666664,2.819108737874674,0.6283987915407855,1
74890,1.6094379124341003,14.0,18.0,1.6666666666666667,1.791759469228055,0.2,0
112348,2.833213344056216,7.0,13.375,22.666666666666668,1.8137383759468304,0.5454545454545454,1
183702,1.9459101490553132,29.2,14.833333333333334,3.5,2.468099531471619,0.3888888888888889,0
145226,2.833213344056216,19.0,14.0,22.666666666666668,2.533696813957432,0.4482758620689655,1
63418,2.4849066497880004,16.4,11.181818181818182,11.0,1.667706820558076,0.2558139534883721,0
100477,2.3978952727983707,22.11111111111111,14.7,9.166666666666666,2.646962509122372,0.5423728813559322,0
86279,1.6094379124341003,30.0,11.0,1.6666666666666667,2.0794415416798357,0.19047619047619047,0
67431,1.6094379124341003,9.333333333333334,9.75,1.6666666666666667,1.8458266904983307,0.375,0
95967,4.61512051684126,3.494949494949495,12.59,841.6666666666666,3.0502778492940434,0.9246987951807228,2
156723,2.772588722239781,20.928571428571427,13.466666666666667,20.0,2.659260036932778,0.478494623655914,1
65665,3.367295829986474,12.666666666666666,15.571428571428571,67.66666666666667,2.249340578475233,0.5720524017467249,1
12594,2.3978952727983707,13.11111111111111,10.3,9.166666666666666,2.3460702049337847,0.5647058823529412,1
20438,2.0794415416798357,6.5,13.857142857142858,4.666666666666667,2.367123614131617,0.5517241379310345,1
117731,3.2188758248682006,15.73913043478261,13.375,50.0,3.3399385007749403,0.7092651757188498,1
106034,1.791759469228055,8.25,16.6,2.5,2.505525936990736,0.37777777777777777,0
28658,1.6094379124341003,21.666666666666668,17.75,1.6666666666666667,2.456735772821304,0.1875,0
63784,4.060443010546419,6.446428571428571,12.052631578947368,275.5,3.063891464292365,0.8101487314085739,1
101620,2.302585092994046,18.5,11.777777777777779,7.5,1.252762968495368,0.55,3
128723,1.6094379124341003,16.333333333333332,14.25,1.6666666666666667,2.7300291078209855,0.13953488372093023,0
2003,2.1972245773362196,20.857142857142858,10.5,6.0,0.9444616088408514,0.7272727272727273,0
87359,3.258096538021482,11.916666666666666,14.08,54.166666666666664,2.6479462770325046,0.346031746031746,1
181078,2.3978952727983707,21.0,12.6,9.166666666666666,1.4663370687934272,0.6666666666666666,3
95059,2.995732273553991,8.666666666666666,16.94736842105263,31.666666666666668,2.03688192726104,0.6083333333333333,1
188651,2.1972245773362196,15.0,15.875,6.0,1.2321436812926323,0.17647058823529413,3
84442,3.8712010109078907,7.782608695652174,12.872340425531915,188.0,1.4392167625742331,0.9121621621621622,1
171451,3.1780538303479458,15.090909090909092,14.956521739130435,46.0,3.011516141255253,0.8047058823529412,1
11036,3.912023005428146,7.375,15.591836734693878,204.16666666666666,2.2857779746776643,0.5707547169811321,1
151280,1.6094379124341003,21.666666666666668,15.25,1.6666666666666667,2.793208009442517,0.13043478260869565,0
102120,1.6094379124341003,30.0,13.25,1.6666666666666667,2.268683541318364,0.07692307692307693,0
71626,3.970291913552122,5.96078431372549,10.98076923076923,229.66666666666666,1.2555601731164292,0.890625,1
149039,3.4339872044851463,11.448275862068966,14.6,77.5,1.688949975361834,0.6875,1
184779,2.0794415416798357,23.0,13.857142857142858,4.666666666666667,2.3826278006675823,0.11864406779661017,0
3162,1.6094379124341003,14.333333333333334,16.5,1.6666666666666667,2.2335922215070942,0.16,0
30263,1.9459101490553132,26.2,14.0,3.5,2.6946271807700692,0.2753623188405797,0
132194,2.3978952727983707,16.22222222222222,14.0,9.166666666666666,2.4277482359480516,0.1827956989247312,0
54382,1.9459101490553132,25.0,18.333333333333332,3.5,2.517696472610991,0.2631578947368421,0
177051,2.0794415416798357,15.333333333333334,15.285714285714286,4.666666666666667,2.178532444324067,0.3191489361702128,0
116489,2.3978952727983707,11.222222222222221,12.9,9.166666666666666,1.8281271133989299,0.14893617021276595,0
12348,2.1972245773362196,10.857142857142858,16.125,6.0,2.531426665422893,0.35802469135802467,0
55641,3.367295829986474,12.037037037037036,13.25,67.66666666666667,1.8859466842877561,0.4105960264900662,1
122666,2.772588722239781,19.5,14.866666666666667,20.0,2.5427262206768266,0.42073170731707316,1
94940,2.772588722239781,13.142857142857142,14.666666666666666,20.0,2.466888144285322,0.17218543046357615,3
27264,1.6094379124341003,30.0,14.75,1.6666666666666667,2.456735772821304,0.21875,0
109326,1.6094379124341003,29.666666666666668,17.25,1.6666666666666667,2.7300291078209855,0.27906976744186046,0
129669,2.3978952727983707,11.333333333333334,13.3,9.166666666666666,2.5301632413761213,0.36538461538461536,0
57681,2.70805020110221,19.53846153846154,15.357142857142858,17.5,1.6397432619294294,0.2222222222222222,3
102039,1.9459101490553132,17.6,12.0,3.5,2.2617630984737906,0.18604651162790697,0
61578,3.6375861597263857,9.777777777777779,10.72972972972973,117.16666666666667,2.997120198828839,0.6773722627737226,1
164235,1.6094379124341003,19.666666666666668,14.5,1.6666666666666667,2.302585092994046,0.25925925925925924,0
5867,2.1972245773362196,8.857142857142858,15.375,6.0,3.367295829986474,0.3520408163265306,0
133961,2.0794415416798357,26.666666666666668,13.285714285714286,4.666666666666667,1.252762968495368,0.4666666666666667,3
69763,2.5649493574615367,19.363636363636363,12.416666666666666,13.0,2.817040484810615,0.5780346820809249,1
36039,3.332204510175204,11.26923076923077,13.814814814814815,63.0,2.911514194469974,0.5951327433628318,1
169650,3.2188758248682006,9.347826086956522,15.25,50.0,1.8617180578349655,0.432,3
7655,3.713572066704308,8.871794871794872,13.975,136.66666666666666,2.4456859366347192,0.8248175182481752,1
48066,1.791759469228055,22.75,11.6,2.5,2.4203681286504293,0.12195121951219512,0
69814,2.833213344056216,16.466666666666665,13.0,22.666666666666668,2.699121570357909,0.4951923076923077,1
94236,1.6094379124341003,11.0,15.25,1.6666666666666667,3.2321210516182215,0.1643835616438356,0
31509,3.1354942159291497,14.761904761904763,11.272727272727273,42.166666666666664,1.6094379124341003,0.5595238095238095,3
37192,2.70805020110221,11.538461538461538,14.0,17.5,2.2870809064580806,0.591304347826087,1
157238,1.6094379124341003,30.0,17.5,1.6666666666666667,2.03688192726104,0.25,0
71730,3.4339872044851463,8.0,12.666666666666666,77.5,1.965422963278895,0.9157303370786517,1
183313,2.4849066497880004,9.4,10.454545454545455,11.0,2.6741486494265287,0.6148148148148148,1
115993,3.1780538303479458,8.409090909090908,14.26086956521739,46.0,1.7129785913749407,0.55,1
130423,3.8918202981106265,7.723404255319149,11.3125,196.0,2.03317478677822,0.6794871794871795,1
103786,3.091042453358316,8.85,11.238095238095237,38.5,2.509599262378372,0.5752212389380531,1
113899,1.9459101490553132,20.4,15.5,3.5,2.975529566236472,0.3655913978494624,0
145946,2.833213344056216,17.733333333333334,14.3125,22.666666666666668,2.456735772821304,0.725,1
179597,2.302585092994046,25.0,17.22222222222222,7.5,1.7272209480904839,0.2972972972972973,3
61758,3.044522437723423,15.526315789473685,12.95,35.0,1.4744016286301573,0.25,0
39780,2.3978952727983707,21.11111111111111,14.7,9.166666666666666,3.060270794691562,0.6284153005464481,1
142469,1.6094379124341003,12.333333333333334,15.25,1.6666666666666667,2.793208009442517,0.3695652173913043,0
85044,3.8712010109078907,7.913043478260869,15.106382978723405,188.0,2.4794570450204354,0.6958250497017893,1
135533,2.1972245773362196,17.428571428571427,11.75,6.0,2.496741107435003,0.44871794871794873,0
136665,2.1972245773362196,11.714285714285714,11.625,6.0,2.1972245773362196,0.23214285714285715,0
26744,1.6094379124341003,15.0,14.25,1.6666666666666667,1.6739764335716716,0.23076923076923078,3
55638,1.9459101490553132,5.2,14.5,3.5,2.6100697927420065,0.23809523809523808,0
197222,1.791759469228055,24.5,14.8,2.5,2.5257286443082556,0.17391304347826086,0
157296,3.1354942159291497,14.80952380952381,12.454545454545455,42.166666666666664,2.030651377510404,0.38848920863309355,0
25986,3.091042453358316,12.8,15.380952380952381,38.5,2.4379897300002487,0.4449760765550239,1
24818,1.791759469228055,6.0,17.0,2.5,2.970414465569701,0.36486486486486486,0
43174,3.4965075614664802,9.096774193548388,13.9375,88.0,2.2764398128897234,0.5424354243542435,1
75304,3.6375861597263857,10.0,8.783783783783784,117.16666666666667,3.7475413667625226,0.5378940308517773,1
108403,1.791759469228055,23.5,14.8,2.5,2.9311937524164198,0.028169014084507043,0
38064,1.791759469228055,14.25,11.6,2.5,2.4203681286504293,0.43902439024390244,0
135016,2.5649493574615367,19.363636363636363,12.416666666666666,13.0,1.4087672169719492,0.5,3
82139,2.70805020110221,14.153846153846153,15.142857142857142,17.5,1.2192402764567245,0.6129032258064516,3
10037,3.4657359027997265,12.033333333333333,13.0,82.66666666666667,2.2009214392175456,0.5975103734439834,1
54770,3.7376696182833684,9.075,13.097560975609756,143.5,2.4993846689686534,0.610738255033557,1
30387,3.4011973816621555,8.5,12.862068965517242,72.5,0.9162907318741551,0.8571428571428571,3
162834,2.3978952727983707,19.0,11.3,9.166666666666666,1.8458266904983307,0.25,0
128801,2.4849066497880004,20.6,14.181818181818182,11.0,2.1400661634962708,0.37333333333333335,0
141831,1.6094379124341003,8.666666666666666,13.75,1.6666666666666667,2.512305623976115,0.3235294117647059,0
173384,3.044522437723423,5.0,12.65,35.0,2.493640329756755,0.6540284360189573,1
124969,2.772588722239781,19.928571428571427,11.666666666666666,20.0,2.772588722239781,0.319047619047619,0
114238,3.8501476017100584,7.533333333333333,13.804347826086957,180.16666666666666,2.3877429013343527,0.6808988764044944,1
104087,1.791759469228055,25.75,14.4,2.5,2.6210388241125804,0.4117647058823529,0
107484,1.6094379124341003,27.0,15.25,1.6666666666666667,3.1918471524802814,0.2,0
48873,2.302585092994046,10.125,15.88888888888889,7.5,2.2900063107871858,0.5070422535211268,3
182131,1.6094379124341003,7.333333333333333,14.25,1.6666666666666667,2.751535313041949,0.29545454545454547,0
2499,1.6094379124341003,20.0,13.5,1.6666666666666667,2.302585092994046,0.3333333333333333,0
12815,1.9459101490553132,22.4,13.333333333333334,3.5,2.0794415416798357,0.34285714285714286,0
30704,4.219507705176107,5.5,12.82089552238806,379.6666666666667,2.592537313980366,0.5968137254901961,2
99021,2.0794415416798357,29.166666666666668,11.0,4.666666666666667,2.782951509275328,0.4725274725274725,0
49364,2.4849066497880004,21.2,15.454545454545455,11.0,2.4849066497880004,0.4727272727272727,0
121029,2.772588722239781,20.714285714285715,14.4,20.0,2.330755969960742,0.3769230769230769,0
54783,3.091042453358316,15.9,14.0,38.5,2.5649493574615367,0.6916666666666667,1
8078,1.791759469228055,28.0,7.6,2.5,1.0986122886681096,0.375,3
101938,1.9459101490553132,28.2,16.333333333333332,3.5,2.0541237336955462,0.3235294117647059,0
167522,2.1972245773362196,16.857142857142858,15.75,6.0,2.3848231912310176,0.08695652173913043,0
143312,3.4965075614664802,10.258064516129032,15.375,88.0,1.6719582694154342,0.5597014925373134,1
9015,2.4849066497880004,20.2,13.272727272727273,11.0,3.2188758248682006,0.525,0
145871,3.4657359027997265,11.833333333333334,15.903225806451612,82.66666666666667,2.9195709125884273,0.7224334600760456,1
52786,1.791759469228055,21.75,15.2,2.5,2.639057329615259,0.3269230769230769,0
81927,1.6094379124341003,30.0,14.0,1.6666666666666667,3.028522096376982,0.1694915254237288,0
111479,3.091042453358316,14.95,13.952380952380953,38.5,2.47232786758114,0.4930875576036866,1
197422,3.4011973816621555,11.785714285714286,14.344827586206897,72.5,1.9611003145492885,0.5964912280701754,1
111105,2.3978952727983707,15.88888888888889,11.3,9.166666666666666,2.58189891577531,0.2818181818181818,0
83767,2.1972245773362196,13.571428571428571,10.875,6.0,2.8903717578961645,0.4117647058823529,0
204648,3.332204510175204,13.884615384615385,14.333333333333334,63.0,2.789275641024796,0.6801007556675063,1
94178,2.302585092994046,17.625,12.555555555555555,7.5,2.5356789751614235,0.3548387096774194,0
78559,2.1972245773362196,25.571428571428573,14.25,6.0,3.147840051751449,0.47435897435897434,0
115125,2.0794415416798357,21.833333333333332,14.0,4.666666666666667,2.917770732084279,0.3523809523809524,0
22627,2.833213344056216,18.133333333333333,11.5625,22.666666666666668,1.916922612182061,0.735632183908046,3
199563,1.6094379124341003,24.666666666666668,14.5,1.6666666666666667,1.7346010553881064,0.21428571428571427,0
73858,2.5649493574615367,8.181818181818182,16.0,13.0,2.7668907011251433,0.5548780487804879,1
53300,2.772588722239781,6.214285714285714,14.6,20.0,2.4789364828014966,0.6143790849673203,1
55406,1.9459101490553132,22.0,13.333333333333334,3.5,2.533696813957432,0.1896551724137931,0
91871,2.772588722239781,16.357142857142858,14.666666666666666,20.0,2.6984807500860595,0.3247422680412371,1
1791,2.772588722239781,12.928571428571429,16.266666666666666,20.0,2.429846872604973,0.5172413793103449,1
144779,1.6094379124341003,13.0,12.25,1.6666666666666667,2.8134107167600364,0.2553191489361702,0
75672,1.791759469228055,24.25,13.0,2.5,2.1102132003465894,0.1724137931034483,0
98494,3.6635616461296463,9.756756756756756,15.68421052631579,123.5,2.758983070184003,0.7294332723948812,1
187203,1.9459101490553132,10.4,14.833333333333334,3.5,2.5494451709255714,0.22033898305084745,0
20575,3.258096538021482,12.916666666666666,13.32,54.166666666666664,2.6884142265853512,0.49240121580547114,1
141219,1.6094379124341003,13.0,12.25,1.6666666666666667,2.03688192726104,0.15,0
154202,2.302585092994046,21.875,14.11111111111111,7.5,2.6741486494265287,0.4351851851851852,0
74410,3.2188758248682006,11.695652173913043,13.25,50.0,2.799399979690438,0.5098591549295775,1
79910,2.5649493574615367,22.09090909090909,12.833333333333334,13.0,3.226122233388968,0.5112781954887218,0
201180,2.8903717578961645,14.375,13.647058823529411,25.5,2.1473922035883435,0.3884297520661157,3
155336,2.1972245773362196,23.714285714285715,14.25,6.0,2.6888188391743224,0.3541666666666667,0
83620,2.302585092994046,9.625,15.222222222222221,7.5,2.4203681286504293,0.4146341463414634,1
50672,2.4849066497880004,11.2,14.545454545454545,11.0,2.3978952727983707,0.31,3
90955,1.6094379124341003,29.666666666666668,15.75,1.6666666666666667,3.1780538303479458,0.43478260869565216,0
168779,2.9444389791664403,12.411764705882353,15.722222222222221,28.5,1.83961549040569,0.45555555555555555,3
31240,3.044522437723423,12.68421052631579,11.3,35.0,1.9828147059907644,0.36134453781512604,0
84862,1.9459101490553132,17.8,13.833333333333334,3.5,2.9444389791664403,0.06666666666666667,0
35118,2.772588722239781,7.571428571428571,13.666666666666666,20.0,2.759105371902494,0.6328502415458938,1
16903,2.302585092994046,25.5,15.777777777777779,7.5,2.833213344056216,0.4296875,0
164253,2.4849066497880004,10.3,13.818181818181818,11.0,2.186051276738094,0.189873417721519,3
108395,2.0794415416798357,25.5,15.285714285714286,4.666666666666667,2.2512917986064953,0.4117647058823529,0
7615,1.6094379124341003,24.333333333333332,12.0,1.6666666666666667,2.538973871058276,0.11428571428571428,0
24281,3.1780538303479458,14.181818181818182,14.826086956521738,46.0,3.1986731175506815,0.7214700193423598,1
142883,2.4849066497880004,12.0,14.636363636363637,11.0,2.0014800002101243,0.609375,3
110491,1.791759469228055,27.0,9.6,2.5,2.583997552432231,0.14285714285714285,0
154453,3.6109179126442243,9.771428571428572,16.0,111.0,2.243744592971112,0.4,1
201915,2.4849066497880004,17.7,13.909090909090908,11.0,2.70805020110221,0.35,0
107668,1.9459101490553132,25.4,13.333333333333334,3.5,2.580216829592325,0.4262295081967213,0
29621,4.61512051684126,2.393939393939394,13.64,841.6666666666666,2.373730528207358,0.8195020746887967,2
49491,2.70805020110221,13.692307692307692,12.428571428571429,17.5,1.9236870122706031,0.32894736842105265,0
144367,1.791759469228055,19.75,8.4,2.5,2.4203681286504293,0.1951219512195122,0
202517,2.772588722239781,21.285714285714285,14.666666666666666,20.0,2.9849601765720797,0.3269961977186312,1
153102,2.772588722239781,20.071428571428573,12.2,20.0,2.2207550747464135,0.24347826086956523,0
105481,1.9459101490553132,15.6,14.833333333333334,3.5,1.6863989535702286,0.36363636363636365,3
164622,2.772588722239781,12.0,11.533333333333333,20.0,2.302585092994046,0.40476190476190477,0
94421,3.58351893845611,9.294117647058824,12.428571428571429,105.0,3.2859845695613172,0.7794285714285715,1
73230,2.1972245773362196,12.0,14.5,6.0,2.2129729343043585,0.2631578947368421,0
47722,2.3978952727983707,10.444444444444445,16.7,9.166666666666666,2.407945608651872,0.42857142857142855,0
155272,2.4849066497880004,9.0,13.727272727272727,11.0,2.028148247292285,0.3333333333333333,3
59954,1.791759469228055,22.5,17.4,2.5,1.0986122886681096,0.625,3
10138,1.9459101490553132,20.4,14.833333333333334,3.5,2.681021528714291,0.23529411764705882,0
160858,2.9444389791664403,11.823529411764707,11.11111111111111,28.5,2.6135240276100937,0.6604651162790698,1
45906,1.6094379124341003,16.333333333333332,8.75,1.6666666666666667,1.5404450409471488,0.36363636363636365,3
181701,2.9444389791664403,16.0,13.444444444444445,28.5,2.8605187947464836,0.55,1
163146,2.639057329615259,15.583333333333334,11.846153846153847,15.166666666666666,2.6855773452501515,0.5792682926829268,1
195131,2.8903717578961645,19.0625,10.823529411764707,25.5,2.2512917986064953,0.5882352941176471,0
4561,1.791759469228055,26.5,11.6,2.5,2.5455312716044354,0.3617021276595745,0
146441,1.791759469228055,24.25,14.2,2.5,2.772588722239781,0.43333333333333335,0
156583,2.302585092994046,10.25,12.666666666666666,7.5,2.327277705584417,0.4189189189189189,0
43344,2.833213344056216,14.133333333333333,15.9375,22.666666666666668,2.128231705849268,0.4594594594594595,3
61465,1.6094379124341003,13.0,15.0,1.6666666666666667,1.7346010553881064,0.07142857142857142,3
47227,3.8501476017100584,5.444444444444445,11.130434782608695,180.16666666666666,2.0074680420547466,0.6793103448275862,1
199525,1.6094379124341003,30.0,13.0,1.6666666666666667,2.8903717578961645,0.11764705882352941,0
5045,2.0794415416798357,11.333333333333334,15.714285714285714,4.666666666666667,2.639057329615259,0.23076923076923078,0
72130,3.2188758248682006,13.652173913043478,15.25,50.0,2.5480855514095317,0.4981549815498155,1
186641,2.1972245773362196,24.142857142857142,13.25,6.0,1.717651497074333,0.53125,0
28772,2.4849066497880004,25.2,14.727272727272727,11.0,2.388762789235098,0.31313131313131315,0
194685,1.9459101490553132,23.0,13.5,3.5,1.7578579175523736,0.08333333333333333,0
62263,1.9459101490553132,10.6,11.333333333333334,3.5,1.2809338454620645,0.23076923076923078,3
152077,3.58351893845611,7.0588235294117645,12.742857142857142,105.0,1.5976034547870976,0.5373134328358209,1
49920,4.189654742026425,5.703125,12.0,357.5,2.8781445313266043,0.8584729981378026,1
150207,2.5649493574615367,17.272727272727273,13.416666666666666,13.0,2.1972245773362196,0.23863636363636365,0
54771,1.9459101490553132,23.6,16.166666666666668,3.5,2.0014800002101243,0.125,0
77345,2.772588722239781,20.0,15.666666666666666,20.0,2.6642475784438173,0.47058823529411764,1
1157,2.833213344056216,5.066666666666666,14.8125,22.666666666666668,2.028148247292285,0.3434343434343434,3
116390,2.0794415416798357,14.333333333333334,15.428571428571429,4.666666666666667,1.9694406464655074,0.24324324324324326,0
28655,1.6094379124341003,12.0,11.25,1.6666666666666667,1.2039728043259361,0.2857142857142857,3
21813,3.1780538303479458,12.727272727272727,13.869565217391305,46.0,3.0137507790566693,0.7065727699530516,1
137219,1.6094379124341003,7.333333333333333,12.0,1.6666666666666667,2.5649493574615367,0.3333333333333333,0
76289,2.3978952727983707,26.77777777777778,13.5,9.166666666666666,3.1354942159291497,0.4696969696969697,0
43986,1.791759469228055,28.0,12.0,2.5,1.9459101490553132,0.16666666666666666,0
108179,1.9459101490553132,12.8,13.333333333333334,3.5,2.3978952727983707,0.6,3
7734,2.1972245773362196,19.0,11.75,6.0,1.9459101490553132,0.4523809523809524,3
202302,2.1972245773362196,28.857142857142858,8.75,6.0,2.330755969960742,0.6153846153846154,0
27855,2.1972245773362196,7.0,13.125,6.0,2.586689344097943,0.43023255813953487,0
1773,2.302585092994046,9.0,13.11111111111111,7.5,2.5745188084776873,0.36082474226804123,0
92217,2.1972245773362196,21.142857142857142,13.125,6.0,2.8903717578961645,0.3025210084033613,0
137266,1.6094379124341003,8.333333333333334,15.25,1.6666666666666667,2.120263536200091,0.13636363636363635,0
183351,2.70805020110221,14.461538461538462,15.285714285714286,17.5,2.5825451193519164,0.4779874213836478,1
190668,2.8903717578961645,15.0625,12.117647058823529,25.5,2.8972922007407385,0.7554744525547445,1
100519,2.5649493574615367,5.454545454545454,13.333333333333334,13.0,3.285684494540311,0.7208480565371025,1
166673,2.3978952727983707,19.22222222222222,13.1,9.166666666666666,3.2144214745188204,0.5255813953488372,0
65901,2.3978952727983707,8.0,14.5,9.166666666666666,1.9616585060234524,0.12727272727272726,0
72889,4.61512051684126,2.9797979797979797,12.41,841.6666666666666,1.6373281664159327,0.5048780487804878,2
89141,1.6094379124341003,27.0,16.0,1.6666666666666667,2.5902671654458267,0.16216216216216217,0
181485,2.5649493574615367,18.454545454545453,14.333333333333334,13.0,2.044755983691946,0.32432432432432434,0
167364,4.564348191467836,3.872340425531915,11.8,760.0,2.505091626451879,0.8382213812677389,2
86404,4.04305126783455,5.745454545454545,12.125,266.0,2.0471061610368997,0.7735849056603774,1
71539,2.0794415416798357,25.5,15.0,4.666666666666667,2.4709204078132605,0.35384615384615387,0
36258,1.6094379124341003,18.666666666666668,16.5,1.6666666666666667,1.8458266904983307,0.125,3
16219,3.044522437723423,3.3157894736842106,12.75,35.0,2.9276788103089753,0.44047619047619047,1
93485,4.007333185232471,6.886792452830188,15.425925925925926,247.5,2.7535405272690867,0.6598202824133504,1
191594,1.9459101490553132,22.2,14.166666666666666,3.5,2.1972245773362196,0.2,0
77277,3.258096538021482,12.666666666666666,16.56,54.166666666666664,2.378774231351592,0.5574468085106383,1
13219,2.3978952727983707,13.444444444444445,10.6,9.166666666666666,1.4403615823901663,0.7931034482758621,3
111125,2.995732273553991,13.722222222222221,13.0,31.666666666666668,1.6945957207744073,0.3,0
21085,2.0794415416798357,13.0,16.285714285714285,4.666666666666667,2.7300291078209855,0.2441860465116279,0
29661,3.295836866004329,12.96,11.807692307692308,58.5,1.2237754316221157,0.5833333333333334,3
74897,2.70805020110221,17.76923076923077,13.0,17.5,3.125410096862524,0.4416961130742049,0
34455,2.0794415416798357,15.833333333333334,10.714285714285714,4.666666666666667,2.1000608288825715,0.4186046511627907,0
175099,4.127134385045092,5.233333333333333,13.295081967213115,315.1666666666667,2.186051276738094,0.6497890295358649,1
8106,3.332204510175204,12.115384615384615,10.814814814814815,63.0,1.817077277212345,0.7388059701492538,1
49896,3.1780538303479458,15.636363636363637,13.826086956521738,46.0,2.368543060785843,0.5539906103286385,1
188688,4.406719247264253,3.0,13.802469135802468,553.5,2.4585198946148052,0.5883040935672514,2
90191,3.58351893845611,9.911764705882353,9.028571428571428,105.0,1.5040773967762742,0.5882352941176471,3
75629,1.6094379124341003,30.0,13.75,1.6666666666666667,2.6855773452501515,0.1951219512195122,0
134120,3.258096538021482,13.458333333333334,12.16,54.166666666666664,2.6798793241355137,0.656441717791411,1
186348,2.4849066497880004,10.9,15.818181818181818,11.0,2.1162555148025524,0.1780821917808219,0
183820,2.70805020110221,17.0,13.571428571428571,17.5,2.302585092994046,0.452991452991453,3
184192,1.6094379124341003,22.333333333333332,14.75,1.6666666666666667,2.614959778036198,0.3684210526315789,0
85805,3.332204510175204,12.615384615384615,12.037037037037036,63.0,1.9676501356917193,0.68125,1
92154,3.044522437723423,11.736842105263158,14.1,35.0,2.085998942225995,0.417910447761194,3
92567,2.995732273553991,14.833333333333334,14.052631578947368,31.666666666666668,2.1000608288825715,0.4418604651162791,3
195102,1.6094379124341003,30.0,11.75,1.6666666666666667,2.302585092994046,0.2962962962962963,0
172561,2.0794415416798357,16.833333333333332,16.428571428571427,4.666666666666667,2.9444389791664403,0.3148148148148148,0
42949,2.70805020110221,18.923076923076923,13.0,17.5,1.9993988340062996,0.42168674698795183,0
49852,2.772588722239781,12.5,11.933333333333334,20.0,2.8247744754103516,0.5630630630630631,1
181755,1.791759469228055,16.0,14.4,2.5,2.772588722239781,0.06666666666666667,0
151420,1.6094379124341003,14.333333333333334,17.0,1.6666666666666667,1.6739764335716716,0.15384615384615385,3
78087,2.302585092994046,11.75,12.666666666666666,7.5,3.073850052817943,0.6787878787878788,1
50913,2.3978952727983707,13.0,16.0,9.166666666666666,1.7346010553881064,0.7380952380952381,3
187719,2.639057329615259,17.166666666666668,13.923076923076923,15.166666666666666,2.6567569067146595,0.4339622641509434,1
15982,1.791759469228055,12.25,17.2,2.5,2.224623551524334,0.3333333333333333,0
132123,1.791759469228055,28.75,15.0,2.5,2.639057329615259,0.17307692307692307,0
13702,1.791759469228055,24.25,11.4,2.5,2.803360380906535,0.14516129032258066,0
22433,2.639057329615259,19.25,13.23076923076923,15.166666666666666,2.03688192726104,0.3,0
183520,1.9459101490553132,17.0,16.666666666666668,3.5,2.128231705849268,0.21621621621621623,0
69597,4.2626798770413155,5.260869565217392,13.485714285714286,414.1666666666667,2.24440313761131,0.6872852233676976,2
72135,3.6375861597263857,7.166666666666667,12.91891891891892,117.16666666666667,1.8055527913603908,0.4644808743169399,1
97150,3.4965075614664802,10.774193548387096,13.34375,88.0,2.0255983096590127,0.6862745098039216,1
177082,3.258096538021482,13.458333333333334,11.16,54.166666666666664,3.2865344733420154,0.6828478964401294,1
101943,2.3978952727983707,24.555555555555557,11.8,9.166666666666666,2.9502698994772336,0.43558282208588955,0
34109,1.6094379124341003,22.0,16.25,1.6666666666666667,1.2039728043259361,0.14285714285714285,3
133850,1.791759469228055,30.0,15.6,2.5,1.7047480922384253,0.3888888888888889,3
143155,2.995732273553991,15.555555555555555,15.31578947368421,31.666666666666668,2.5301632413761213,0.6153846153846154,1
5589,4.204692619390966,5.569230769230769,10.954545454545455,368.5,1.8682455637867443,0.800561797752809,1
196947,1.6094379124341003,22.333333333333332,19.0,1.6666666666666667,2.7300291078209855,0.20930232558139536,0
122683,3.4011973816621555,9.0,13.931034482758621,72.5,2.5142342648825204,0.39308176100628933,1
4623,2.5649493574615367,19.0,13.833333333333334,13.0,2.864794916106515,0.6703296703296703,1
113340,3.367295829986474,8.444444444444445,14.214285714285714,67.66666666666667,2.657406468283455,0.5810055865921788,1
200791,1.6094379124341003,22.666666666666668,15.75,1.6666666666666667,2.268683541318364,0.15384615384615385,0
132545,3.5553480614894135,9.242424242424242,13.588235294117647,99.16666666666667,2.6646997602285962,0.8072562358276644,1
14079,2.0794415416798357,25.666666666666668,16.571428571428573,4.666666666666667,2.1000608288825715,0.46511627906976744,0
181611,2.833213344056216,11.8,11.8125,22.666666666666668,2.354544831924757,0.35664335664335667,0
47429,2.639057329615259,11.333333333333334,11.153846153846153,15.166666666666666,3.3843902633457743,0.43859649122807015,1
19113,1.9459101490553132,18.8,13.5,3.5,1.4350845252893227,0.375,3
146524,2.8903717578961645,18.625,14.647058823529411,25.5,2.4585198946148052,0.7076023391812866,1
32817,2.0794415416798357,11.166666666666666,17.428571428571427,4.666666666666667,2.120263536200091,0.3181818181818182,0
24101,3.713572066704308,8.102564102564102,11.775,136.66666666666666,2.3000176974888,0.7828571428571428,1
24848,3.044522437723423,8.736842105263158,14.05,35.0,2.259567707910355,0.588957055214724,1
61683,1.6094379124341003,30.0,23.0,1.6666666666666667,2.9618307218783095,0.18181818181818182,0
3964,4.110873864173311,5.5423728813559325,11.966666666666667,305.0,2.459154153685586,0.7036450079239303,2
26611,2.0794415416798357,22.166666666666668,9.285714285714286,4.666666666666667,2.412933150162911,0.32786885245901637,0
80037,1.6094379124341003,20.666666666666668,12.75,1.6666666666666667,2.268683541318364,0.038461538461538464,0
121505,3.828641396489095,6.363636363636363,13.955555555555556,172.5,1.955603278260973,0.5655430711610487,1
61227,3.1354942159291497,15.714285714285714,10.727272727272727,42.166666666666664,2.6855773452501515,0.6550522648083623,1
98350,2.1972245773362196,7.142857142857143,13.75,6.0,2.4107986776342782,0.29577464788732394,0
71772,3.2188758248682006,14.130434782608695,14.083333333333334,50.0,2.6328267798646223,0.5993265993265994,1
204170,2.995732273553991,16.22222222222222,13.31578947368421,31.666666666666668,2.8590212280120886,0.5641891891891891,1
204208,2.302585092994046,24.0,14.88888888888889,7.5,1.749199854809259,0.3684210526315789,0
24596,2.5649493574615367,12.545454545454545,12.25,13.0,2.406125771934886,0.3783783783783784,0
112970,2.70805020110221,17.23076923076923,12.785714285714286,17.5,2.3766930651477676,0.4330708661417323,0
84316,2.5649493574615367,20.0,13.583333333333334,13.0,2.338303175596125,0.5631067961165048,0
54324,2.639057329615259,14.25,14.461538461538462,15.166666666666666,2.1302138670532593,0.20224719101123595,3
158038,2.4849066497880004,7.0,12.545454545454545,11.0,2.468099531471619,0.6203703703703703,1
159657,3.2188758248682006,15.695652173913043,13.458333333333334,50.0,2.747828172559129,0.6101190476190477,1
126832,2.302585092994046,14.625,16.77777777777778,7.5,2.9378382951350885,0.3706293706293706,0
69244,2.0794415416798357,20.666666666666668,13.714285714285714,4.666666666666667,2.4277482359480516,0.46774193548387094,0
47840,3.7376696182833684,8.95,14.365853658536585,143.5,2.834682852035576,0.7691107644305772,1
132037,3.4657359027997265,8.4,15.96774193548387,82.66666666666667,1.9832976811269336,0.40425531914893614,3
184401,3.4965075614664802,8.67741935483871,15.0,88.0,1.844127454745371,0.7636363636363637,1
40952,2.302585092994046,19.875,14.0,7.5,2.665490586683414,0.5233644859813084,1
36990,2.3978952727983707,12.666666666666666,14.2,9.166666666666666,1.9136492868370918,0.11538461538461539,0
24024,2.1972245773362196,23.142857142857142,12.5,6.0,2.531426665422893,0.2222222222222222,0
47683,2.8903717578961645,17.375,13.117647058823529,25.5,1.2347444629926896,0.5128205128205128,3
94022,3.367295829986474,12.925925925925926,9.892857142857142,67.66666666666667,1.9245189590739957,0.5126582278481012,3
107876,2.3978952727983707,5.666666666666667,11.7,9.166666666666666,1.791759469228055,0.4888888888888889,3
172807,1.9459101490553132,26.6,11.666666666666666,3.5,1.791759469228055,0.08,0
95317,1.791759469228055,28.0,15.4,2.5,2.6741486494265287,0.37037037037037035,0
36667,3.4965075614664802,11.258064516129032,15.1875,88.0,2.2631062820202583,0.4419475655430712,1
78796,2.0794415416798357,18.166666666666668,12.428571428571429,4.666666666666667,2.2512917986064953,0.45098039215686275,0
14686,2.3978952727983707,5.888888888888889,14.5,9.166666666666666,2.268683541318364,0.20512820512820512,0
95767,3.912023005428146,6.5,12.693877551020408,204.16666666666666,2.719100037288795,0.6970588235294117,1
139975,2.639057329615259,12.916666666666666,14.307692307692308,15.166666666666666,1.55814461804655,0.3111111111111111,3
167913,1.791759469228055,20.75,13.2,2.5,2.1102132003465894,0.06896551724137931,0
11933,2.302585092994046,15.125,15.222222222222221,7.5,2.169053700369523,0.45161290322580644,3
57011,3.784189633918261,8.571428571428571,12.720930232558139,157.66666666666666,3.2717393144252687,0.7389671361502348,1
64959,2.0794415416798357,13.166666666666666,13.714285714285714,4.666666666666667,0.9808292530117262,0.8,3
28194,1.791759469228055,23.5,11.4,2.5,1.791759469228055,0.15,0
63564,1.6094379124341003,14.0,16.0,1.6666666666666667,3.1780538303479458,0.4492753623188406,0
25811,4.127134385045092,6.05,14.524590163934427,315.1666666666667,2.8497426460074267,0.7911975435005117,2
148645,2.0794415416798357,20.5,13.714285714285714,4.666666666666667,2.1000608288825715,0.16279069767441862,0
111327,4.02535169073515,6.481481481481482,15.072727272727272,256.6666666666667,2.0631051223601427,0.6199460916442049,1
150308,1.9459101490553132,28.0,12.0,3.5,1.4350845252893227,0.5625,0
57322,2.772588722239781,18.785714285714285,10.666666666666666,20.0,2.8247744754103516,0.545045045045045,1
101732,1.6094379124341003,12.666666666666666,13.25,1.6666666666666667,2.3353749158170367,0.07142857142857142,0
75412,1.9459101490553132,17.6,15.333333333333334,3.5,2.1972245773362196,0.025,0
160656,2.0794415416798357,21.0,11.857142857142858,4.666666666666667,2.8716796248840124,0.27,0
23274,3.1780538303479458,15.727272727272727,13.652173913043478,46.0,2.970414465569701,0.773955773955774,1
87838,2.302585092994046,24.125,15.0,7.5,1.9459101490553132,0.0625,0
130083,2.1972245773362196,22.142857142857142,14.125,6.0,2.816263785742443,0.19090909090909092,0
68913,2.0794415416798357,23.666666666666668,12.714285714285714,4.666666666666667,2.367123614131617,0.41379310344827586,0
24594,2.4849066497880004,22.3,12.727272727272727,11.0,2.766319109226186,0.5167785234899329,0
150324,2.8903717578961645,12.1875,13.0,25.5,2.9894626605403958,0.5165562913907285,1
190727,1.9459101490553132,15.4,10.666666666666666,3.5,2.856470206220483,0.34146341463414637,0
185977,3.8501476017100584,7.888888888888889,15.217391304347826,180.16666666666666,2.3958730274176028,0.5278396436525612,1
95316,2.0794415416798357,7.5,16.142857142857142,4.666666666666667,2.319114394945256,0.2545454545454545,0
34717,1.6094379124341003,22.333333333333332,11.5,1.6666666666666667,2.03688192726104,0.0,0
89108,2.3978952727983707,15.222222222222221,12.2,9.166666666666666,2.8841797876482436,0.40789473684210525,0
115080,1.791759469228055,18.5,14.2,2.5,2.277267285009756,0.5142857142857142,0
151935,1.6094379124341003,27.0,13.25,1.6666666666666667,2.3978952727983707,0.03333333333333333,0
43666,4.007333185232471,5.150943396226415,13.62962962962963,247.5,2.556202946018668,0.7317460317460317,1
89009,2.302585092994046,14.375,14.333333333333334,7.5,2.6996819514316934,0.5675675675675675,1
204577,1.9459101490553132,12.0,13.5,3.5,2.501435951739211,0.30357142857142855,0
179286,4.418840607796598,4.506172839506172,12.048780487804878,567.1666666666666,2.614959778036198,0.8255360623781677,2
59698,1.791759469228055,6.0,13.4,2.5,2.5257286443082556,0.2608695652173913,0
39889,1.6094379124341003,30.0,9.5,1.6666666666666667,3.39002408106403,0.26744186046511625,0
13997,3.8501476017100584,7.7555555555555555,11.673913043478262,180.16666666666666,2.645386464666906,0.5789473684210527,1
11082,1.6094379124341003,7.333333333333333,13.25,1.6666666666666667,2.7300291078209855,0.3488372093023256,0
182824,2.995732273553991,11.222222222222221,11.105263157894736,31.666666666666668,1.8370160608161759,0.5157894736842106,0
162051,2.833213344056216,17.266666666666666,9.8125,22.666666666666668,2.5902671654458267,0.4540540540540541,1
133021,2.5649493574615367,20.818181818181817,12.25,13.0,1.2909841813155658,0.5862068965517241,3
120167,2.0794415416798357,24.833333333333332,12.714285714285714,4.666666666666667,1.992430164690206,0.23684210526315788,0
14709,2.1972245773362196,24.571428571428573,17.25,6.0,2.243744592971112,0.5254237288135594,0
177667,3.091042453358316,14.25,15.285714285714286,38.5,2.128231705849268,0.722972972972973,1
69417,2.1972245773362196,21.0,13.125,6.0,2.4485390056171257,0.24324324324324326,0
205101,1.791759469228055,27.0,12.6,2.5,2.833213344056216,0.40625,0
110969,3.7612001156935624,6.341463414634147,13.714285714285714,150.5,2.538331816461581,0.5711297071129707,1
49124,1.791759469228055,30.0,17.4,2.5,2.6567569067146595,0.1509433962264151,0
94830,1.6094379124341003,8.0,18.0,1.6666666666666667,1.7346010553881064,0.0,0
133568,1.791759469228055,19.25,11.8,2.5,2.0149030205422647,0.23076923076923078,0
133615,1.791759469228055,21.25,15.2,2.5,1.749199854809259,0.05263157894736842,0
160291,1.6094379124341003,24.666666666666668,11.5,1.6666666666666667,2.1972245773362196,0.08333333333333333,0
196577,2.833213344056216,16.4,15.1875,22.666666666666668,1.9459101490553132,0.3111111111111111,3
188296,2.4849066497880004,25.1,12.818181818181818,11.0,2.424802725718295,0.5533980582524272,0
188450,2.772588722239781,12.857142857142858,16.2,20.0,1.6514021115331325,0.3559322033898305,3
69764,2.0794415416798357,17.833333333333332,16.857142857142858,4.666666666666667,2.1000608288825715,0.46511627906976744,0
133214,2.5649493574615367,13.363636363636363,15.583333333333334,13.0,1.791759469228055,0.2909090909090909,3
179999,1.9459101490553132,13.4,14.333333333333334,3.5,1.9459101490553132,0.23333333333333334,0
107218,1.6094379124341003,24.0,16.25,1.6666666666666667,1.2039728043259361,0.0,3
129354,2.302585092994046,20.375,11.666666666666666,7.5,2.4423470353692043,0.27380952380952384,0
57861,2.1972245773362196,19.142857142857142,11.875,6.0,1.455287232606842,0.2608695652173913,3
40070,1.6094379124341003,13.333333333333334,13.25,1.6666666666666667,1.3862943611198906,0.5555555555555556,3
27086,2.772588722239781,15.428571428571429,14.666666666666666,20.0,3.386808644210056,0.6425,1
30316,3.4011973816621555,11.964285714285714,11.310344827586206,72.5,1.13370360847938,0.8135593220338984,3
60153,2.0794415416798357,12.333333333333334,10.714285714285714,4.666666666666667,1.1526795099383853,0.23076923076923078,3
7817,1.6094379124341003,14.333333333333334,14.0,1.6666666666666667,2.5902671654458267,0.02702702702702703,0
3182,1.6094379124341003,15.333333333333334,11.5,1.6666666666666667,0.6931471805599453,0.3333333333333333,3
34959,2.639057329615259,15.083333333333334,13.0,15.166666666666666,2.8949907037524594,0.47317073170731705,1
176324,1.9459101490553132,27.8,13.166666666666666,3.5,3.459466289786131,0.45454545454545453,0
68954,2.3978952727983707,7.777777777777778,16.4,9.166666666666666,2.5301632413761213,0.4519230769230769,0
70741,3.4965075614664802,11.612903225806452,16.65625,88.0,2.4267990189807196,0.63125,1
106496,1.6094379124341003,23.333333333333332,15.75,1.6666666666666667,0.8472978603872036,0.25,3
117581,1.9459101490553132,27.0,13.333333333333334,3.5,2.681021528714291,0.4411764705882353,0
205875,1.791759469228055,18.5,18.6,2.5,1.5040773967762742,0.21428571428571427,3
106055,1.9459101490553132,17.6,12.166666666666666,3.5,2.91235066461494,0.3103448275862069,0
85719,4.127134385045092,5.9,15.426229508196721,315.1666666666667,2.2857779746776643,0.7490566037735849,2
36162,3.4965075614664802,7.903225806451613,12.1875,88.0,1.8287029844197393,0.7777777777777778,1
120224,1.791759469228055,23.25,14.4,2.5,2.374905754573672,0.20512820512820512,0
179201,2.302585092994046,14.0,10.666666666666666,7.5,1.7272209480904839,0.6756756756756757,3
75347,1.791759469228055,25.75,12.8,2.5,1.8325814637483102,0.23809523809523808,0
29497,1.6094379124341003,6.666666666666667,13.0,1.6666666666666667,2.120263536200091,0.5,0
30576,2.639057329615259,17.416666666666668,14.846153846153847,15.166666666666666,2.571339155560308,0.3310344827586207,1
104037,3.1354942159291497,14.333333333333334,16.40909090909091,42.166666666666664,2.787360039560094,0.575,1
172734,1.791759469228055,25.0,12.0,2.5,2.5257286443082556,0.32608695652173914,0
161883,2.8903717578961645,10.625,11.235294117647058,25.5,2.495269436823547,0.6179775280898876,1
45922,1.791759469228055,27.5,15.8,2.5,1.8325814637483102,0.047619047619047616,0
54603,3.4657359027997265,11.733333333333333,13.0,82.66666666666667,3.183594010723561,0.8126801152737753,1
182936,2.639057329615259,19.75,16.076923076923077,15.166666666666666,1.6894806201076369,0.5094339622641509,3
171640,2.302585092994046,6.25,18.555555555555557,7.5,2.6210388241125804,0.5686274509803921,0
144839,2.4849066497880004,21.9,13.272727272727273,11.0,0.7884573603642702,0.4166666666666667,3
119047,3.5553480614894135,10.696969696969697,13.382352941176471,99.16666666666667,3.194334715952083,0.6709844559585493,1
141208,1.6094379124341003,4.666666666666667,11.25,1.6666666666666667,2.367123614131617,0.41379310344827586,0
108817,3.1780538303479458,12.636363636363637,14.608695652173912,46.0,2.7466879938076243,0.6542056074766355,1
201788,2.70805020110221,6.615384615384615,13.642857142857142,17.5,0.8690378470236095,0.6666666666666666,3
166313,2.0794415416798357,26.0,13.0,4.666666666666667,2.498699971920336,0.208955223880597,0
60414,1.791759469228055,30.0,12.0,2.5,2.5649493574615367,0.22916666666666666,0
96141,4.0943445622221,6.068965517241379,13.559322033898304,295.0,2.4057017136912,0.6923076923076923,1
81936,3.091042453358316,10.85,14.476190476190476,38.5,1.8870696490323797,0.6339285714285714,1
67939,2.4849066497880004,14.3,15.181818181818182,11.0,1.9459101490553132,0.3,3
38912,3.332204510175204,11.76923076923077,10.185185185185185,63.0,1.4604023332736125,0.5465116279069767,3
47668,2.4849066497880004,13.8,14.636363636363637,11.0,3.0155349008501706,0.5773195876288659,1
9313,2.1972245773362196,22.0,11.75,6.0,2.4485390056171257,0.3783783783783784,0
189072,4.127134385045092,5.833333333333333,11.131147540983607,315.1666666666667,1.7549802177247584,0.7874564459930313,1
154954,3.258096538021482,10.791666666666666,14.76,54.166666666666664,2.1449561487904627,0.5414364640883977,1
56896,2.995732273553991,9.0,16.63157894736842,31.666666666666668,3.316204168828763,0.6548117154811716,1
149109,2.639057329615259,16.333333333333332,12.846153846153847,15.166666666666666,1.7197859696029658,0.36363636363636365,3
188349,2.0794415416798357,16.5,13.428571428571429,4.666666666666667,2.2857779746776643,0.37735849056603776,0
95669,2.1972245773362196,12.285714285714286,15.0,6.0,2.228477120840324,0.5344827586206896,3
49948,3.1354942159291497,12.428571428571429,13.818181818181818,42.166666666666664,2.1484344131667874,0.7421383647798742,1
1091,1.9459101490553132,23.2,13.0,3.5,2.322387720290225,0.3695652173913043,0
309,3.295836866004329,1.0,11.653846153846153,58.5,2.589266665112243,0.4318181818181818,1
71288,1.6094379124341003,23.666666666666668,16.75,1.6666666666666667,2.7300291078209855,0.20930232558139536,0
196773,2.0794415416798357,20.833333333333332,14.0,4.666666666666667,2.3978952727983707,0.4166666666666667,0
123277,1.9459101490553132,28.6,11.5,3.5,2.9338568698359033,0.1797752808988764,0
90439,3.6375861597263857,9.61111111111111,12.567567567567568,117.16666666666667,2.902641850487979,0.6370967741935484,1
8840,2.772588722239781,12.285714285714286,13.933333333333334,20.0,2.052290552613885,0.6105263157894737,3
5759,1.9459101490553132,8.4,15.833333333333334,3.5,1.9459101490553132,0.26666666666666666,0
117523,1.6094379124341003,21.666666666666668,9.5,1.6666666666666667,2.8903717578961645,0.13725490196078433,0
153458,2.5649493574615367,12.363636363636363,13.5,13.0,1.9965538818740682,0.5428571428571428,3
165297,1.6094379124341003,18.333333333333332,9.25,1.6666666666666667,2.120263536200091,0.045454545454545456,0
72966,3.1780538303479458,7.5,16.043478260869566,46.0,2.5684397624013053,0.4339622641509434,1
59565,2.0794415416798357,8.333333333333334,11.857142857142858,4.666666666666667,2.1594842493533726,0.43478260869565216,0
177234,3.7612001156935624,8.902439024390244,13.476190476190476,150.5,2.725778304395791,0.6461538461538462,1
76693,2.833213344056216,15.733333333333333,12.5625,22.666666666666668,2.91235066461494,0.5900383141762452,1
168598,2.0794415416798357,22.0,15.714285714285714,4.666666666666667,2.0583881324820035,0.14634146341463414,0
64256,2.833213344056216,18.133333333333333,13.25,22.666666666666668,2.1041341542702074,0.25,0
85139,1.6094379124341003,30.0,10.0,1.6666666666666667,2.6855773452501515,0.14634146341463414,0
179863,2.302585092994046,8.0,13.11111111111111,7.5,2.224623551524334,0.7575757575757576,1
150712,1.791759469228055,11.25,16.0,2.5,2.1102132003465894,0.27586206896551724,0
160030,1.6094379124341003,5.333333333333333,10.5,1.6666666666666667,2.367123614131617,0.1724137931034483,0
11362,1.6094379124341003,30.0,11.25,1.6666666666666667,2.1594842493533726,0.0,0
118472,2.1972245773362196,8.714285714285714,14.875,6.0,3.1166848839716534,0.5695364238410596,1
204087,2.70805020110221,3.8461538461538463,13.357142857142858,17.5,2.6607973162516645,0.36416184971098264,1
36375,2.1972245773362196,22.857142857142858,16.25,6.0,1.4880770554298328,0.375,3
92873,1.6094379124341003,24.333333333333332,16.75,1.6666666666666667,3.0757749812275277,0.06451612903225806,0
5003,4.61512051684126,3.323232323232323,15.01,841.6666666666666,2.7181005369557116,0.7651677373304783,2
173051,2.1972245773362196,22.428571428571427,11.875,6.0,2.6790626642289577,0.4631578947368421,0
64228,1.9459101490553132,16.4,12.833333333333334,3.5,2.2407096892759584,0.19047619047619047,0
44782,3.295836866004329,13.64,11.576923076923077,58.5,1.7439688053917064,0.576271186440678,3
63666,1.791759469228055,26.75,16.4,2.5,2.0149030205422647,0.23076923076923078,0
89385,3.6888794541139363,8.394736842105264,12.923076923076923,130.0,1.2222262446352863,0.7472527472527473,1
45164,1.9459101490553132,22.4,10.166666666666666,3.5,2.501435951739211,0.23214285714285715,0
50393,2.4849066497880004,15.0,15.818181818181818,11.0,1.33500106673234,0.39285714285714285,3
59494,2.4849066497880004,24.0,15.090909090909092,11.0,2.3702437414678603,0.4020618556701031,0
65978,2.1972245773362196,15.285714285714286,16.25,6.0,2.0243817644968085,0.45652173913043476,0
10307,2.1972245773362196,12.428571428571429,13.125,6.0,2.228477120840324,0.43103448275862066,3
134684,2.0794415416798357,11.666666666666666,17.142857142857142,4.666666666666667,2.3978952727983707,0.43333333333333335,0
114375,3.7612001156935624,8.317073170731707,13.333333333333334,150.5,2.8346470360580645,0.563165905631659,1
183665,1.9459101490553132,15.8,10.833333333333334,3.5,2.2407096892759584,0.2619047619047619,0
86696,2.302585092994046,19.5,13.444444444444445,7.5,1.791759469228055,0.35,3
109093,1.6094379124341003,26.333333333333332,8.5,1.6666666666666667,2.3353749158170367,0.07142857142857142,0
97215,2.995732273553991,8.222222222222221,14.263157894736842,31.666666666666668,2.3353749158170367,0.5,1
9989,2.4849066497880004,14.7,9.272727272727273,11.0,1.0986122886681096,0.7,3
121099,1.6094379124341003,10.333333333333334,10.75,1.6666666666666667,2.9444389791664403,0.2962962962962963,0
38389,1.6094379124341003,4.666666666666667,14.75,1.6666666666666667,1.791759469228055,0.4666666666666667,3
4980,3.4011973816621555,8.678571428571429,12.379310344827585,72.5,2.2990072716461616,0.6892430278884463,1
205583,1.9459101490553132,7.6,9.5,3.5,2.1041341542702074,0.05555555555555555,0
165188,1.9459101490553132,30.0,13.333333333333334,3.5,3.6635616461296463,0.23157894736842105,0
192963,2.1972245773362196,14.285714285714286,11.0,6.0,1.5198257537444133,0.4,0
16007,2.0794415416798357,19.0,10.571428571428571,4.666666666666667,2.917770732084279,0.29523809523809524,0
135160,2.302585092994046,13.0,13.666666666666666,7.5,1.9636097261547143,0.30612244897959184,3
71,3.2188758248682006,14.391304347826088,13.375,50.0,2.995732273553991,0.7574370709382151,1
61670,1.9459101490553132,7.4,16.5,3.5,2.6946271807700692,0.2753623188405797,0
125557,3.258096538021482,11.375,16.32,54.166666666666664,2.7488721956224653,0.46438746438746437,1
166984,3.295836866004329,12.08,15.538461538461538,58.5,2.481567748522486,0.6642335766423357,1
171206,3.332204510175204,9.153846153846153,12.481481481481481,63.0,1.241713132308783,0.875,3
2816,2.8903717578961645,13.875,13.0,25.5,1.8621402659898545,0.25287356321839083,0
128035,1.791759469228055,23.0,16.2,2.5,1.8325814637483102,0.23809523809523808,0
146553,1.9459101490553132,17.6,15.333333333333334,3.5,2.4159137783010487,0.3333333333333333,0
167652,2.1972245773362196,20.857142857142858,11.5,6.0,1.9042374526547454,0.225,0
1934,1.791759469228055,11.25,9.8,2.5,2.0794415416798357,0.03571428571428571,0
174999,2.0794415416798357,25.0,13.142857142857142,4.666666666666667,1.7635885922613586,0.20689655172413793,0
101146,1.791759469228055,8.0,15.8,2.5,1.9459101490553132,0.2916666666666667,0
135300,2.833213344056216,21.066666666666666,14.6875,22.666666666666668,3.2859112262043593,0.6088082901554405,0
48570,1.6094379124341003,19.666666666666668,13.75,1.6666666666666667,3.270835563798912,0.3815789473684211,0
49538,2.0794415416798357,17.333333333333332,12.428571428571429,4.666666666666667,2.5520459526256287,0.2676056338028169,0
103789,1.791759469228055,15.0,10.4,2.5,3.1986731175506815,0.1702127659574468,0
204948,2.1972245773362196,17.714285714285715,16.5,6.0,2.849880396541428,0.4473684210526316,0
85902,1.791759469228055,22.25,14.0,2.5,1.9459101490553132,0.125,0
81541,1.6094379124341003,11.0,15.75,1.6666666666666667,2.8526314299133175,0.24489795918367346,0
57659,2.9444389791664403,15.529411764705882,13.666666666666666,28.5,3.050109044432063,0.391812865497076,1
106032,3.258096538021482,14.333333333333334,12.0,54.166666666666664,2.942243588603005,0.7703016241299304,1
5990,1.791759469228055,23.75,16.8,2.5,2.803360380906535,0.3225806451612903,0
167829,2.302585092994046,15.375,13.11111111111111,7.5,1.4170660197866443,0.4,3
86946,1.6094379124341003,10.666666666666666,15.5,1.6666666666666667,2.5649493574615367,0.16666666666666666,0
135354,3.6888794541139363,9.157894736842104,13.153846153846153,130.0,2.817612403613736,0.6789297658862876,1
88131,3.9889840465642745,6.961538461538462,12.18867924528302,238.5,2.7975158289102517,0.7203495630461922,1
146830,4.060443010546419,5.964285714285714,15.508771929824562,275.5,2.383177100324349,0.5172413793103449,1
49836,3.4965075614664802,9.225806451612904,12.1875,88.0,1.791759469228055,0.6516129032258065,1
37519,2.302585092994046,19.125,11.11111111111111,7.5,1.3545456628053103,0.34782608695652173,3
44039,2.302585092994046,22.25,11.777777777777779,7.5,3.096708190893993,0.3727810650887574,0
76406,2.0794415416798357,20.666666666666668,18.428571428571427,4.666666666666667,2.9618307218783095,0.22727272727272727,0
73210,1.9459101490553132,15.6,15.0,3.5,2.5494451709255714,0.4915254237288136,0
43111,2.302585092994046,19.125,14.666666666666666,7.5,2.264363880173848,0.5797101449275363,3
58237,2.772588722239781,3.7142857142857144,13.533333333333333,20.0,2.929287174145838,0.375,1
167623,1.6094379124341003,14.666666666666666,8.5,1.6666666666666667,2.2335922215070942,0.32,0
19822,3.7612001156935624,8.902439024390244,12.214285714285714,150.5,2.768005062572123,0.7173202614379085,1
37303,1.791759469228055,25.5,15.4,2.5,0.8109302162163288,0.4,3
33195,4.248495242049359,5.338235294117647,12.985507246376812,402.5,2.5019179956145368,0.7506561679790026,2
68601,1.6094379124341003,10.666666666666666,12.0,1.6666666666666667,1.6739764335716716,0.0,0
138141,2.1972245773362196,25.428571428571427,10.0,6.0,2.496741107435003,0.3076923076923077,0
131763,3.8918202981106265,7.723404255319149,12.8125,196.0,2.426495887631586,0.5855670103092784,1
165461,2.3978952727983707,11.222222222222221,11.4,9.166666666666666,1.791759469228055,0.26666666666666666,0
175035,1.6094379124341003,30.0,11.75,1.6666666666666667,2.538973871058276,0.3142857142857143,0
160321,2.302585092994046,15.625,15.777777777777779,7.5,2.883403088580071,0.18518518518518517,0
114520,2.3978952727983707,26.0,14.1,9.166666666666666,2.184802057337662,0.2112676056338028,0
142076,1.6094379124341003,30.0,12.5,1.6666666666666667,2.614959778036198,0.18421052631578946,0
82520,3.258096538021482,9.958333333333334,14.6,54.166666666666664,2.4849066497880004,0.5909090909090909,1
31063,3.2188758248682006,12.391304347826088,13.708333333333334,50.0,1.9944044989939238,0.22602739726027396,3
195318,4.0943445622221,6.275862068965517,14.0,295.0,2.3281183949992106,0.7746741154562383,1
84265,3.332204510175204,7.884615384615385,14.074074074074074,63.0,3.0166654832204567,0.689108910891089,1
128348,1.6094379124341003,29.333333333333332,16.5,1.6666666666666667,2.4277482359480516,0.25806451612903225,0
21270,1.791759469228055,24.75,15.0,2.5,2.5455312716044354,0.2765957446808511,0
138637,3.091042453358316,13.9,16.333333333333332,38.5,2.9231615807191558,0.6420454545454546,1
110654,2.302585092994046,20.25,11.222222222222221,7.5,2.7245795030534206,0.2719298245614035,0
181972,2.9444389791664403,18.352941176470587,11.833333333333334,28.5,2.794407769634421,0.5478927203065134,1
104463,3.5263605246161616,4.375,12.969696969696969,93.5,2.9444389791664403,0.6475694444444444,1
182772,4.61512051684126,2.8686868686868685,14.75,841.6666666666666,1.992430164690206,0.7767145135566188,2
155901,3.9512437185814275,7.28,14.07843137254902,221.0,2.1065702090680887,0.7728531855955678,1
56982,1.6094379124341003,25.333333333333332,14.25,1.6666666666666667,0.9808292530117262,0.0,3
138208,4.3694478524670215,4.740259740259741,15.58974358974359,513.5,2.501010057354579,0.894431554524362,2
37414,2.302585092994046,7.875,11.11111111111111,7.5,1.6817585740137266,0.5428571428571428,0
57445,2.9444389791664403,13.058823529411764,15.11111111111111,28.5,3.0045171031097238,0.6625766871165644,1
187493,2.639057329615259,18.916666666666668,12.23076923076923,15.166666666666666,1.2762934659055623,0.2903225806451613,3
63707,3.6375861597263857,9.61111111111111,17.756756756756758,117.16666666666667,1.8502030650981296,0.7512953367875648,1
51060,3.2188758248682006,14.130434782608695,12.75,50.0,1.9704512579714308,0.4859154929577465,3
41094,2.0794415416798357,11.666666666666666,13.714285714285714,4.666666666666667,2.367123614131617,0.1724137931034483,0
154807,3.7612001156935624,8.878048780487806,11.238095238095237,150.5,2.006739709903104,0.7575757575757576,1
107315,2.4849066497880004,25.4,16.636363636363637,11.0,2.740840023925201,0.4827586206896552,0
144686,1.9459101490553132,22.8,13.666666666666666,3.5,1.9459101490553132,0.3333333333333333,0
94344,2.8903717578961645,20.875,12.882352941176471,25.5,3.2188758248682006,0.6536458333333334,1
130489,2.70805020110221,12.76923076923077,14.5,17.5,2.030170492673053,0.4883720930232558,3
55127,2.9444389791664403,18.88235294117647,11.944444444444445,28.5,2.8015762591130335,0.7110266159695817,1
2265,2.302585092994046,20.75,11.444444444444445,7.5,1.4170660197866443,0.28,3
205394,3.295836866004329,13.16,16.0,58.5,2.7523860149222616,0.5940054495912807,1
10749,1.6094379124341003,19.333333333333332,12.25,1.6666666666666667,1.8971199848858813,0.11764705882352941,0
15526,1.9459101490553132,12.4,12.5,3.5,2.1041341542702074,0.1388888888888889,0
61803,2.0794415416798357,17.833333333333332,15.142857142857142,4.666666666666667,2.3513752571634776,0.3684210526315789,0
19203,2.0794415416798357,29.166666666666668,14.285714285714286,4.666666666666667,2.367123614131617,0.25862068965517243,0
130359,3.6888794541139363,9.552631578947368,12.615384615384615,130.0,2.3785709999719677,0.46236559139784944,1
166708,2.3978952727983707,7.888888888888889,17.9,9.166666666666666,2.184802057337662,0.6901408450704225,1
180694,1.791759469228055,28.75,15.6,2.5,2.374905754573672,0.2564102564102564,0
172266,2.70805020110221,13.384615384615385,13.571428571428571,17.5,1.7788560643921472,0.53125,3
199780,3.9889840465642745,6.903846153846154,14.150943396226415,238.5,3.013836627019979,0.7219463753723933,1
141849,2.639057329615259,19.916666666666668,16.23076923076923,15.166666666666666,2.9661318037777002,0.6832579185520362,1
152223,2.302585092994046,17.0,12.11111111111111,7.5,2.6210388241125804,0.2549019607843137,0
188784,3.044522437723423,8.68421052631579,12.9,35.0,1.6805338341178306,0.43373493975903615,0
69086,3.58351893845611,3.0294117647058822,11.657142857142857,105.0,2.1469627425553313,0.6070038910505836,1
178561,1.6094379124341003,21.0,11.25,1.6666666666666667,3.5361166995615263,0.23,0
64019,1.6094379124341003,11.666666666666666,11.0,1.6666666666666667,3.628775530044231,0.5272727272727272,0
170208,3.1354942159291497,10.333333333333334,13.409090909090908,42.166666666666664,3.1271781596874924,0.6724890829694323,1
51468,4.356708826689592,3.8157894736842106,12.714285714285714,500.5,2.5299303311619554,0.7710706150341685,2
30357,1.9459101490553132,26.4,10.166666666666666,3.5,1.3862943611198906,0.2,3
20670,2.9444389791664403,7.411764705882353,13.166666666666666,28.5,2.3871424810221087,0.5297619047619048,1
27418,2.3978952727983707,16.444444444444443,13.6,9.166666666666666,2.5649493574615367,0.24074074074074073,0
25556,2.639057329615259,19.166666666666668,11.538461538461538,15.166666666666666,2.0689702418125404,0.6385542168674698,0
196057,2.9444389791664403,11.529411764705882,15.166666666666666,28.5,1.9870682215488207,0.5514018691588785,3
20451,4.61512051684126,2.0606060606060606,14.27,841.6666666666666,2.477302050402781,0.7694444444444445,2
160242,3.044522437723423,12.631578947368421,16.75,35.0,2.7045352589947655,0.5962264150943396,1
29767,2.995732273553991,10.333333333333334,8.842105263157896,31.666666666666668,1.3581234841531944,0.5769230769230769,3
43053,1.6094379124341003,30.0,12.5,1.6666666666666667,1.3862943611198906,0.0,0
195172,2.0794415416798357,24.0,14.285714285714286,4.666666666666667,1.9459101490553132,0.3888888888888889,0
112745,1.791759469228055,15.0,18.4,2.5,1.8325814637483102,0.23809523809523808,0
111796,2.1972245773362196,9.857142857142858,14.5,6.0,2.9139022553063585,0.5327868852459017,1
113301,2.0794415416798357,12.166666666666666,16.428571428571427,4.666666666666667,2.70805020110221,0.2619047619047619,0
181453,2.995732273553991,15.11111111111111,13.052631578947368,31.666666666666668,2.3774864011671637,0.7215909090909091,1
30557,1.6094379124341003,30.0,15.75,1.6666666666666667,0.8472978603872036,0.5,3
93590,2.3978952727983707,20.22222222222222,16.3,9.166666666666666,2.093234863812172,0.546875,0
173769,2.1972245773362196,20.0,9.875,6.0,2.9444389791664403,0.3333333333333333,0
99141,2.8903717578961645,16.625,14.705882352941176,25.5,1.4170660197866443,0.6,3
57196,2.0794415416798357,10.833333333333334,13.285714285714286,4.666666666666667,2.0583881324820035,0.2682926829268293,0
71430,1.791759469228055,26.0,10.2,2.5,2.7568403652716422,0.23728813559322035,0
13565,1.791759469228055,25.0,14.0,2.5,0.8109302162163288,0.4,3
26493,2.0794415416798357,23.0,11.428571428571429,4.666666666666667,2.512305623976115,0.3088235294117647,0
158183,1.791759469228055,12.5,9.4,2.5,2.224623551524334,0.24242424242424243,0
139705,1.6094379124341003,14.666666666666666,15.75,1.6666666666666667,1.5404450409471488,0.2727272727272727,3
137342,3.5263605246161616,10.90625,15.545454545454545,93.5,2.7468701929517922,0.6488222698072805,1
92497,1.6094379124341003,21.666666666666668,12.75,1.6666666666666667,3.283414346005772,0.22077922077922077,0
45036,2.0794415416798357,26.333333333333332,13.571428571428571,4.666666666666667,2.498699971920336,0.7014925373134329,0
73118,2.302585092994046,23.375,15.555555555555555,7.5,1.3217558399823195,0.2727272727272727,3
132990,2.0794415416798357,23.166666666666668,11.428571428571429,4.666666666666667,2.9356283494842854,0.308411214953271,0
174822,3.8501476017100584,7.911111111111111,13.717391304347826,180.16666666666666,1.1972838161751393,0.875,1
84989,2.4849066497880004,13.2,9.636363636363637,11.0,2.3702437414678603,0.6701030927835051,1
105120,3.4657359027997265,12.1,10.193548387096774,82.66666666666667,3.142714463902637,0.7112781954887218,1
79775,2.0794415416798357,23.0,11.857142857142858,4.666666666666667,2.6741486494265287,0.14814814814814814,0
132022,4.61512051684126,2.9393939393939394,17.43,841.6666666666666,3.0152377681782476,0.8270833333333333,2
117157,1.791759469228055,22.0,10.6,2.5,2.4423470353692043,0.30952380952380953,0
107911,4.02535169073515,5.592592592592593,12.927272727272728,256.6666666666667,1.9745952970541718,0.46865671641791046,1
37152,4.356708826689592,4.657894736842105,13.155844155844155,500.5,2.1765443720986806,0.82996632996633,2
12945,1.6094379124341003,2.0,17.25,1.6666666666666667,1.4663370687934272,0.1,0
60860,1.9459101490553132,21.0,12.333333333333334,3.5,2.4336133554004498,0.5,0
52164,1.6094379124341003,4.333333333333333,16.0,1.6666666666666667,2.1972245773362196,0.08333333333333333,0
3827,4.23410650459726,2.582089552238806,12.176470588235293,391.0,2.198881578543849,0.49906890130353815,2
81162,1.6094379124341003,25.333333333333332,11.25,1.6666666666666667,1.2039728043259361,0.42857142857142855,3
96014,1.9459101490553132,26.6,14.0,3.5,2.4336133554004498,0.2692307692307692,0
93414,2.639057329615259,14.75,15.153846153846153,15.166666666666666,2.1972245773362196,0.16666666666666666,3
25405,1.9459101490553132,19.8,13.833333333333334,3.5,2.2192034840549946,0.14634146341463414,0
89799,4.61512051684126,2.5555555555555554,13.04,841.6666666666666,2.2357543845115893,0.814993954050786,2
53314,2.1972245773362196,26.571428571428573,12.75,6.0,2.6790626642289577,0.28421052631578947,0
37678,2.1972245773362196,23.0,13.75,6.0,1.0498221244986778,0.3076923076923077,3
185039,2.1972245773362196,27.285714285714285,15.125,6.0,2.929287174145838,0.3387096774193548,0
76661,2.3978952727983707,24.0,13.8,9.166666666666666,1.6529230243738393,0.5526315789473685,0
83523,3.4965075614664802,10.0,12.78125,88.0,2.14196189866117,0.4892703862660944,1
163232,2.0794415416798357,24.833333333333332,12.857142857142858,4.666666666666667,2.319114394945256,0.09090909090909091,0
42523,2.995732273553991,10.833333333333334,14.105263157894736,31.666666666666668,2.6430177308313554,0.5063829787234042,1
176052,3.58351893845611,7.735294117647059,14.685714285714285,105.0,2.6619035984664285,0.5739514348785872,1
105816,4.02535169073515,6.666666666666667,12.563636363636364,256.6666666666667,2.6817822742815998,0.889795918367347,1
29691,2.4849066497880004,19.5,12.272727272727273,11.0,2.0794415416798357,0.6571428571428571,0
127929,2.1972245773362196,18.857142857142858,15.25,6.0,2.639057329615259,0.2087912087912088,0
144770,1.791759469228055,5.5,16.0,2.5,2.302585092994046,0.4166666666666667,0
52788,1.9459101490553132,9.2,12.0,3.5,2.1972245773362196,0.3,0
165359,2.5649493574615367,15.272727272727273,13.916666666666666,13.0,2.477302050402781,0.375,3
104558,2.1972245773362196,17.714285714285715,17.25,6.0,2.46080909820894,0.30666666666666664,0
143045,2.1972245773362196,11.285714285714286,16.125,6.0,2.649209701079277,0.40217391304347827,0
30844,2.9444389791664403,5.882352941176471,14.722222222222221,28.5,2.266653083767982,0.6054421768707483,1
165423,2.995732273553991,10.055555555555555,13.526315789473685,31.666666666666668,2.3513752571634776,0.27485380116959063,0
96939,1.6094379124341003,25.666666666666668,14.25,1.6666666666666667,1.992430164690206,0.21052631578947367,0
71236,2.995732273553991,15.333333333333334,11.368421052631579,31.666666666666668,1.9379419794061366,0.8037383177570093,3
136533,3.784189633918261,8.023809523809524,15.627906976744185,157.66666666666666,2.429846872604973,0.6781609195402298,1
145463,1.6094379124341003,24.666666666666668,10.75,1.6666666666666667,3.506557897319982,0.1134020618556701,0
172434,3.912023005428146,7.520833333333333,10.775510204081632,204.16666666666666,1.5448993912965292,0.8531073446327684,1
163373,3.295836866004329,8.16,12.461538461538462,58.5,2.498151876538021,0.48028673835125446,1
172054,4.61512051684126,3.111111111111111,13.49,841.6666666666666,2.4471663218051534,0.7569377990430622,2
80448,1.6094379124341003,28.333333333333332,15.0,1.6666666666666667,1.9459101490553132,0.2222222222222222,0
177428,2.0794415416798357,26.666666666666668,13.142857142857142,4.666666666666667,2.627081138568543,0.5064935064935064,0
85476,3.091042453358316,13.2,10.857142857142858,38.5,1.5686159179138452,0.5,3
86531,3.8712010109078907,5.565217391304348,13.170212765957446,188.0,2.541259586339132,0.5817843866171004,1
32096,2.5649493574615367,8.181818181818182,11.666666666666666,13.0,2.783888277493715,0.562874251497006,1
26237,2.3978952727983707,15.555555555555555,11.0,9.166666666666666,2.6548056865833978,0.2857142857142857,0
104172,3.332204510175204,13.384615384615385,15.814814814814815,63.0,2.5195557852011747,0.6767676767676768,1
200837,2.5649493574615367,20.818181818181817,14.333333333333334,13.0,3.1275576663334133,0.5666666666666667,0
99811,1.791759469228055,11.0,14.4,2.5,2.0794415416798357,0.0,0
152429,3.7612001156935624,6.902439024390244,13.857142857142858,150.5,3.0526196479560426,0.5973397823458283,1
122569,2.3978952727983707,14.222222222222221,12.1,9.166666666666666,3.3518515075590005,0.31048387096774194,0
70634,3.091042453358316,15.45,16.952380952380953,38.5,2.180417459019838,0.5987261146496815,0
108429,2.0794415416798357,11.5,13.142857142857142,4.666666666666667,2.6855773452501515,0.10975609756097561,0
189581,2.833213344056216,15.133333333333333,10.9375,22.666666666666668,1.955388893009857,0.34065934065934067,0
3113,2.1972245773362196,24.0,13.75,6.0,1.6916760106710726,0.3225806451612903,0
150955,2.1972245773362196,23.0,14.625,6.0,3.3063632789913164,0.5706521739130435,0
205954,1.9459101490553132,12.8,10.833333333333334,3.5,2.9549102790337356,0.2857142857142857,0
117864,2.1972245773362196,18.571428571428573,14.0,6.0,2.6288008294480694,0.12222222222222222,0
160809,2.1972245773362196,20.142857142857142,12.875,6.0,2.3581549441488563,0.6417910447761194,0
16789,2.4849066497880004,20.5,12.727272727272727,11.0,2.3513752571634776,0.7263157894736842,0
39517,2.1972245773362196,18.857142857142858,13.625,6.0,2.4107986776342782,0.4647887323943662,0
64623,3.258096538021482,8.0,13.0,54.166666666666664,2.5223897430427407,0.6327272727272727,1
125974,1.6094379124341003,22.0,11.5,1.6666666666666667,1.6739764335716716,0.15384615384615385,0
95424,2.1972245773362196,14.857142857142858,16.875,6.0,2.5973846332146904,0.25287356321839083,0
196562,3.9318256327243257,7.408163265306122,13.0,212.5,2.9508629841277956,0.8198198198198198,1
111942,2.0794415416798357,20.5,13.571428571428571,4.666666666666667,1.9218125974762528,0.4857142857142857,0
110887,1.791759469228055,30.0,12.2,2.5,2.5455312716044354,0.2553191489361702,0
35723,3.6635616461296463,9.72972972972973,15.973684210526315,123.5,2.2441540095582027,0.5801282051282052,1
81028,2.5649493574615367,8.363636363636363,14.166666666666666,13.0,2.958691001873642,0.5323383084577115,1
118098,2.5649493574615367,7.454545454545454,11.083333333333334,13.0,2.6646997602285962,0.3129251700680272,0
173488,2.995732273553991,10.61111111111111,14.421052631578947,31.666666666666668,1.9616585060234524,0.4909090909090909,3
179793,2.302585092994046,10.875,12.333333333333334,7.5,1.2163953243244932,0.8421052631578947,3
67398,3.258096538021482,11.0,12.48,54.166666666666664,1.437066686493314,0.2987012987012987,0
14222,1.791759469228055,30.0,15.0,2.5,2.4423470353692043,0.023809523809523808,0
8267,3.9889840465642745,6.980769230769231,13.79245283018868,238.5,2.190793687005929,0.7675544794188862,1
67804,2.1972245773362196,30.0,12.875,6.0,1.3862943611198906,0.7619047619047619,0
174433,3.2188758248682006,13.130434782608695,12.083333333333334,50.0,1.499234772300486,0.325,0
138855,2.9444389791664403,14.0,14.777777777777779,28.5,2.600508659498024,0.4481132075471698,1
36525,1.6094379124341003,25.0,18.5,1.6666666666666667,3.0122615755052013,0.29310344827586204,0
79898,2.0794415416798357,16.666666666666668,12.571428571428571,4.666666666666667,2.4423470353692043,0.2698412698412698,0
17757,1.791759469228055,7.0,9.2,2.5,2.833213344056216,0.453125,0
127416,2.4849066497880004,18.4,16.181818181818183,11.0,2.3978952727983707,0.21,0
102465,3.091042453358316,16.8,13.952380952380953,38.5,2.5764217586237734,0.6213991769547325,1
153745,1.9459101490553132,11.2,13.0,3.5,3.4904285153900982,0.4025157232704403,1
127845,2.4849066497880004,21.9,12.454545454545455,11.0,2.533696813957432,0.45689655172413796,0
89908,2.0794415416798357,18.5,14.285714285714286,4.666666666666667,2.3978952727983707,0.25,0
170965,1.9459101490553132,26.8,13.5,3.5,2.2823823856765264,0.18181818181818182,0
203685,2.0794415416798357,13.833333333333334,17.428571428571427,4.666666666666667,1.791759469228055,0.5,0
11027,3.7612001156935624,8.804878048780488,11.976190476190476,150.5,1.2492725635555995,0.7156862745098039,1
158163,1.6094379124341003,28.0,15.0,1.6666666666666667,2.2335922215070942,0.12,0
165999,1.791759469228055,21.25,10.2,2.5,2.0149030205422647,0.5,0
84482,2.302585092994046,6.25,14.777777777777779,7.5,2.474435349920705,0.25287356321839083,0
31472,2.0794415416798357,8.0,16.714285714285715,4.666666666666667,1.4663370687934272,0.55,3
71618,2.4849066497880004,17.0,12.636363636363637,11.0,2.341805806147327,0.44680851063829785,0
65635,2.4849066497880004,12.0,13.454545454545455,11.0,2.6602595372658615,0.5112781954887218,1
130952,2.3978952727983707,21.0,14.0,9.166666666666666,2.0074680420547466,0.39655172413793105,0
28375,1.9459101490553132,13.0,14.333333333333334,3.5,1.9740810260220096,0.22580645161290322,0
148958,2.772588722239781,16.928571428571427,12.066666666666666,20.0,2.7362210780689065,0.4752475247524752,1
6099,3.091042453358316,12.8,13.714285714285714,38.5,2.917770732084279,0.5914285714285714,1
87554,2.639057329615259,25.333333333333332,9.76923076923077,15.166666666666666,1.625967214385311,0.7346938775510204,0
144569,1.6094379124341003,30.0,13.0,1.6666666666666667,2.538973871058276,0.02857142857142857,0
168447,2.4849066497880004,21.7,15.454545454545455,11.0,2.9391619220655967,0.2849162011173184,0
146280,1.791759469228055,21.75,16.4,2.5,1.3217558399823195,0.45454545454545453,3
74495,1.9459101490553132,7.4,16.666666666666668,3.5,1.9459101490553132,0.3333333333333333,0
13243,2.0794415416798357,17.166666666666668,8.571428571428571,4.666666666666667,2.2335922215070942,0.34,0
17608,2.0794415416798357,9.333333333333334,10.857142857142858,4.666666666666667,2.7300291078209855,0.32558139534883723,0
176734,2.5649493574615367,18.0,14.333333333333334,13.0,1.067840630001356,0.23809523809523808,3
165886,3.5553480614894135,5.818181818181818,12.617647058823529,99.16666666666667,2.5461252722159013,0.6443298969072165,1
155573,1.6094379124341003,13.0,15.0,1.6666666666666667,2.03688192726104,0.1,0
77266,3.044522437723423,3.8947368421052633,13.25,35.0,2.9276788103089753,0.49107142857142855,1
166247,3.367295829986474,11.592592592592593,12.5,67.66666666666667,1.8859466842877561,0.6688741721854304,1
172541,1.6094379124341003,25.0,11.75,1.6666666666666667,2.5649493574615367,0.1111111111111111,0
82005,1.9459101490553132,28.6,14.166666666666666,3.5,2.6946271807700692,0.2463768115942029,0
41784,2.1972245773362196,15.285714285714286,10.625,6.0,1.1451323043030026,0.2,3
59168,2.302585092994046,16.25,12.777777777777779,7.5,1.4469189829363254,0.5769230769230769,3
131830,1.6094379124341003,30.0,13.25,1.6666666666666667,1.5404450409471488,0.0,0
137368,1.6094379124341003,17.666666666666668,14.0,1.6666666666666667,1.2039728043259361,0.0,3
52962,4.553876891600541,3.795698924731183,13.702127659574469,744.1666666666666,2.0631810208080554,0.7417840375586855,2
119906,1.9459101490553132,18.4,11.0,3.5,1.33500106673234,0.6428571428571429,3
191784,1.9459101490553132,22.6,14.0,3.5,0.6931471805599453,0.8,3
1749,2.3978952727983707,14.777777777777779,14.6,9.166666666666666,1.6529230243738393,0.39473684210526316,3
166755,1.6094379124341003,10.0,14.0,1.6666666666666667,1.8458266904983307,0.0625,0
194433,2.639057329615259,8.333333333333334,12.384615384615385,15.166666666666666,1.8845412026790211,0.417910447761194,0
4912,2.1972245773362196,26.428571428571427,11.25,6.0,1.6916760106710726,0.3548387096774194,0
50987,2.4849066497880004,20.7,15.363636363636363,11.0,2.8094026953624973,0.5512820512820513,0
50355,1.791759469228055,14.5,11.0,2.5,1.9095425048844383,0.13043478260869565,0
177169,1.9459101490553132,27.0,14.666666666666666,3.5,2.302585092994046,0.37777777777777777,0
111730,2.4849066497880004,19.8,14.636363636363637,11.0,2.803360380906535,0.5548387096774193,0
23533,2.8903717578961645,13.625,13.705882352941176,25.5,2.176171168138387,0.504,3
140913,2.772588722239781,14.071428571428571,12.466666666666667,20.0,2.391380591777177,0.7913669064748201,1
49609,2.302585092994046,12.5,13.666666666666666,7.5,2.6479462770325046,0.24761904761904763,0
161405,3.5553480614894135,9.909090909090908,15.0,99.16666666666667,2.3176229703585864,0.3675496688741722,1
111224,2.5649493574615367,14.090909090909092,14.916666666666666,13.0,1.2656663733312759,0.5357142857142857,3
142400,3.5553480614894135,10.545454545454545,15.617647058823529,99.16666666666667,2.2623942124108005,0.4014084507042254,1
52842,2.639057329615259,20.0,12.846153846153847,15.166666666666666,2.6683849447097785,0.37267080745341613,0
86949,1.791759469228055,16.0,15.8,2.5,0.9162907318741551,0.3333333333333333,3
37281,3.367295829986474,8.37037037037037,7.285714285714286,67.66666666666667,2.3460702049337847,0.6627450980392157,1
174658,3.5553480614894135,8.575757575757576,16.147058823529413,99.16666666666667,2.268683541318364,0.4965034965034965,1
101613,1.791759469228055,14.75,15.2,2.5,2.803360380906535,0.04838709677419355,0
88750,1.9459101490553132,5.8,13.666666666666666,3.5,2.4336133554004498,0.46153846153846156,0
134242,2.3978952727983707,14.222222222222221,13.4,9.166666666666666,1.0608719606852626,0.5294117647058824,3
158247,3.6375861597263857,9.527777777777779,12.945945945945946,117.16666666666667,2.0404985677312286,0.7966804979253111,1
36992,2.5649493574615367,19.545454545454547,15.333333333333334,13.0,2.256065077359153,0.3723404255319149,0
73120,2.70805020110221,4.076923076923077,13.714285714285714,17.5,2.4186572642467996,0.6616541353383458,1
146476,3.1354942159291497,15.380952380952381,11.863636363636363,42.166666666666664,2.018072595303544,0.17518248175182483,0
118753,1.791759469228055,23.25,13.8,2.5,2.6210388241125804,0.4117647058823529,0
94881,1.9459101490553132,25.6,13.5,3.5,2.6946271807700692,0.18840579710144928,0
122436,1.9459101490553132,23.8,11.333333333333334,3.5,2.2407096892759584,0.6190476190476191,0
44673,1.791759469228055,29.0,18.2,2.5,2.0149030205422647,0.5,0
41848,4.07753744390572,6.175438596491228,14.189655172413794,285.1666666666667,2.0639716199077043,0.8877551020408163,1
94601,4.290459441148391,5.098591549295775,12.597222222222221,438.0,2.5138271153308676,0.8387096774193549,2
11937,2.302585092994046,18.0,15.222222222222221,7.5,1.5040773967762742,0.35714285714285715,3
56413,2.9444389791664403,17.235294117647058,13.88888888888889,28.5,2.893634403530981,0.5793103448275863,1
61270,2.995732273553991,14.38888888888889,12.894736842105264,31.666666666666668,1.4790760945708568,0.19672131147540983,0
157723,2.0794415416798357,26.0,12.571428571428571,4.666666666666667,2.2512917986064953,0.21568627450980393,0
55795,3.9889840465642745,6.673076923076923,13.641509433962264,238.5,2.410058758991568,0.7666034155597723,1
99124,2.70805020110221,6.923076923076923,10.428571428571429,17.5,1.7117167615545186,0.847457627118644,3
175286,3.713572066704308,8.256410256410257,14.45,136.66666666666666,2.2335922215070942,0.5538461538461539,1
78686,3.7376696182833684,8.45,13.609756097560975,143.5,3.2733640101522705,0.875,1
184660,3.1354942159291497,3.0,13.318181818181818,42.166666666666664,3.0888756052732256,0.5840909090909091,1
51356,1.6094379124341003,27.333333333333332,13.25,1.6666666666666667,2.4277482359480516,0.22580645161290322,0
194914,3.091042453358316,15.95,13.428571428571429,38.5,2.580216829592325,0.45081967213114754,1
117838,1.791759469228055,25.75,13.8,2.5,2.1972245773362196,0.03125,0
169220,1.6094379124341003,14.666666666666666,21.0,1.6666666666666667,1.7346010553881064,0.2857142857142857,0
65836,2.302585092994046,16.125,12.0,7.5,2.505525936990736,0.15555555555555556,0
92916,3.295836866004329,14.24,14.692307692307692,58.5,2.341805806147327,0.5361702127659574,1
71235,3.4339872044851463,6.551724137931035,12.4,77.5,1.4033887944791907,0.7865168539325843,1
157063,3.295836866004329,2.32,14.653846153846153,58.5,0.9707789171582247,0.8536585365853658,1
14974,3.2188758248682006,7.086956521739131,11.958333333333334,50.0,1.8549383708495866,0.6693548387096774,3
111865,2.302585092994046,14.75,13.333333333333334,7.5,2.3978952727983707,0.5125,3
132201,4.189654742026425,5.59375,15.246153846153845,357.5,1.9614143355912785,0.6854219948849105,2
152104,3.295836866004329,12.4,11.461538461538462,58.5,2.8656235882069705,0.5917874396135265,1
110046,2.639057329615259,15.416666666666666,14.538461538461538,15.166666666666666,2.2857779746776643,0.4056603773584906,3
22833,1.791759469228055,27.25,14.6,2.5,2.4849066497880004,0.25,0
41276,3.044522437723423,13.526315789473685,12.0,35.0,2.510882136191261,0.4558139534883721,1
29000,2.1972245773362196,21.428571428571427,12.75,6.0,1.8382794848629478,0.32432432432432434,3
42821,2.639057329615259,4.083333333333333,11.307692307692308,15.166666666666666,2.7777835391168852,0.3425414364640884,0
41821,3.7376696182833684,8.625,12.024390243902438,143.5,2.2925347571405443,0.547752808988764,1
71889,2.5649493574615367,19.545454545454547,14.75,13.0,1.6964492894237302,0.5102040816326531,3
66861,2.1972245773362196,19.714285714285715,18.75,6.0,2.46080909820894,0.28,0
107965,2.0794415416798357,15.166666666666666,12.571428571428571,4.666666666666667,2.319114394945256,0.21818181818181817,0
115587,2.639057329615259,20.75,13.384615384615385,15.166666666666666,1.9339339580085977,0.28169014084507044,0
142968,2.1972245773362196,24.714285714285715,13.375,6.0,0.8873031950009028,0.7,3
141666,2.639057329615259,13.0,14.307692307692308,15.166666666666666,2.0037297199441397,0.5324675324675324,3
4672,2.3978952727983707,24.666666666666668,14.3,9.166666666666666,2.7444178452730847,0.4732824427480916,0
7181,1.9459101490553132,6.8,12.833333333333334,3.5,2.681021528714291,0.20588235294117646,0
156009,2.4849066497880004,24.7,9.454545454545455,11.0,2.5572273113676265,0.453781512605042,0
147768,1.6094379124341003,21.0,15.75,1.6666666666666667,1.0986122886681096,0.3333333333333333,3
160096,3.9889840465642745,7.0,13.584905660377359,238.5,2.49764567556543,0.6327586206896552,1
142959,3.2188758248682006,12.826086956521738,12.5,50.0,2.9118779631171283,0.6925,1
57262,1.9459101490553132,26.4,13.333333333333334,3.5,2.8903717578961645,0.24705882352941178,0
107039,3.332204510175204,13.076923076923077,12.74074074074074,63.0,2.3513752571634776,0.5789473684210527,1
102269,1.9459101490553132,16.0,15.166666666666666,3.5,2.533696813957432,0.1724137931034483,0
11534,2.639057329615259,6.25,10.384615384615385,15.166666666666666,0.6931471805599453,0.9166666666666666,3
89316,3.9318256327243257,6.6938775510204085,12.36,212.5,1.753626599532611,0.594017094017094,1
33561,1.6094379124341003,27.666666666666668,15.5,1.6666666666666667,2.833213344056216,0.08333333333333333,0
103493,1.6094379124341003,23.666666666666668,13.5,1.6666666666666667,2.772588722239781,0.26666666666666666,0
150582,3.295836866004329,13.32,14.73076923076923,58.5,3.067122269640664,0.689453125,1
87669,2.833213344056216,17.0,12.1875,22.666666666666668,2.54422322694442,0.38636363636363635,0
137647,2.5649493574615367,12.363636363636363,12.333333333333334,13.0,2.5508646175797978,0.3769230769230769,0
152759,3.1780538303479458,15.090909090909092,15.956521739130435,46.0,2.7894905330423847,0.7261904761904762,1
25680,1.9459101490553132,24.6,17.0,3.5,1.8562979903656263,0.1111111111111111,0
185966,1.6094379124341003,30.0,14.25,1.6666666666666667,2.9444389791664403,0.37037037037037035,0
550,1.791759469228055,13.5,10.6,2.5,3.4420193761824107,0.3884297520661157,0
141382,2.4849066497880004,13.3,14.454545454545455,11.0,0.832909122935104,0.6923076923076923,3
46710,3.2188758248682006,14.130434782608695,12.375,50.0,3.075105861095503,0.7578947368421053,1
107195,3.912023005428146,7.354166666666667,11.83673469387755,204.16666666666666,2.444156990614444,0.7168316831683168,1
204503,3.1780538303479458,12.409090909090908,11.347826086956522,46.0,2.7495992040150825,0.6708074534161491,1
43671,3.6109179126442243,9.228571428571428,13.36111111111111,111.0,2.2852935958839846,0.4336569579288026,1
5325,4.1588830833596715,5.82258064516129,11.714285714285714,336.0,2.8111500989718685,0.7719298245614035,1
103744,3.1780538303479458,14.272727272727273,15.304347826086957,46.0,2.4223862928066664,0.5752212389380531,1
162241,3.7612001156935624,8.878048780487806,14.142857142857142,150.5,2.5742864934574765,0.7927565392354124,1
150588,1.791759469228055,18.0,14.0,2.5,2.505525936990736,0.06666666666666667,0
17071,2.4849066497880004,12.6,14.909090909090908,11.0,2.272125885509337,0.27586206896551724,3
183444,2.70805020110221,15.307692307692308,12.0,17.5,2.009761621041846,0.42857142857142855,0
18694,2.4849066497880004,14.6,11.818181818181818,11.0,2.151762203259462,0.5131578947368421,0
13817,2.0794415416798357,26.333333333333332,13.0,4.666666666666667,2.0583881324820035,0.34146341463414637,0
61549,3.4965075614664802,10.580645161290322,16.5,88.0,1.81303686767534,0.8176100628930818,1
52434,1.9459101490553132,25.4,10.833333333333334,3.5,2.028148247292285,0.030303030303030304,0
23236,2.70805020110221,17.846153846153847,12.285714285714286,17.5,2.369524575669155,0.5079365079365079,0
91353,1.9459101490553132,7.2,11.833333333333334,3.5,2.8791984572980396,0.47619047619047616,0
93822,2.8903717578961645,6.9375,13.235294117647058,25.5,2.3088156427446815,0.8275862068965517,1
15129,2.3978952727983707,11.11111111111111,13.8,9.166666666666666,2.3978952727983707,0.1,0
154387,3.332204510175204,9.846153846153847,13.25925925925926,63.0,2.4881066525186712,0.5470383275261324,1
110141,4.31748811353631,4.904109589041096,10.891891891891891,462.5,2.674620904453015,0.7231237322515213,2
109648,2.70805020110221,17.23076923076923,13.214285714285714,17.5,2.7821581732559317,0.6192893401015228,1
38902,3.7612001156935624,8.341463414634147,14.071428571428571,150.5,2.864289291016739,0.7920353982300885,1
79178,1.6094379124341003,12.333333333333334,11.75,1.6666666666666667,3.0757749812275277,0.27419354838709675,0
19018,1.9459101490553132,27.4,16.333333333333332,3.5,1.3862943611198906,0.06666666666666667,3
49211,3.58351893845611,3.5588235294117645,11.971428571428572,105.0,2.639057329615259,0.6900452488687783,1
75708,2.3978952727983707,20.333333333333332,13.8,9.166666666666666,1.791759469228055,0.28888888888888886,3
162101,3.332204510175204,11.961538461538462,13.74074074074074,63.0,1.9730120788331047,0.5714285714285714,1
95883,2.1972245773362196,19.142857142857142,13.875,6.0,2.1972245773362196,0.5,3
111411,2.4849066497880004,6.0,13.090909090909092,11.0,2.5416019934645457,0.48717948717948717,1
175449,1.9459101490553132,18.8,13.0,3.5,2.1972245773362196,0.35,0
73164,2.302585092994046,22.125,8.88888888888889,7.5,2.639057329615259,0.6730769230769231,0
158554,2.302585092994046,9.625,14.11111111111111,7.5,2.7957557815213154,0.36585365853658536,0
141263,2.5649493574615367,10.909090909090908,13.25,13.0,2.3642786619993856,0.4811320754716981,3
95606,2.1972245773362196,15.0,10.5,6.0,2.9368917735310576,0.352,0
53955,2.302585092994046,16.25,15.11111111111111,7.5,2.302585092994046,0.20833333333333334,0
66188,1.9459101490553132,12.2,18.166666666666668,3.5,2.4159137783010487,0.45098039215686275,0
24507,2.833213344056216,12.333333333333334,18.75,22.666666666666668,2.0193376176101303,0.5918367346938775,1
119677,2.9444389791664403,13.176470588235293,15.277777777777779,28.5,2.569464037816063,0.4634146341463415,1
117636,2.1972245773362196,7.285714285714286,12.25,6.0,2.717528945056754,0.3838383838383838,0
53971,1.6094379124341003,22.0,11.5,1.6666666666666667,2.268683541318364,0.15384615384615385,0
50093,3.295836866004329,13.92,15.73076923076923,58.5,2.4159137783010487,0.5803921568627451,1
165358,2.1972245773362196,6.571428571428571,14.75,6.0,2.6984807500860595,0.36082474226804123,0
105090,1.9459101490553132,29.4,13.5,3.5,0.8754687373538999,0.5714285714285714,3
22101,1.6094379124341003,13.0,16.5,1.6666666666666667,1.992430164690206,0.0,0
86486,1.6094379124341003,8.0,14.0,1.6666666666666667,1.6094379124341003,0.0,0
107912,3.332204510175204,13.346153846153847,14.592592592592593,63.0,2.401385677738139,0.6168582375478927,1
99637,1.791759469228055,30.0,12.0,2.5,1.55814461804655,0.5333333333333333,0
171863,2.8903717578961645,10.875,12.941176470588236,25.5,2.5106150064982073,0.5027624309392266,1
75390,1.791759469228055,24.25,13.4,2.5,2.583997552432231,0.12244897959183673,0
203168,1.6094379124341003,21.0,8.5,1.6666666666666667,1.4663370687934272,0.3,3
113081,2.9444389791664403,6.9411764705882355,19.444444444444443,28.5,1.415281897993143,0.7169811320754716,1
8296,2.5649493574615367,20.09090909090909,17.083333333333332,13.0,2.6060510331470885,0.5942028985507246,0
98869,3.6375861597263857,10.11111111111111,12.64864864864865,117.16666666666667,2.3697243958316743,0.6876790830945558,1
56392,2.5649493574615367,17.454545454545453,15.916666666666666,13.0,1.493925025312256,0.5789473684210527,3
141055,2.772588722239781,18.0,13.266666666666667,20.0,3.624340932976365,0.6281800391389433,1
142780,4.110873864173311,6.1525423728813555,14.633333333333333,305.0,2.0580274471760194,0.5880893300248139,1
16817,2.70805020110221,20.0,13.214285714285714,17.5,2.559014621941722,0.7419354838709677,0
67480,3.091042453358316,11.05,11.952380952380953,38.5,2.47232786758114,0.5345622119815668,1
28625,1.791759469228055,15.0,9.6,2.5,2.833213344056216,0.28125,0
88629,2.3978952727983707,28.22222222222222,11.7,9.166666666666666,1.491654876777717,0.45161290322580644,0
28574,1.791759469228055,20.0,14.0,2.5,2.0794415416798357,0.07142857142857142,0
115569,2.0794415416798357,25.5,11.714285714285714,4.666666666666667,2.740840023925201,0.20689655172413793,0
75668,3.8066624897703196,7.395348837209302,12.545454545454545,165.0,1.222406506014774,0.7281553398058253,1
199029,1.9459101490553132,24.6,14.5,3.5,2.028148247292285,0.30303030303030304,0
25354,1.6094379124341003,17.0,12.0,1.6666666666666667,1.6094379124341003,0.5,0
137589,1.6094379124341003,24.333333333333332,19.5,1.6666666666666667,1.5404450409471488,0.09090909090909091,0
154268,1.6094379124341003,18.666666666666668,18.25,1.6666666666666667,2.5902671654458267,0.24324324324324326,0
104736,1.6094379124341003,27.0,12.0,1.6666666666666667,1.7346010553881064,0.35714285714285715,0
113486,1.6094379124341003,11.0,10.75,1.6666666666666667,2.662587827025453,0.25,0
182382,1.6094379124341003,16.666666666666668,13.0,1.6666666666666667,2.120263536200091,0.22727272727272727,0
187627,3.295836866004329,14.4,10.923076923076923,58.5,2.963209081848431,0.4989106753812636,1
110563,2.639057329615259,22.25,12.692307692307692,15.166666666666666,2.2155737160044158,0.47959183673469385,0
52726,3.784189633918261,6.5,14.255813953488373,157.66666666666666,1.791759469228055,0.9,1
72897,2.772588722239781,15.571428571428571,14.666666666666666,20.0,2.436116485618568,0.3493150684931507,3
138098,3.5553480614894135,9.363636363636363,13.941176470588236,99.16666666666667,1.5469175554527663,0.5573770491803278,1
57822,4.1588830833596715,4.82258064516129,13.666666666666666,336.0,1.6810081049353522,0.6826568265682657,1
24455,2.833213344056216,15.0,16.1875,22.666666666666668,1.6863989535702286,0.4393939393939394,3
138465,1.791759469228055,23.25,11.6,2.5,2.3978952727983707,0.225,0
6383,3.4657359027997265,11.633333333333333,13.64516129032258,82.66666666666667,1.7692866133759964,0.8287671232876712,3
201349,2.8903717578961645,14.0,12.823529411764707,25.5,1.927891643552635,0.5851063829787234,3
69162,2.3978952727983707,10.0,14.2,9.166666666666666,2.0222831278398874,0.423728813559322,3
154142,1.791759469228055,20.25,15.2,2.5,2.1972245773362196,0.34375,0
7487,1.9459101490553132,19.0,10.666666666666666,3.5,1.0986122886681096,0.0,3
138076,2.70805020110221,11.384615384615385,13.857142857142858,17.5,2.5530444549552183,0.6818181818181818,1
151647,3.5553480614894135,10.878787878787879,14.588235294117647,99.16666666666667,3.1074362631339922,0.7617021276595745,1
3300,1.6094379124341003,22.666666666666668,15.0,1.6666666666666667,2.8526314299133175,0.08163265306122448,0
127081,4.584967478670572,3.7916666666666665,13.577319587628866,792.1666666666666,1.7600107709134747,0.6818181818181818,2
8925,2.8903717578961645,11.125,14.0,25.5,3.0325462466767075,0.3291139240506329,1
184048,3.4965075614664802,9.096774193548388,13.28125,88.0,2.1266944265303813,0.37554585152838427,1
66012,3.8066624897703196,7.627906976744186,13.659090909090908,165.0,2.323299297381609,0.6464646464646465,1
58338,2.4849066497880004,28.1,13.454545454545455,11.0,2.617395832834079,0.48031496062992124,0
95198,2.70805020110221,16.0,15.571428571428571,17.5,1.8538912503350613,0.4,3
91565,4.304065093204169,4.916666666666667,14.726027397260275,450.1666666666667,1.5434168113363063,0.8415094339622642,2
8346,2.3978952727983707,23.22222222222222,13.4,9.166666666666666,2.5301632413761213,0.5576923076923077,0
71743,2.9444389791664403,6.411764705882353,13.833333333333334,28.5,1.9029851043382795,0.6391752577319587,1
48167,1.6094379124341003,19.0,14.25,1.6666666666666667,1.0986122886681096,0.16666666666666666,3
179701,2.1972245773362196,21.857142857142858,15.75,6.0,2.0794415416798357,0.16326530612244897,0
111792,2.0794415416798357,20.5,15.0,4.666666666666667,2.1594842493533726,0.34782608695652173,0
160071,1.791759469228055,24.0,12.8,2.5,2.4849066497880004,0.22727272727272727,0
17188,1.9459101490553132,13.4,12.0,3.5,1.7578579175523736,0.375,3
159831,2.3978952727983707,19.11111111111111,14.0,9.166666666666666,2.6855773452501515,0.5691056910569106,1
104023,1.6094379124341003,29.333333333333332,11.75,1.6666666666666667,1.4663370687934272,0.4,0
172707,2.302585092994046,22.75,12.222222222222221,7.5,2.5455312716044354,0.35106382978723405,0
107875,2.639057329615259,10.833333333333334,13.76923076923077,15.166666666666666,2.3353749158170367,0.3392857142857143,3
205147,4.418840607796598,4.345679012345679,15.121951219512194,567.1666666666666,1.775161577819017,0.9445843828715366,2
169475,1.6094379124341003,25.0,11.0,1.6666666666666667,1.6094379124341003,0.25,0
23512,2.0794415416798357,4.666666666666667,10.857142857142858,4.666666666666667,1.6422277352570913,0.28,0
144621,1.9459101490553132,22.2,11.333333333333334,3.5,2.681021528714291,0.25,0
58184,3.4011973816621555,6.214285714285714,13.620689655172415,72.5,1.7976942047478695,0.7801418439716312,1
9009,2.302585092994046,21.125,12.88888888888889,7.5,2.9378382951350885,0.27972027972027974,0
165667,3.6375861597263857,9.694444444444445,12.72972972972973,117.16666666666667,2.8413500854492777,0.7332185886402753,1
110373,2.9444389791664403,15.882352941176471,10.333333333333334,28.5,1.791759469228055,0.8352941176470589,3
32885,2.0794415416798357,23.833333333333332,15.0,4.666666666666667,1.992430164690206,0.5,0
176973,1.6094379124341003,21.0,11.5,1.6666666666666667,2.120263536200091,0.0,0
203396,2.302585092994046,19.875,14.88888888888889,7.5,1.749199854809259,0.6052631578947368,3
147201,3.044522437723423,13.368421052631579,14.0,35.0,1.5214691394881432,0.4117647058823529,3
74376,2.0794415416798357,9.333333333333334,15.571428571428571,4.666666666666667,1.7635885922613586,0.27586206896551724,0
66432,3.6375861597263857,9.583333333333334,12.756756756756756,117.16666666666667,3.3070901816910565,0.7761351636747624,1
186276,2.1972245773362196,23.428571428571427,15.75,6.0,3.0099169085459474,0.15555555555555556,0
188479,1.9459101490553132,24.0,14.666666666666666,3.5,2.468099531471619,0.42592592592592593,0
191609,3.332204510175204,11.115384615384615,9.037037037037036,63.0,2.347705528274515,0.573170731707317,1
72292,2.1972245773362196,8.428571428571429,8.375,6.0,2.9667447366807385,0.6201550387596899,1
179827,4.174387269895637,5.714285714285714,11.546875,346.6666666666667,2.3353749158170367,0.6598639455782312,2
154138,2.302585092994046,21.125,15.555555555555555,7.5,1.8123787564307907,0.24390243902439024,3
83880,1.791759469228055,21.75,16.2,2.5,2.302585092994046,0.19444444444444445,0
124049,1.6094379124341003,20.333333333333332,12.0,1.6666666666666667,2.302585092994046,0.14814814814814814,0
5501,2.5649493574615367,18.545454545454547,21.75,13.0,3.147282171681192,0.6775510204081633,0
45444,1.791759469228055,30.0,11.2,2.5,2.6210388241125804,0.1568627450980392,0
135248,1.6094379124341003,30.0,13.25,1.6666666666666667,1.2992829841302609,0.125,0
174180,1.9459101490553132,23.4,7.5,3.5,2.9652730660692823,0.29347826086956524,0
14274,2.9444389791664403,8.117647058823529,14.277777777777779,28.5,2.5739584274039027,0.4174757281553398,1
167461,3.044522437723423,10.842105263157896,11.2,35.0,2.5649493574615367,0.7675438596491229,1
16420,2.833213344056216,15.466666666666667,14.875,22.666666666666668,2.1041341542702074,0.42592592592592593,3
41298,2.1972245773362196,16.857142857142858,13.25,6.0,1.3862943611198906,0.5714285714285714,3
38914,3.713572066704308,7.923076923076923,10.125,136.66666666666666,2.0600234558227344,0.5430711610486891,1
30482,4.060443010546419,5.517857142857143,12.649122807017545,275.5,2.9500622367208025,0.7218934911242604,1
80466,2.5649493574615367,13.0,16.666666666666668,13.0,2.0088239744658827,0.352112676056338,0
175906,1.9459101490553132,26.6,11.666666666666666,3.5,1.5260563034950494,0.3888888888888889,0
116375,2.3978952727983707,16.444444444444443,13.7,9.166666666666666,2.5477075510270306,0.29245283018867924,0
157459,3.367295829986474,5.2592592592592595,12.892857142857142,67.66666666666667,1.8689491079191851,0.6283783783783784,1
55291,1.791759469228055,12.25,10.4,2.5,2.6741486494265287,0.2222222222222222,0
109242,1.6094379124341003,24.666666666666668,15.75,1.6666666666666667,2.1594842493533726,0.043478260869565216,0
169238,3.367295829986474,13.185185185185185,13.892857142857142,67.66666666666667,1.6599901915969317,0.6260869565217392,1
135080,3.044522437723423,4.7894736842105265,13.8,35.0,1.7190001149456267,0.7126436781609196,1
39201,2.0794415416798357,9.5,13.285714285714286,4.666666666666667,3.3019907315787074,0.554140127388535,1
79622,2.833213344056216,17.8,16.3125,22.666666666666668,2.2119307247259146,0.28688524590163933,3
82685,1.9459101490553132,14.8,12.5,3.5,0.9555114450274365,0.625,3
173699,3.9318256327243257,4.122448979591836,14.62,212.5,2.634674561460163,0.7271293375394322,1
138901,1.6094379124341003,11.666666666666666,13.5,1.6666666666666667,2.5649493574615367,0.2777777777777778,0
165758,3.6888794541139363,7.815789473684211,13.897435897435898,130.0,1.660731206821651,0.6481481481481481,1
158674,3.5553480614894135,3.393939393939394,14.058823529411764,99.16666666666667,1.7661826274384054,0.675,1
155727,1.6094379124341003,21.0,11.5,1.6666666666666667,1.791759469228055,0.26666666666666666,0
45949,2.639057329615259,16.916666666666668,13.153846153846153,15.166666666666666,2.505525936990736,0.37777777777777777,0
179523,1.6094379124341003,30.0,13.5,1.6666666666666667,1.8971199848858813,0.058823529411764705,0
25858,1.6094379124341003,6.333333333333333,13.25,1.6666666666666667,1.791759469228055,0.13333333333333333,0
194715,1.791759469228055,30.0,13.4,2.5,1.3217558399823195,0.45454545454545453,3
195090,1.6094379124341003,15.666666666666666,11.0,1.6666666666666667,1.2039728043259361,0.0,3
177053,3.6888794541139363,9.342105263157896,14.923076923076923,130.0,2.4491885671859213,0.6368159203980099,1
200955,3.6635616461296463,9.0,11.552631578947368,123.5,2.4826518574009113,0.6182266009852216,1
33973,1.791759469228055,10.5,13.2,2.5,2.302585092994046,0.3333333333333333,0
91342,2.302585092994046,21.125,13.11111111111111,7.5,2.9575110607337933,0.3972602739726027,0
158162,2.3978952727983707,22.444444444444443,13.0,9.166666666666666,2.4277482359480516,0.34408602150537637,0
94207,2.302585092994046,22.375,13.11111111111111,7.5,1.55814461804655,0.4666666666666667,0
74569,2.0794415416798357,11.333333333333334,12.142857142857142,4.666666666666667,2.8903717578961645,0.35294117647058826,0
58228,2.1972245773362196,16.714285714285715,14.25,6.0,2.1484344131667874,0.5849056603773585,3
44736,2.0794415416798357,14.833333333333334,15.142857142857142,4.666666666666667,3.044522437723423,0.25,0
91113,2.8903717578961645,7.125,14.588235294117647,25.5,2.8938379658726507,0.6153846153846154,1
33475,3.8918202981106265,7.680851063829787,14.895833333333334,196.0,1.6136842033155514,0.6931216931216931,1
22362,3.4011973816621555,12.357142857142858,9.206896551724139,72.5,1.074514737089049,0.7777777777777778,3
102219,2.3978952727983707,25.77777777777778,13.9,9.166666666666666,1.7147984280919266,0.4634146341463415,0
166175,2.5649493574615367,16.90909090909091,11.416666666666666,13.0,2.4304184645039304,0.45614035087719296,0
133322,2.4849066497880004,16.9,11.272727272727273,11.0,1.916922612182061,0.4827586206896552,0
41088,1.9459101490553132,7.8,16.166666666666668,3.5,1.8562979903656263,0.5555555555555556,3
179229,1.9459101490553132,21.2,16.666666666666668,3.5,2.302585092994046,0.1111111111111111,0
190362,2.8903717578961645,7.9375,13.588235294117647,25.5,2.3573099926832923,0.49019607843137253,1
71138,4.007333185232471,6.830188679245283,15.88888888888889,247.5,2.5264830766337405,0.5459016393442623,1
2572,2.0794415416798357,20.833333333333332,12.857142857142858,4.666666666666667,3.068052935133617,0.3089430894308943,0
147971,2.5649493574615367,14.909090909090908,12.75,13.0,1.8925641683500207,0.27419354838709675,0
115907,1.6094379124341003,22.666666666666668,11.75,1.6666666666666667,2.8903717578961645,0.11764705882352941,0
109597,2.0794415416798357,14.0,17.714285714285715,4.666666666666667,1.9694406464655074,0.2702702702702703,0
115016,2.8903717578961645,16.25,12.588235294117647,25.5,2.803360380906535,0.6491935483870968,1
51749,2.1972245773362196,23.0,15.875,6.0,2.772588722239781,0.17142857142857143,0
179476,2.772588722239781,19.285714285714285,12.2,20.0,2.659260036932778,0.34946236559139787,0
58708,3.713572066704308,9.23076923076923,13.95,136.66666666666666,1.3470736479666094,0.7747747747747747,1
68720,2.1972245773362196,10.285714285714286,13.5,6.0,2.302585092994046,0.4444444444444444,3
25818,2.9444389791664403,15.882352941176471,14.944444444444445,28.5,1.8111775550851565,0.5402298850574713,3
76903,4.143134726391533,5.901639344262295,14.451612903225806,325.5,1.6574471316204609,0.803088803088803,1
163077,2.4849066497880004,17.1,14.727272727272727,11.0,2.7343675094195836,0.4930555555555556,1
73872,2.9444389791664403,18.058823529411764,15.11111111111111,28.5,2.254382991176168,0.3448275862068966,3
29062,1.791759469228055,7.0,17.4,2.5,1.5040773967762742,0.21428571428571427,0
113064,1.9459101490553132,21.4,16.0,3.5,2.8678989020441064,0.3855421686746988,0
94042,2.4849066497880004,2.9,10.363636363636363,11.0,2.312535423847214,0.2087912087912088,0
147788,4.59511985013459,3.6597938144329896,13.571428571428571,808.5,2.2310115749136026,0.9081885856079405,2
29532,3.258096538021482,14.541666666666666,14.48,54.166666666666664,0.9808292530117262,0.8,3
35301,2.1972245773362196,18.285714285714285,15.375,6.0,2.228477120840324,0.3448275862068966,0
38996,3.044522437723423,15.0,13.9,35.0,2.5889505095610796,0.5470085470085471,1
22002,2.3978952727983707,16.666666666666668,12.3,9.166666666666666,2.4375044108934163,0.43617021276595747,0
81862,3.713572066704308,6.846153846153846,12.95,136.66666666666666,1.9348603128687283,0.7229437229437229,1
25687,3.6635616461296463,7.783783783783784,11.68421052631579,123.5,2.4983296701201407,0.7070217917675545,1
174518,1.791759469228055,22.75,10.8,2.5,2.463853240590168,0.3488372093023256,0
68573,2.302585092994046,14.875,12.222222222222221,7.5,2.7488721956224653,0.38461538461538464,0
3449,2.3978952727983707,21.666666666666668,18.4,9.166666666666666,2.512305623976115,0.4215686274509804,0
182280,1.9459101490553132,18.4,11.833333333333334,3.5,1.8245492920510458,0.11538461538461539,0
53315,2.0794415416798357,15.833333333333334,14.0,4.666666666666667,2.456735772821304,0.40625,0
118883,2.8903717578961645,15.375,11.058823529411764,25.5,1.9810014688665833,0.45,0
55431,1.9459101490553132,26.4,16.333333333333332,3.5,0.7884573603642702,0.3333333333333333,3
74153,2.4849066497880004,28.6,13.818181818181818,11.0,2.451005098112319,0.7358490566037735,0
145441,2.0794415416798357,20.333333333333332,12.142857142857142,4.666666666666667,1.5040773967762742,0.38095238095238093,3
44793,1.6094379124341003,30.0,11.25,1.6666666666666667,1.2039728043259361,0.0,0
117715,2.0794415416798357,27.666666666666668,13.857142857142858,4.666666666666667,2.5257286443082556,0.18840579710144928,0
131893,2.1972245773362196,12.0,13.0,6.0,2.586689344097943,0.4883720930232558,3
16213,1.791759469228055,23.0,17.0,2.5,2.70805020110221,0.26785714285714285,0
173396,1.6094379124341003,30.0,16.0,1.6666666666666667,1.0986122886681096,0.3333333333333333,3
126886,2.5649493574615367,10.818181818181818,14.416666666666666,13.0,2.414289082574047,0.38392857142857145,3
186035,1.791759469228055,25.75,16.4,2.5,2.0476928433652555,0.18518518518518517,0
72639,1.791759469228055,12.5,11.0,2.5,2.5257286443082556,0.1956521739130435,0
173761,2.772588722239781,16.785714285714285,14.0,20.0,1.4213856809311607,0.38636363636363635,3
120062,2.4849066497880004,20.0,10.909090909090908,11.0,1.6863989535702286,0.4772727272727273,3
31868,2.70805020110221,21.615384615384617,10.142857142857142,17.5,2.347705528274515,0.43902439024390244,0
62319,2.1972245773362196,20.714285714285715,13.5,6.0,2.639057329615259,0.2967032967032967,0
189627,2.5649493574615367,18.09090909090909,17.416666666666668,13.0,2.389596469983675,0.7522935779816514,0
34853,2.639057329615259,19.166666666666668,13.384615384615385,15.166666666666666,2.4849066497880004,0.3409090909090909,0
148042,1.6094379124341003,13.0,15.0,1.6666666666666667,2.6855773452501515,0.24390243902439024,0
161011,1.791759469228055,14.0,14.0,2.5,2.9311937524164198,0.29577464788732394,0
112373,1.6094379124341003,26.0,12.25,1.6666666666666667,0.9808292530117262,0.4,3
71522,1.6094379124341003,24.333333333333332,15.5,1.6666666666666667,2.03688192726104,0.15,0
88848,2.9444389791664403,6.470588235294118,12.555555555555555,28.5,2.7158627408390035,0.32916666666666666,1
191911,2.302585092994046,5.625,11.11111111111111,7.5,2.970414465569701,0.3716216216216216,0
154635,3.4965075614664802,11.32258064516129,13.0,88.0,2.118972380436471,0.7444933920704846,1
19994,1.791759469228055,12.0,14.6,2.5,2.583997552432231,0.14285714285714285,0
51696,1.791759469228055,28.75,15.6,2.5,1.6094379124341003,0.0,0
149871,3.8501476017100584,7.977777777777778,12.021739130434783,180.16666666666666,2.4548291945507223,0.8350730688935282,1
83459,1.6094379124341003,30.0,9.75,1.6666666666666667,2.1972245773362196,0.375,0
110145,1.6094379124341003,28.333333333333332,13.25,1.6666666666666667,2.302585092994046,0.14814814814814814,0
166949,1.9459101490553132,30.0,15.0,3.5,2.8678989020441064,0.3132530120481928,0
154025,2.833213344056216,4.266666666666667,12.8125,22.666666666666668,1.0296194171811583,0.7777777777777778,3
11573,2.5649493574615367,13.181818181818182,17.333333333333332,13.0,1.8925641683500207,0.532258064516129,0
29932,4.174387269895637,5.7936507936507935,11.875,346.6666666666667,2.5588256396110074,0.729693741677763,2
38209,2.639057329615259,11.666666666666666,14.923076923076923,15.166666666666666,3.044522437723423,0.4583333333333333,1
183235,3.784189633918261,7.285714285714286,13.953488372093023,157.66666666666666,2.7423749436432847,0.7918032786885246,1
41555,1.791759469228055,24.75,13.8,2.5,2.0149030205422647,0.23076923076923078,0
5715,4.007333185232471,6.811320754716981,17.185185185185187,247.5,2.293106349039502,0.8050847457627118,1
6730,2.8903717578961645,8.125,15.647058823529411,25.5,1.842531794601478,0.4,3
80952,2.8903717578961645,18.1875,11.764705882352942,25.5,1.0116009116784799,0.35714285714285715,3
152829,1.791759469228055,21.75,13.4,2.5,2.4423470353692043,0.40476190476190477,0
43743,2.3978952727983707,17.11111111111111,12.2,9.166666666666666,2.779509165084355,0.15441176470588236,0
45356,2.70805020110221,20.0,14.071428571428571,17.5,1.9348603128687283,0.6883116883116883,3
145042,1.791759469228055,15.5,15.4,2.5,2.8183982582710754,0.4126984126984127,0
144915,2.833213344056216,10.2,12.5625,22.666666666666668,2.1439800628174073,0.5752212389380531,1
93478,2.1972245773362196,19.285714285714285,13.375,6.0,2.2587824703356527,0.5666666666666667,3
31033,2.1972245773362196,14.857142857142858,14.5,6.0,3.279836524657888,0.441340782122905,1
128777,2.70805020110221,16.46153846153846,14.214285714285714,17.5,2.9444389791664403,0.4358974358974359,1
81125,1.791759469228055,27.5,13.0,2.5,0.8109302162163288,0.2,3
37750,3.9512437185814275,7.28,13.313725490196079,221.0,2.7813006628418027,0.8441215323645971,1
17588,3.6375861597263857,7.805555555555555,12.675675675675675,117.16666666666667,2.187922184673906,0.6947368421052632,1
20815,2.0794415416798357,15.333333333333334,12.0,4.666666666666667,2.1594842493533726,0.2391304347826087,0
163678,1.791759469228055,18.5,15.6,2.5,2.1102132003465894,0.10344827586206896,0
126778,1.791759469228055,22.0,13.8,2.5,1.6094379124341003,0.25,3
8172,3.2188758248682006,6.826086956521739,13.208333333333334,50.0,2.3698373200032132,0.6412556053811659,1
43074,1.9459101490553132,30.0,18.0,3.5,1.0986122886681096,0.6,3
198021,4.07753744390572,6.4035087719298245,14.862068965517242,285.1666666666667,2.352210330280899,0.6143911439114391,1
1838,3.4657359027997265,10.733333333333333,13.516129032258064,82.66666666666667,2.4336133554004498,0.6891025641025641,1
35988,2.3978952727983707,11.333333333333334,13.3,9.166666666666666,2.3353749158170367,0.5119047619047619,3
112731,2.1972245773362196,20.285714285714285,15.125,6.0,1.9252908618525777,0.24390243902439024,3
82559,2.1972245773362196,30.0,13.875,6.0,2.005333569526114,0.5333333333333333,0
20211,1.6094379124341003,29.0,16.25,1.6666666666666667,1.3862943611198906,0.4444444444444444,3
157070,2.302585092994046,14.875,16.11111111111111,7.5,2.094945728215801,0.19298245614035087,0
112444,1.791759469228055,28.75,16.2,2.5,1.0116009116784799,0.5714285714285714,3
122572,1.791759469228055,13.75,15.6,2.5,0.6931471805599453,0.75,3
115842,2.639057329615259,19.25,13.923076923076923,15.166666666666666,2.8183982582710754,0.5925925925925926,1
121977,2.9444389791664403,9.588235294117647,15.333333333333334,28.5,2.8571461102678444,0.3333333333333333,1
147786,2.3978952727983707,10.88888888888889,18.3,9.166666666666666,2.3566523142643216,0.27906976744186046,0
55497,1.791759469228055,16.75,12.6,2.5,1.6094379124341003,0.0,0
117321,2.302585092994046,10.875,13.0,7.5,2.5649493574615367,0.1875,0
107396,3.332204510175204,7.269230769230769,11.666666666666666,63.0,2.3766930651477676,0.7440944881889764,1
47678,3.367295829986474,12.703703703703704,13.071428571428571,67.66666666666667,2.9770401405418383,0.7176938369781312,1
63023,4.584967478670572,3.7916666666666665,16.288659793814432,792.1666666666666,2.4194417737902985,0.6164801627670397,2
129054,1.791759469228055,28.5,18.0,2.5,1.9459101490553132,0.25,0
170941,4.406719247264253,4.55,12.135802469135802,553.5,2.9404837993235127,0.8786610878661087,2
11887,3.4965075614664802,5.870967741935484,9.46875,88.0,2.05495052167154,0.7345971563981043,1
170395,3.8918202981106265,6.0638297872340425,13.9375,196.0,2.690882397479845,0.7445820433436533,1
145016,3.044522437723423,10.736842105263158,14.55,35.0,2.6315101239798757,0.4326530612244898,1
139302,3.1780538303479458,6.2727272727272725,11.08695652173913,46.0,2.808854900224176,0.5626822157434402,1
202656,2.1972245773362196,22.0,11.0,6.0,2.7990219793079367,0.4351851851851852,0
145454,4.61512051684126,3.2222222222222223,11.32,841.6666666666666,2.6339940276587117,0.771875,2
35063,3.713572066704308,8.820512820512821,14.25,136.66666666666666,2.0730106513495454,0.5461254612546126,1
74947,3.1354942159291497,11.80952380952381,13.5,42.166666666666664,2.4849066497880004,0.5887445887445888,1
5758,1.6094379124341003,21.333333333333332,16.5,1.6666666666666667,2.120263536200091,0.09090909090909091,0
109404,3.295836866004329,12.56,15.807692307692308,58.5,2.481567748522486,0.6934306569343066,1
71595,3.2188758248682006,13.652173913043478,14.541666666666666,50.0,2.258133330423212,0.5583756345177665,1
187983,3.713572066704308,9.23076923076923,14.7,136.66666666666666,2.83019219372204,0.6913183279742765,1
151332,2.4849066497880004,22.6,12.454545454545455,11.0,2.0541237336955462,0.3088235294117647,0
156102,3.091042453358316,12.35,13.047619047619047,38.5,2.6026896854443837,0.56,1
43305,3.4657359027997265,7.6,12.903225806451612,82.66666666666667,1.8191584434161694,0.4064516129032258,1
10701,2.5649493574615367,13.181818181818182,13.583333333333334,13.0,2.0088239744658827,0.29577464788732394,3
83240,1.6094379124341003,23.666666666666668,11.75,1.6666666666666667,2.662587827025453,0.025,0
41414,1.791759469228055,9.5,13.2,2.5,1.749199854809259,0.2631578947368421,3
67058,3.1780538303479458,10.0,14.91304347826087,46.0,1.7211419020141017,0.8217821782178217,1
205172,2.8903717578961645,13.1875,13.411764705882353,25.5,2.1902559080201263,0.7244094488188977,3
179136,4.219507705176107,5.424242424242424,12.805970149253731,379.6666666666667,2.3699604954668168,0.7234375,2
107924,2.4849066497880004,16.9,16.636363636363637,11.0,1.9740810260220096,0.43548387096774194,0
99664,1.9459101490553132,16.0,17.666666666666668,3.5,2.028148247292285,0.2727272727272727,0
7585,1.791759469228055,16.25,14.4,2.5,2.0149030205422647,0.19230769230769232,0
37962,1.791759469228055,25.75,12.0,2.5,2.5257286443082556,0.2391304347826087,0
202563,3.1780538303479458,12.909090909090908,14.608695652173912,46.0,2.1129642337184795,0.3,3
199148,2.4849066497880004,12.3,12.818181818181818,11.0,1.9021075263969205,0.12280701754385964,0
147517,2.639057329615259,8.333333333333334,14.461538461538462,15.166666666666666,1.2992829841302609,0.5,3
57190,2.70805020110221,22.0,13.857142857142858,17.5,1.8044984950054848,0.5606060606060606,3
7293,3.6375861597263857,5.055555555555555,14.35135135135135,117.16666666666667,2.9102349013955764,0.6512,1
123080,1.9459101490553132,15.4,15.833333333333334,3.5,2.501435951739211,0.5178571428571429,0
125327,1.791759469228055,13.5,13.4,2.5,2.1400661634962708,0.06666666666666667,0
30863,1.791759469228055,23.5,12.0,2.5,2.463853240590168,0.06976744186046512,0
83715,4.564348191467836,3.8297872340425534,10.989473684210527,760.0,2.672680220381462,0.7947908445146015,2
187652,2.1972245773362196,16.285714285714285,14.375,6.0,1.8382794848629478,0.6486486486486487,3
141515,1.6094379124341003,24.333333333333332,12.75,1.6666666666666667,2.4277482359480516,0.1935483870967742,0
175702,3.295836866004329,11.88,15.153846153846153,58.5,2.7625383863862796,0.5067385444743935,1
83932,2.9444389791664403,7.705882352941177,14.277777777777779,28.5,2.0571357841655376,0.3706896551724138,3
92181,2.302585092994046,17.125,11.88888888888889,7.5,3.001962823304627,0.5032679738562091,1
64143,2.833213344056216,18.666666666666668,14.625,22.666666666666668,2.7124847981700757,0.32701421800947866,1
6492,4.48863636973214,4.114942528735632,14.079545454545455,652.6666666666666,2.412418349636741,0.7239819004524887,2
187304,1.9459101490553132,22.2,15.666666666666666,3.5,1.5260563034950494,0.2222222222222222,3
100758,2.5649493574615367,21.454545454545453,12.75,13.0,2.592537313980366,0.6176470588235294,0
161648,2.0794415416798357,15.0,11.428571428571429,4.666666666666667,1.7047480922384253,0.48148148148148145,0
6235,3.091042453358316,14.65,12.619047619047619,38.5,2.2823823856765264,0.625,1
69819,2.302585092994046,14.75,14.11111111111111,7.5,1.7707060600302227,0.23076923076923078,3
54607,2.8903717578961645,15.625,16.41176470588235,25.5,2.5552874465497997,0.34210526315789475,3
104241,2.4849066497880004,8.9,16.454545454545453,11.0,2.3978952727983707,0.45,0
197889,3.332204510175204,2.8461538461538463,15.148148148148149,63.0,2.49764567556543,0.5413793103448276,1
89889,1.791759469228055,22.75,15.0,2.5,2.3513752571634776,0.21052631578947367,0
43648,1.6094379124341003,22.333333333333332,14.0,1.6666666666666667,0.6931471805599453,0.0,3
48468,3.091042453358316,4.15,15.0,38.5,1.766441661243765,0.4845360824742268,3
132868,2.1972245773362196,20.571428571428573,16.375,6.0,2.164963715117998,0.2222222222222222,0
44716,2.3978952727983707,17.88888888888889,14.1,9.166666666666666,2.1972245773362196,0.2222222222222222,0
96943,2.302585092994046,13.625,13.333333333333334,7.5,2.5552874465497997,0.29473684210526313,0
148028,3.332204510175204,6.884615384615385,12.481481481481481,63.0,2.7963428082478883,0.685,1
138760,4.04305126783455,6.618181818181818,6.946428571428571,266.0,1.518119753899313,0.6938775510204082,1
184361,3.6375861597263857,7.166666666666667,13.054054054054054,117.16666666666667,2.5520459526256287,0.6384976525821596,1
203627,2.0794415416798357,26.833333333333332,12.142857142857142,4.666666666666667,2.8716796248840124,0.37,0
46183,1.6094379124341003,24.666666666666668,12.5,1.6666666666666667,2.4849066497880004,0.12121212121212122,0
145937,1.6094379124341003,20.333333333333332,15.0,1.6666666666666667,2.9444389791664403,0.14814814814814814,0
26170,1.6094379124341003,19.0,11.25,1.6666666666666667,1.4663370687934272,0.1,3
57516,2.5649493574615367,13.818181818181818,12.416666666666666,13.0,2.9911764570181303,0.6394230769230769,1
179995,2.0794415416798357,21.166666666666668,14.857142857142858,4.666666666666667,2.662587827025453,0.5875,0
142251,2.0794415416798357,15.666666666666666,12.285714285714286,4.666666666666667,1.3862943611198906,0.2222222222222222,3
171745,3.5263605246161616,7.21875,10.484848484848484,93.5,1.5712166996139025,0.8032786885245902,1
22279,2.3978952727983707,21.555555555555557,16.8,9.166666666666666,1.2685113254635072,0.43478260869565216,3
136182,2.302585092994046,24.875,15.11111111111111,7.5,2.409194828052304,0.14814814814814814,0
14343,3.1354942159291497,13.666666666666666,15.772727272727273,42.166666666666664,3.0075667312009937,0.7425742574257426,1
17786,2.0794415416798357,25.166666666666668,12.857142857142858,4.666666666666667,2.1000608288825715,0.37209302325581395,0
42197,2.5649493574615367,23.272727272727273,13.083333333333334,13.0,2.5437471498109336,0.4418604651162791,0
154208,2.0794415416798357,16.166666666666668,12.857142857142858,4.666666666666667,2.2512917986064953,0.29411764705882354,0
15538,2.772588722239781,13.0,14.733333333333333,20.0,2.316769727986002,0.1875,3
199763,3.9889840465642745,6.115384615384615,11.622641509433961,238.5,2.9976535037318848,0.8707070707070707,1
94478,2.302585092994046,20.5,16.88888888888889,7.5,1.6341305250244718,0.48484848484848486,3
70117,2.1972245773362196,21.285714285714285,15.0,6.0,3.0580361568901457,0.08450704225352113,0
204352,1.791759469228055,29.5,14.4,2.5,1.9095425048844383,0.43478260869565216,0
128205,3.091042453358316,13.95,14.904761904761905,38.5,1.9947003132247452,0.3543307086614173,3
22485,2.0794415416798357,28.5,13.857142857142858,4.666666666666667,2.917770732084279,0.5428571428571428,0
43902,2.0794415416798357,24.0,16.857142857142858,4.666666666666667,2.7300291078209855,0.36046511627906974,0
168078,1.9459101490553132,21.4,12.833333333333334,3.5,2.4159137783010487,0.17647058823529413,0
30529,1.9459101490553132,5.2,10.333333333333334,3.5,2.128231705849268,0.13513513513513514,0
152026,1.6094379124341003,30.0,15.25,1.6666666666666667,1.4663370687934272,0.0,0
151811,1.9459101490553132,9.2,17.5,3.5,1.9459101490553132,0.3,0
22269,2.3978952727983707,9.777777777777779,12.0,9.166666666666666,2.9267394020670396,0.27044025157232704,0
198237,3.258096538021482,9.083333333333334,13.96,54.166666666666664,2.8926838976545444,0.6356968215158925,1
136765,2.5649493574615367,17.545454545454547,13.0,13.0,1.9328380674879606,0.4,3
37164,1.6094379124341003,4.666666666666667,14.75,1.6666666666666667,1.9459101490553132,0.2222222222222222,0
104989,2.639057329615259,23.75,12.923076923076923,15.166666666666666,2.7245795030534206,0.5087719298245614,0
119300,2.833213344056216,6.4,14.5625,22.666666666666668,2.634284050862601,0.5567010309278351,1
153186,2.833213344056216,7.533333333333333,12.6875,22.666666666666668,2.972122407914857,0.4892086330935252,1
92353,1.791759469228055,20.5,13.8,2.5,2.9575110607337933,0.273972602739726,0
119308,2.5649493574615367,19.90909090909091,14.916666666666666,13.0,2.1972245773362196,0.5681818181818182,3
27853,3.4657359027997265,10.333333333333334,14.258064516129032,82.66666666666667,2.1594842493533726,0.717391304347826,1
73044,1.6094379124341003,1.3333333333333333,14.25,1.6666666666666667,2.0794415416798357,0.2857142857142857,0
42841,2.639057329615259,6.5,14.615384615384615,15.166666666666666,1.8718021769015913,0.16666666666666666,0
23196,1.6094379124341003,22.666666666666668,18.0,1.6666666666666667,1.992430164690206,0.15789473684210525,0
99517,1.9459101490553132,29.6,11.166666666666666,3.5,1.8870696490323797,0.39285714285714285,0
47390,1.9459101490553132,16.4,15.333333333333334,3.5,2.028148247292285,0.0,0
150550,2.3978952727983707,14.555555555555555,13.7,9.166666666666666,3.1872704854528697,0.42105263157894735,1
108153,3.1780538303479458,6.2727272727272725,11.782608695652174,46.0,3.166625134524323,0.426,1
162588,1.6094379124341003,30.0,16.25,1.6666666666666667,1.5404450409471488,0.45454545454545453,3
37584,1.791759469228055,4.75,10.4,2.5,2.169053700369523,0.22580645161290322,0
186588,2.833213344056216,7.4,9.9375,22.666666666666668,1.6357552207514738,0.7096774193548387,3
83946,1.9459101490553132,23.8,9.833333333333334,3.5,2.639057329615259,0.26153846153846155,0
23689,2.302585092994046,9.0,13.0,7.5,1.9095425048844383,0.391304347826087,0
104104,2.302585092994046,17.5,12.0,7.5,1.1786549963416462,0.4444444444444444,3
1033,1.791759469228055,19.5,17.6,2.5,2.583997552432231,0.04081632653061224,0
107314,2.4849066497880004,18.6,13.0,11.0,3.100092288878234,0.5,0
81976,3.1780538303479458,8.318181818181818,13.434782608695652,46.0,2.492453855423383,0.6926229508196722,1
203184,3.1354942159291497,14.047619047619047,16.0,42.166666666666664,2.1972245773362196,0.5416666666666666,3
101721,2.833213344056216,15.333333333333334,17.6875,22.666666666666668,1.9647786333596962,0.42391304347826086,0
103438,1.791759469228055,25.75,13.8,2.5,2.70805020110221,0.14285714285714285,0
147318,4.127134385045092,6.066666666666666,14.163934426229508,315.1666666666667,2.613739521630969,0.6086956521739131,2
152847,2.3978952727983707,21.0,13.5,9.166666666666666,2.3877429013343527,0.30337078651685395,0
51038,1.6094379124341003,13.333333333333334,14.75,1.6666666666666667,1.9459101490553132,0.3333333333333333,0
73218,2.302585092994046,24.5,12.444444444444445,7.5,2.2512917986064953,0.35294117647058826,0
111326,1.791759469228055,27.5,11.0,2.5,2.583997552432231,0.30612244897959184,0
137510,2.0794415416798357,25.5,14.857142857142858,4.666666666666667,2.762117422372486,0.33707865168539325,0
40975,3.6375861597263857,8.694444444444445,12.378378378378379,117.16666666666667,2.0898043287153825,0.4980392156862745,1
164854,3.044522437723423,5.0,13.2,35.0,2.6465480013444163,0.678714859437751,1
19483,3.1354942159291497,13.19047619047619,13.545454545454545,42.166666666666664,1.637608789400797,0.5862068965517241,1
31080,3.1780538303479458,8.363636363636363,12.652173913043478,46.0,2.752501963673044,0.5170278637770898,1
53928,4.59511985013459,3.7628865979381443,14.908163265306122,808.5,2.854216216298889,0.7429111531190926,2
99267,2.5649493574615367,17.0,15.083333333333334,13.0,2.414289082574047,0.42857142857142855,1
138447,1.6094379124341003,28.666666666666668,13.5,1.6666666666666667,1.2992829841302609,0.625,3
150172,2.833213344056216,14.533333333333333,13.9375,22.666666666666668,1.8769172775683618,0.5421686746987951,3
190483,2.1972245773362196,13.428571428571429,13.75,6.0,2.6692103677859462,0.14893617021276595,0
76659,3.5263605246161616,8.46875,13.575757575757576,93.5,2.576896930882655,0.583547557840617,1
55164,3.295836866004329,10.72,12.0,58.5,1.3762440252663892,0.6081081081081081,3
89750,3.713572066704308,6.205128205128205,14.9,136.66666666666666,1.992430164690206,0.5951417004048583,1
10796,1.9459101490553132,30.0,11.333333333333334,3.5,2.9444389791664403,0.26666666666666666,0
18336,3.091042453358316,16.45,12.761904761904763,38.5,1.5040773967762742,0.4857142857142857,3
45896,2.3978952727983707,18.0,14.4,9.166666666666666,2.4277482359480516,0.5053763440860215,1
146748,4.48863636973214,4.172413793103448,12.090909090909092,652.6666666666666,2.47914294507125,0.7791798107255521,2
175432,3.828641396489095,8.295454545454545,14.555555555555555,172.5,3.083784775052031,0.6761177753544165,1
91441,1.6094379124341003,9.666666666666666,12.5,1.6666666666666667,2.9789251552376097,0.14285714285714285,0
91532,2.1972245773362196,29.428571428571427,10.5,6.0,0.8873031950009028,0.5,3
204865,2.995732273553991,16.5,16.894736842105264,31.666666666666668,2.4326382212422435,0.6256684491978609,0
88611,2.0794415416798357,26.0,12.285714285714286,4.666666666666667,2.5649493574615367,0.3611111111111111,0
73288,1.9459101490553132,12.6,16.5,3.5,1.8562979903656263,0.0,0
152420,2.302585092994046,22.75,15.777777777777779,7.5,2.211017899468555,0.36923076923076925,0
124415,1.9459101490553132,30.0,10.333333333333334,3.5,1.33500106673234,0.5714285714285714,0
191991,2.4849066497880004,16.1,14.272727272727273,11.0,1.62924053973028,0.3170731707317073,3
104880,1.6094379124341003,30.0,11.5,1.6666666666666667,1.6094379124341003,0.0,0
62461,3.4011973816621555,12.535714285714286,12.448275862068966,72.5,2.528581713290662,0.5015479876160991,1
10327,2.8903717578961645,14.8125,14.529411764705882,25.5,2.6255739792779718,0.7609756097560976,1
200100,1.791759469228055,7.25,15.8,2.5,2.0794415416798357,0.4642857142857143,3
144635,1.791759469228055,21.0,15.0,2.5,2.463853240590168,0.18604651162790697,0
170165,1.6094379124341003,30.0,16.75,1.6666666666666667,2.9267394020670396,0.24528301886792453,0
201195,2.5649493574615367,22.818181818181817,11.5,13.0,1.821612432377736,0.24561403508771928,0
29055,1.6094379124341003,21.0,12.0,1.6666666666666667,1.2992829841302609,0.125,3
7628,1.6094379124341003,25.333333333333332,13.5,1.6666666666666667,2.2335922215070942,0.24,0
22900,2.5649493574615367,17.727272727272727,12.333333333333334,13.0,2.9911764570181303,0.625,1
159067,1.791759469228055,26.5,14.6,2.5,2.639057329615259,0.057692307692307696,0
115078,2.302585092994046,13.375,16.88888888888889,7.5,1.9980959022258835,0.4117647058823529,0
108082,1.6094379124341003,22.0,16.0,1.6666666666666667,2.6855773452501515,0.24390243902439024,0
146598,1.9459101490553132,16.0,16.666666666666668,3.5,2.151762203259462,0.15789473684210525,0
182183,2.639057329615259,13.583333333333334,13.23076923076923,15.166666666666666,2.740840023925201,0.5,1
93464,2.833213344056216,18.066666666666666,14.1875,22.666666666666668,3.123832276181307,0.5920245398773006,1
89540,1.9459101490553132,26.0,12.666666666666666,3.5,2.2617630984737906,0.16279069767441862,0
66439,3.8066624897703196,8.30232558139535,9.659090909090908,165.0,3.175142620140487,0.7748478701825557,1
105238,1.6094379124341003,30.0,9.75,1.6666666666666667,1.791759469228055,0.06666666666666667,0
119312,2.1972245773362196,20.428571428571427,12.25,6.0,1.6094379124341003,0.2857142857142857,3
102929,3.258096538021482,14.708333333333334,12.48,54.166666666666664,1.041453874828161,0.75,3
38512,1.6094379124341003,25.666666666666668,13.25,1.6666666666666667,2.70805020110221,0.2857142857142857,0
92529,1.791759469228055,12.5,13.8,2.5,3.258096538021482,0.22,0
97444,2.1972245773362196,16.571428571428573,14.75,6.0,2.6984807500860595,0.28865979381443296,0
80305,1.791759469228055,27.0,12.6,2.5,3.0204248861443626,0.3076923076923077,0
87370,2.9444389791664403,12.058823529411764,14.222222222222221,28.5,1.415281897993143,0.5094339622641509,3
7525,2.3978952727983707,10.222222222222221,13.7,9.166666666666666,2.7372493557944724,0.2923076923076923,0
123124,2.70805020110221,19.76923076923077,13.428571428571429,17.5,1.4053425560905852,0.625,3
51908,1.791759469228055,30.0,12.6,2.5,1.9459101490553132,0.5416666666666666,0
79001,2.5649493574615367,11.090909090909092,16.5,13.0,2.176815705705012,0.1744186046511628,0
92030,2.5649493574615367,19.90909090909091,12.583333333333334,13.0,2.1972245773362196,0.3522727272727273,0
23220,3.091042453358316,12.9,12.523809523809524,38.5,2.341805806147327,0.7819148936170213,1
24571,2.9444389791664403,12.941176470588236,13.166666666666666,28.5,2.216642663193321,0.4676258992805755,3
52783,3.8066624897703196,7.604651162790698,13.0,165.0,2.064799991686888,0.6554054054054054,1
84872,2.302585092994046,24.0,9.333333333333334,7.5,2.094945728215801,0.2982456140350877,0
175854,3.6109179126442243,9.285714285714286,11.083333333333334,111.0,2.100643749330439,0.6573705179282868,1
113087,2.3978952727983707,18.88888888888889,13.6,9.166666666666666,2.2914117923959205,0.2625,0
40334,1.9459101490553132,21.4,16.5,3.5,1.9740810260220096,0.41935483870967744,3
62573,3.295836866004329,9.4,8.538461538461538,58.5,3.0782334950657346,0.6756756756756757,1
4875,3.295836866004329,9.84,12.384615384615385,58.5,2.5400259490090797,0.4965753424657534,1
22350,2.8903717578961645,13.6875,10.764705882352942,25.5,2.12525107771113,0.3305084745762712,0
168525,2.9444389791664403,8.294117647058824,15.555555555555555,28.5,3.013225431001508,0.7963525835866262,1
58508,1.9459101490553132,4.8,12.333333333333334,3.5,2.451005098112319,0.22641509433962265,0
25286,2.1972245773362196,22.0,14.625,6.0,2.2881963555419462,0.4032258064516129,0
62453,4.61512051684126,3.5555555555555554,13.27,841.6666666666666,1.984131361875511,0.7600644122383253,2
13846,1.6094379124341003,22.666666666666668,16.75,1.6666666666666667,1.2992829841302609,0.125,3
80835,1.791759469228055,12.25,12.4,2.5,2.224623551524334,0.2727272727272727,0
51252,1.791759469228055,20.25,11.8,2.5,1.1786549963416462,0.2222222222222222,3
115786,3.912023005428146,7.458333333333333,13.448979591836734,204.16666666666666,1.9399399820688095,0.548951048951049,1
78154,3.7612001156935624,8.731707317073171,12.261904761904763,150.5,2.709674896829212,0.6643478260869565,1
56989,2.0794415416798357,10.666666666666666,13.714285714285714,4.666666666666667,2.7300291078209855,0.023255813953488372,0
126644,1.6094379124341003,15.0,14.5,1.6666666666666667,2.662587827025453,0.25,0
21357,2.4849066497880004,20.4,15.0,11.0,2.7788192719904172,0.5364238410596026,0
148220,2.4849066497880004,18.8,13.272727272727273,11.0,1.7047480922384253,0.5111111111111111,3
144287,2.302585092994046,16.625,12.333333333333334,7.5,2.211017899468555,0.23076923076923078,0
1803,3.1780538303479458,10.954545454545455,14.130434782608695,46.0,2.320603598496724,0.48514851485148514,1
90945,1.9459101490553132,19.6,12.0,3.5,2.4159137783010487,0.1568627450980392,0
70746,2.70805020110221,20.076923076923077,13.357142857142858,17.5,3.138833117194664,0.7177700348432056,1
79573,3.4339872044851463,6.482758620689655,11.5,77.5,2.5649493574615367,0.6666666666666666,1
34549,2.1972245773362196,20.142857142857142,15.625,6.0,2.0243817644968085,0.32608695652173914,0
122755,1.9459101490553132,28.0,15.5,3.5,2.468099531471619,0.42592592592592593,0
162792,2.1972245773362196,24.285714285714285,15.75,6.0,2.316769727986002,0.546875,0
15528,4.07753744390572,6.2631578947368425,10.862068965517242,285.1666666666667,3.163326023637702,0.8109992254066615,1
173991,1.791759469228055,12.5,14.8,2.5,2.463853240590168,0.13953488372093023,0
52352,4.174387269895637,5.587301587301587,12.640625,346.6666666666667,2.324563999712821,0.7555938037865749,2
84112,2.70805020110221,13.692307692307692,14.785714285714286,17.5,2.1355310083308794,0.711340206185567,3
169674,1.791759469228055,11.75,14.6,2.5,1.9810014688665833,0.52,3
119554,2.639057329615259,7.333333333333333,12.846153846153847,15.166666666666666,1.2992829841302609,0.34375,3
187024,2.0794415416798357,27.0,12.428571428571429,4.666666666666667,2.1594842493533726,0.4782608695652174,0
100782,1.791759469228055,14.5,14.0,2.5,2.6026896854443837,0.1,0
87104,1.6094379124341003,30.0,12.0,1.6666666666666667,2.3978952727983707,0.36666666666666664,0
141508,3.7376696182833684,3.675,13.634146341463415,143.5,1.3737155789130306,0.4491525423728814,1
147917,1.6094379124341003,14.0,16.75,1.6666666666666667,3.4657359027997265,0.23655913978494625,0
48932,2.0794415416798357,13.0,14.428571428571429,4.666666666666667,1.9218125974762528,0.05714285714285714,0
21465,2.1972245773362196,15.285714285714286,13.0,6.0,2.5973846332146904,0.26436781609195403,0
150060,3.7612001156935624,7.414634146341464,13.5,150.5,2.512964602583158,0.610752688172043,1
179198,3.044522437723423,5.315789473684211,12.35,35.0,1.133098464739279,0.6,3
71721,2.772588722239781,4.642857142857143,14.733333333333333,20.0,2.1316272948504063,0.4326923076923077,3
51111,2.3978952727983707,17.555555555555557,11.2,9.166666666666666,2.7227563484919055,0.3828125,0
145863,1.791759469228055,22.5,16.6,2.5,1.252762968495368,0.3,3
31483,3.367295829986474,10.333333333333334,13.535714285714286,67.66666666666667,2.4277482359480516,0.7419354838709677,1
100942,1.6094379124341003,25.333333333333332,16.0,1.6666666666666667,1.8458266904983307,0.1875,0
34587,2.3978952727983707,16.555555555555557,14.5,9.166666666666666,2.7863820443721172,0.6496350364963503,1
157375,2.70805020110221,16.153846153846153,15.214285714285714,17.5,2.8687726460927028,0.4861111111111111,1
203022,1.791759469228055,23.75,16.4,2.5,2.327277705584417,0.2702702702702703,0
201193,2.1972245773362196,27.285714285714285,12.875,6.0,2.70805020110221,0.41836734693877553,0
4033,1.791759469228055,21.75,16.0,2.5,2.374905754573672,0.23076923076923078,0
12008,1.9459101490553132,10.8,12.0,3.5,2.653241964607215,0.2878787878787879,0
145944,2.302585092994046,23.5,13.0,7.5,2.264363880173848,0.6521739130434783,0
189122,3.5553480614894135,8.090909090909092,14.294117647058824,99.16666666666667,1.8553505720095862,0.6797752808988764,1
182720,3.5263605246161616,11.0625,14.93939393939394,93.5,1.8523840910444898,0.7209302325581395,1
24793,2.3978952727983707,20.11111111111111,12.8,9.166666666666666,0.7985076962177716,0.6363636363636364,3
170985,2.302585092994046,18.125,12.333333333333334,7.5,2.1400661634962708,0.18333333333333332,0
119949,4.204692619390966,5.415384615384616,14.696969696969697,368.5,2.6235531430792935,0.8014440433212996,2
24474,1.6094379124341003,22.0,13.25,1.6666666666666667,2.8526314299133175,0.16326530612244897,0
17704,2.1972245773362196,10.857142857142858,13.375,6.0,2.2587824703356527,0.38333333333333336,3
164166,3.295836866004329,10.0,15.846153846153847,58.5,2.2741856184723477,0.3119266055045872,1
5694,1.9459101490553132,21.6,13.166666666666666,3.5,2.667228206581955,0.22388059701492538,0
39509,3.7376696182833684,8.925,12.121951219512194,143.5,2.2353763433005955,0.5059880239520959,1
169539,2.5649493574615367,20.818181818181817,10.666666666666666,13.0,2.166452918669466,0.49411764705882355,0
101719,4.304065093204169,5.055555555555555,12.178082191780822,450.1666666666667,2.5670838299901693,0.8083140877598153,2
165410,2.3978952727983707,25.11111111111111,11.7,9.166666666666666,1.6945957207744073,0.55,0
59562,3.4011973816621555,10.75,16.379310344827587,72.5,2.7814776696570274,0.5754716981132075,1
38172,2.302585092994046,12.25,11.222222222222221,7.5,1.6341305250244718,0.09090909090909091,0
192602,4.007333185232471,6.679245283018868,12.851851851851851,247.5,1.9958548255715702,0.771513353115727,1
145529,2.9444389791664403,10.705882352941176,14.722222222222221,28.5,2.6922395950755678,0.7777777777777778,1
91202,2.1972245773362196,24.714285714285715,17.5,6.0,2.436116485618568,0.4931506849315068,0
160266,2.772588722239781,20.214285714285715,11.533333333333333,20.0,2.5704288232261625,0.44970414201183434,0
113150,1.791759469228055,24.75,15.4,2.5,2.0149030205422647,0.19230769230769232,0
83481,2.302585092994046,28.5,12.555555555555555,7.5,2.327277705584417,0.4189189189189189,0
148130,3.4339872044851463,12.03448275862069,13.133333333333333,77.5,2.8690737602172303,0.6908713692946058,1
29901,2.4849066497880004,10.6,12.909090909090908,11.0,2.833213344056216,0.48125,1
31957,3.1780538303479458,12.954545454545455,14.826086956521738,46.0,2.068012845856213,0.6118421052631579,1
132578,1.6094379124341003,16.333333333333332,12.5,1.6666666666666667,2.2335922215070942,0.6,3
14908,2.639057329615259,13.0,11.923076923076923,15.166666666666666,2.0898043287153825,0.18823529411764706,0
173798,2.995732273553991,11.88888888888889,12.736842105263158,31.666666666666668,2.1465808445174646,0.6029411764705882,1
81174,2.302585092994046,15.25,12.777777777777779,7.5,2.224623551524334,0.22727272727272727,0
45491,2.4849066497880004,5.3,13.727272727272727,11.0,2.2407096892759584,0.5952380952380952,1
105908,2.3978952727983707,28.666666666666668,16.3,9.166666666666666,2.670309873119363,0.6694214876033058,0
51609,3.1354942159291497,14.761904761904763,15.909090909090908,42.166666666666664,3.270835563798912,0.30451127819548873,1
131409,2.70805020110221,8.153846153846153,15.0,17.5,2.0600234558227344,0.43820224719101125,3
169394,1.791759469228055,13.0,10.8,2.5,2.847812143477369,0.2153846153846154,0
50123,4.0943445622221,6.103448275862069,11.88135593220339,295.0,1.9483701748961757,0.8194842406876791,1
47997,1.791759469228055,16.0,13.2,2.5,2.224623551524334,0.2727272727272727,0
54743,1.791759469228055,22.5,13.6,2.5,1.6582280766035324,0.17647058823529413,3
99479,3.8918202981106265,7.74468085106383,11.708333333333334,196.0,2.509426266962319,0.7664783427495292,1
155519,1.791759469228055,22.75,14.8,2.5,2.4203681286504293,0.21951219512195122,0
175680,4.61512051684126,3.393939393939394,11.28,841.6666666666666,0.9303330889971939,0.8947368421052632,2
173377,1.791759469228055,23.75,8.0,2.5,2.1102132003465894,0.41379310344827586,3
198711,2.995732273553991,17.0,15.31578947368421,31.666666666666668,1.7730673362159024,0.5113636363636364,3
72201,2.772588722239781,18.571428571428573,12.0,20.0,2.5142342648825204,0.3710691823899371,0
169091,1.791759469228055,30.0,15.2,2.5,3.091042453358316,0.13095238095238096,0
193378,2.772588722239781,11.071428571428571,12.733333333333333,20.0,2.7362210780689065,0.5594059405940595,1
15423,3.044522437723423,15.947368421052632,17.35,35.0,2.458238402705839,0.6403940886699507,0
42970,1.6094379124341003,29.666666666666668,13.5,1.6666666666666667,1.8458266904983307,0.25,0
94110,2.9444389791664403,13.0,14.11111111111111,28.5,2.3084502124464437,0.564935064935065,1
39970,2.5649493574615367,8.272727272727273,11.166666666666666,13.0,2.8006017584674554,0.4176470588235294,0
163284,2.3978952727983707,22.77777777777778,13.6,9.166666666666666,2.268683541318364,0.4358974358974359,0
177028,1.791759469228055,26.25,15.6,2.5,2.1972245773362196,0.125,0
198780,1.791759469228055,19.75,15.0,2.5,1.0116009116784799,0.7142857142857143,3
49628,1.6094379124341003,24.666666666666668,15.75,1.6666666666666667,2.639057329615259,0.20512820512820512,0
98566,1.9459101490553132,10.8,18.333333333333332,3.5,3.5553480614894135,0.34705882352941175,0
53705,1.6094379124341003,21.0,14.75,1.6666666666666667,2.3978952727983707,0.16666666666666666,0
121128,1.791759469228055,23.75,12.8,2.5,1.791759469228055,0.0,0
61781,1.791759469228055,22.25,13.4,2.5,1.6094379124341003,0.4375,3
35631,3.8712010109078907,7.869565217391305,13.872340425531915,188.0,2.7980763527599297,0.6953455571227081,1
91205,3.1354942159291497,15.428571428571429,13.909090909090908,42.166666666666664,2.415063076420736,0.5934579439252337,1
32460,1.6094379124341003,16.333333333333332,9.75,1.6666666666666667,2.5649493574615367,0.16666666666666666,0
162015,2.0794415416798357,24.333333333333332,14.571428571428571,4.666666666666667,2.0149030205422647,0.23076923076923078,0
139939,2.302585092994046,17.75,15.0,7.5,2.1832383353614793,0.30158730158730157,0
177102,1.6094379124341003,25.666666666666668,14.75,1.6666666666666667,1.8971199848858813,0.17647058823529413,0
188971,3.713572066704308,8.794871794871796,11.9,136.66666666666666,1.4781019103730133,0.5833333333333334,1
69890,1.9459101490553132,7.6,11.666666666666666,3.5,2.517696472610991,0.17543859649122806,0
151922,2.302585092994046,11.125,15.777777777777779,7.5,3.001962823304627,0.3137254901960784,0
47349,1.6094379124341003,20.333333333333332,14.5,1.6666666666666667,2.662587827025453,0.075,0
63499,1.9459101490553132,9.8,10.0,3.5,2.747270914255491,0.0821917808219178,0
196262,3.258096538021482,13.25,15.24,54.166666666666664,2.367123614131617,0.7068965517241379,1
107614,1.6094379124341003,16.666666666666668,15.5,1.6666666666666667,2.3978952727983707,0.13333333333333333,0
10384,3.4011973816621555,8.107142857142858,13.344827586206897,72.5,2.2512917986064953,0.6428571428571429,1
182023,1.791759469228055,9.25,15.8,2.5,3.258096538021482,0.51,0
108951,2.302585092994046,20.375,16.555555555555557,7.5,2.0149030205422647,0.17307692307692307,3
77404,2.0794415416798357,10.5,12.714285714285714,4.666666666666667,2.5257286443082556,0.4782608695652174,3
85901,4.143134726391533,5.950819672131147,13.241935483870968,325.5,2.6177547489113904,0.6658064516129032,2
21852,2.3978952727983707,19.333333333333332,16.8,9.166666666666666,1.9299098077088723,0.1509433962264151,3
23421,3.4011973816621555,9.642857142857142,14.551724137931034,72.5,2.2625068694266353,0.8215767634854771,1
89813,2.302585092994046,16.25,13.11111111111111,7.5,2.031432322493475,0.6415094339622641,3
62985,3.9889840465642745,6.0576923076923075,12.547169811320755,238.5,2.310247965739615,0.7648305084745762,1
139244,3.367295829986474,10.962962962962964,13.25,67.66666666666667,2.5301632413761213,0.6185897435897436,1
128158,3.1780538303479458,6.954545454545454,14.26086956521739,46.0,2.661530185467317,0.7372013651877133,1
45938,4.61512051684126,3.4343434343434343,18.27,841.6666666666666,2.1618125391129634,0.8160315374507228,2
137655,2.995732273553991,10.166666666666666,12.578947368421053,31.666666666666668,2.8590212280120886,0.6216216216216216,1
43367,2.9444389791664403,3.588235294117647,14.38888888888889,28.5,2.290750635347043,0.46357615894039733,3
72646,2.0794415416798357,25.833333333333332,14.714285714285714,4.666666666666667,2.614959778036198,0.5394736842105263,0
118069,1.9459101490553132,20.0,13.5,3.5,2.2617630984737906,0.32558139534883723,0
96274,2.639057329615259,18.333333333333332,14.23076923076923,15.166666666666666,2.0476928433652555,0.5308641975308642,3
115760,2.1972245773362196,13.142857142857142,12.0,6.0,1.3121863889661687,0.10526315789473684,3
202030,1.9459101490553132,24.4,11.666666666666666,3.5,2.4336133554004498,0.11538461538461539,0
49292,4.204692619390966,5.584615384615384,13.045454545454545,368.5,2.277661684541589,0.6274165202108963,2
47223,3.58351893845611,9.441176470588236,13.685714285714285,105.0,2.5138941866612527,0.4119170984455959,1
128848,2.302585092994046,4.375,15.0,7.5,2.5933872927820705,0.43434343434343436,1
45091,2.3978952727983707,4.222222222222222,13.5,9.166666666666666,1.754019141245208,0.6511627906976745,3
187943,1.9459101490553132,18.4,12.5,3.5,2.747270914255491,0.3972602739726027,0
122750,1.791759469228055,9.5,13.4,2.5,1.749199854809259,0.0,0
55114,1.9459101490553132,9.6,16.0,3.5,1.33500106673234,0.35714285714285715,3
131901,2.639057329615259,14.916666666666666,10.76923076923077,15.166666666666666,1.6582280766035324,0.7058823529411765,3
20282,1.6094379124341003,9.666666666666666,14.75,1.6666666666666667,2.3978952727983707,0.4666666666666667,0
28994,2.9444389791664403,9.235294117647058,13.722222222222221,28.5,2.290750635347043,0.4900662251655629,1
89317,2.1972245773362196,23.285714285714285,11.875,6.0,1.9459101490553132,0.3333333333333333,0
183781,2.9444389791664403,10.235294117647058,16.22222222222222,28.5,2.348570206235869,0.5714285714285714,1
25166,2.3978952727983707,27.555555555555557,12.2,9.166666666666666,1.563975538357343,0.4117647058823529,0
96104,3.2188758248682006,15.173913043478262,14.833333333333334,50.0,2.581533485477072,0.7864768683274022,1
23367,2.3978952727983707,10.444444444444445,13.0,9.166666666666666,1.0986122886681096,0.6666666666666666,3
105915,3.8918202981106265,6.74468085106383,12.958333333333334,196.0,2.6865439958812463,0.8211508553654744,1
181136,2.302585092994046,20.0,13.666666666666666,7.5,3.1623054733798064,0.49171270718232046,0
144096,1.791759469228055,19.25,14.0,2.5,2.847812143477369,0.27692307692307694,0
26622,1.791759469228055,19.75,12.2,2.5,2.5649493574615367,0.375,0
9498,2.3978952727983707,15.222222222222221,16.9,9.166666666666666,2.2335922215070942,0.3466666666666667,0
121799,1.6094379124341003,17.333333333333332,16.0,1.6666666666666667,1.6094379124341003,0.25,3
59607,2.639057329615259,9.916666666666666,16.153846153846153,15.166666666666666,2.808398174936492,0.3582887700534759,1
36014,2.5649493574615367,10.181818181818182,11.583333333333334,13.0,2.477302050402781,0.5083333333333333,0
67004,2.4849066497880004,15.8,13.0,11.0,1.4350845252893227,0.75,3
198986,2.833213344056216,14.8,13.9375,22.666666666666668,1.9070703157390494,0.4069767441860465,3
18966,1.791759469228055,25.0,10.4,2.5,2.8622008809294686,0.18181818181818182,0
119652,2.3978952727983707,15.444444444444445,14.4,9.166666666666666,1.563975538357343,0.2647058823529412,3
92082,2.995732273553991,5.333333333333333,11.947368421052632,31.666666666666668,2.0583881324820035,0.3821138211382114,0
91360,1.6094379124341003,16.666666666666668,12.0,1.6666666666666667,2.4849066497880004,0.18181818181818182,0
54520,1.6094379124341003,14.333333333333334,14.75,1.6666666666666667,2.302585092994046,0.2222222222222222,0
114465,3.713572066704308,8.435897435897436,12.775,136.66666666666666,1.8336065791635554,0.2926829268292683,1
95446,1.9459101490553132,7.6,12.333333333333334,3.5,0.7884573603642702,0.5,3
30932,1.791759469228055,17.75,18.0,2.5,1.6094379124341003,0.3125,3
111803,2.4849066497880004,14.5,9.818181818181818,11.0,1.8718021769015913,0.41818181818181815,0
114968,1.6094379124341003,17.333333333333332,11.5,1.6666666666666667,1.2992829841302609,0.375,0
74647,1.791759469228055,10.25,13.8,2.5,1.6582280766035324,0.35294117647058826,3
13184,2.302585092994046,12.25,16.444444444444443,7.5,1.5841201044498106,0.5161290322580645,3
68891,4.61512051684126,3.5353535353535355,12.27,841.6666666666666,1.8034750844006178,0.9023904382470119,2
170510,1.9459101490553132,12.6,10.833333333333334,3.5,1.791759469228055,0.48,0
10306,1.6094379124341003,29.333333333333332,16.25,1.6666666666666667,2.538973871058276,0.17142857142857143,0
71451,2.0794415416798357,14.166666666666666,13.714285714285714,4.666666666666667,2.2857779746776643,0.41509433962264153,0
10558,2.0794415416798357,20.5,13.571428571428571,4.666666666666667,1.992430164690206,0.631578947368421,0
187247,3.2188758248682006,8.0,13.791666666666666,50.0,2.9329313723149606,0.7188264058679706,1
66362,3.4657359027997265,11.033333333333333,16.93548387096774,82.66666666666667,2.049841071903545,0.6009852216748769,1
108962,1.6094379124341003,23.333333333333332,15.0,1.6666666666666667,1.8458266904983307,0.25,0
135124,1.6094379124341003,30.0,8.5,1.6666666666666667,2.3353749158170367,0.2857142857142857,0
75126,3.6375861597263857,9.61111111111111,10.297297297297296,117.16666666666667,2.808398174936492,0.6096256684491979,1
57556,3.091042453358316,15.95,15.80952380952381,38.5,2.085672091430472,0.375886524822695,3
92005,2.3978952727983707,16.11111111111111,10.7,9.166666666666666,2.065455299705096,0.16129032258064516,0
84409,2.1972245773362196,20.285714285714285,15.75,6.0,1.1895840668738362,0.25,3
182665,2.302585092994046,25.125,17.666666666666668,7.5,2.45315795147342,0.3176470588235294,0
122285,3.091042453358316,12.7,14.333333333333334,38.5,1.916922612182061,0.46551724137931033,3
199722,2.1972245773362196,10.428571428571429,12.375,6.0,1.455287232606842,0.21739130434782608,3
11097,1.791759469228055,10.0,18.8,2.5,1.5040773967762742,0.42857142857142855,0
102703,2.302585092994046,11.375,11.88888888888889,7.5,2.665490586683414,0.1588785046728972,0
165015,2.70805020110221,12.923076923076923,10.571428571428571,17.5,1.817077277212345,0.6567164179104478,3
169200,3.1780538303479458,12.090909090909092,11.434782608695652,46.0,0.9520088144762342,0.7714285714285715,3
197686,3.8501476017100584,8.11111111111111,12.673913043478262,180.16666666666666,2.4336133554004498,0.5876068376068376,1
65958,2.0794415416798357,14.5,13.0,4.666666666666667,2.1594842493533726,0.1956521739130435,0
22250,3.7376696182833684,9.125,14.365853658536585,143.5,3.056356895370426,0.782716049382716,1
35938,3.1780538303479458,13.363636363636363,11.478260869565217,46.0,0.9864949905474036,0.8108108108108109,3
196369,3.9889840465642745,6.961538461538462,13.415094339622641,238.5,1.6942031790618102,0.5800865800865801,1
183555,1.9459101490553132,21.6,15.666666666666666,3.5,2.2617630984737906,0.27906976744186046,0
55753,2.4849066497880004,15.2,13.727272727272727,11.0,2.4423470353692043,0.5904761904761905,1
6102,1.6094379124341003,13.333333333333334,12.25,1.6666666666666667,1.2992829841302609,0.25,3
153013,2.772588722239781,16.071428571428573,16.0,20.0,2.3581549441488563,0.5597014925373134,0
32825,1.791759469228055,27.75,10.6,2.5,3.079613757534693,0.6144578313253012,0
198234,1.6094379124341003,30.0,11.25,1.6666666666666667,1.8971199848858813,0.47058823529411764,0
114275,2.5649493574615367,9.545454545454545,14.25,13.0,2.8278514009148306,0.42857142857142855,1
43706,3.4339872044851463,7.206896551724138,17.466666666666665,77.5,1.9310215365615626,0.5906432748538012,1
160274,3.4011973816621555,10.035714285714286,16.551724137931036,72.5,2.5893739094686117,0.6260869565217392,1
154188,2.302585092994046,8.25,14.333333333333334,7.5,1.5841201044498106,0.45161290322580644,3
171105,1.791759469228055,11.5,17.0,2.5,2.847812143477369,0.4461538461538462,0
189258,3.4011973816621555,11.785714285714286,11.068965517241379,72.5,3.251204711983561,0.7669064748201438,1
169664,1.791759469228055,20.0,12.8,2.5,1.1786549963416462,0.1111111111111111,3
89056,2.1972245773362196,20.428571428571427,10.5,6.0,0.9985288301111271,0.4166666666666667,3
30305,2.0794415416798357,18.0,17.0,4.666666666666667,2.1594842493533726,0.43478260869565216,0
162897,1.6094379124341003,20.0,11.5,1.6666666666666667,3.060270794691562,0.03278688524590164,0
171366,2.5649493574615367,17.818181818181817,15.416666666666666,13.0,2.032921526044943,0.3424657534246575,0
167536,1.6094379124341003,13.666666666666666,11.0,1.6666666666666667,2.367123614131617,0.13793103448275862,0
127657,2.1972245773362196,8.0,12.5,6.0,0.7621400520468967,0.25,3
61918,1.9459101490553132,12.8,13.0,3.5,2.833213344056216,0.3375,0
102008,2.639057329615259,14.083333333333334,11.153846153846153,15.166666666666666,2.538973871058276,0.32857142857142857,0
192411,3.2188758248682006,13.0,15.75,50.0,2.147709512808839,0.5344827586206896,3
148445,3.6888794541139363,9.605263157894736,11.41025641025641,130.0,2.2146163200480884,0.8387096774193549,1
63509,2.1972245773362196,22.571428571428573,14.0,6.0,3.1416861861770706,0.2709677419354839,0
10299,2.70805020110221,15.461538461538462,12.857142857142858,17.5,2.2870809064580806,0.2956521739130435,0
44082,2.3978952727983707,2.6666666666666665,16.3,9.166666666666666,1.329135947279942,0.44,3
195201,2.302585092994046,18.25,14.444444444444445,7.5,2.772588722239781,0.35833333333333334,0
14454,1.791759469228055,25.75,13.4,2.5,0.8109302162163288,0.4,3
183154,2.0794415416798357,20.5,13.857142857142858,4.666666666666667,2.5520459526256287,0.4225352112676056,0
89769,2.8903717578961645,7.5,11.235294117647058,25.5,1.936941479072553,0.7368421052631579,3
145240,2.9444389791664403,3.6470588235294117,12.944444444444445,28.5,1.8581345381729277,0.18478260869565216,0
132897,2.302585092994046,23.875,15.222222222222221,7.5,3.2435684374585723,0.5583756345177665,0
156263,1.791759469228055,18.5,16.4,2.5,2.0149030205422647,0.23076923076923078,0
119180,2.639057329615259,21.416666666666668,12.153846153846153,15.166666666666666,1.1786549963416462,0.1111111111111111,3
26260,1.6094379124341003,21.666666666666668,15.5,1.6666666666666667,1.8971199848858813,0.17647058823529413,0
145881,3.4339872044851463,6.655172413793103,16.133333333333333,77.5,1.4610179073158271,0.9479166666666666,1
61180,2.0794415416798357,17.833333333333332,12.857142857142858,4.666666666666667,2.908720896564361,0.23076923076923078,0
1728,1.6094379124341003,30.0,8.25,1.6666666666666667,0.8472978603872036,0.25,3
182481,2.70805020110221,11.923076923076923,14.571428571428571,17.5,2.772588722239781,0.558974358974359,1
136600,2.4849066497880004,16.3,12.727272727272727,11.0,2.128231705849268,0.22972972972972974,0
120043,1.791759469228055,24.25,11.2,2.5,3.1245651453969594,0.21839080459770116,0
109496,3.4965075614664802,9.774193548387096,13.0,88.0,2.2008023986841034,0.4497991967871486,1
55684,2.833213344056216,10.6,15.5625,22.666666666666668,2.2407096892759584,0.5,3
59866,2.302585092994046,18.625,12.444444444444445,7.5,2.583997552432231,0.29591836734693877,0
124832,2.1972245773362196,18.571428571428573,14.375,6.0,2.243744592971112,0.4067796610169492,0
133763,2.70805020110221,10.615384615384615,13.214285714285714,17.5,2.4254832293171997,0.4253731343283582,0
189875,3.367295829986474,12.481481481481481,14.035714285714286,67.66666666666667,2.826655943510057,0.5874125874125874,1
156502,1.9459101490553132,29.0,11.166666666666666,3.5,0.7884573603642702,0.6666666666666666,0
37491,3.9889840465642745,6.9423076923076925,13.452830188679245,238.5,2.3659209681658564,0.8286852589641435,1
12792,2.9444389791664403,9.352941176470589,14.277777777777779,28.5,2.4799926349855714,0.532258064516129,1
128364,3.1354942159291497,12.380952380952381,12.136363636363637,42.166666666666664,2.186586179131164,0.6144578313253012,1
34473,2.9444389791664403,17.529411764705884,13.555555555555555,28.5,2.6432502078752944,0.35135135135135137,0
53017,2.9444389791664403,9.941176470588236,12.777777777777779,28.5,2.108429078553088,0.44715447154471544,0
102589,2.70805020110221,24.307692307692307,13.071428571428571,17.5,2.3978952727983707,0.7076923076923077,0
198544,3.4011973816621555,11.75,12.517241379310345,72.5,2.531426665422893,0.4444444444444444,1
174282,1.6094379124341003,21.0,14.0,1.6666666666666667,1.4663370687934272,0.3,3
167209,1.6094379124341003,30.0,11.25,1.6666666666666667,1.8458266904983307,0.125,0
27319,3.044522437723423,12.263157894736842,15.15,35.0,2.1369653858180224,0.2746478873239437,3
91683,1.791759469228055,28.75,12.6,2.5,2.0476928433652555,0.2962962962962963,0
121288,1.9459101490553132,23.0,17.0,3.5,1.0296194171811583,0.4444444444444444,3
80688,2.0794415416798357,8.5,13.285714285714286,4.666666666666667,2.120263536200091,0.45454545454545453,0
192235,2.3978952727983707,17.88888888888889,11.1,9.166666666666666,2.3460702049337847,0.29411764705882354,0
108758,2.0794415416798357,14.833333333333334,16.428571428571427,4.666666666666667,2.5257286443082556,0.36231884057971014,0
153148,2.833213344056216,19.866666666666667,14.875,22.666666666666668,2.5902671654458267,0.5891891891891892,1
43122,2.1972245773362196,22.285714285714285,13.875,6.0,0.8266785731844679,0.5555555555555556,3
21520,1.6094379124341003,27.666666666666668,15.25,1.6666666666666667,2.4277482359480516,0.3870967741935484,0
166172,2.8903717578961645,18.3125,12.647058823529411,25.5,2.1972245773362196,0.265625,0
30434,4.248495242049359,5.3088235294117645,14.101449275362318,402.5,2.240396749201428,0.7968476357267951,2
88429,3.9512437185814275,5.12,17.15686274509804,221.0,0.9631743177730056,0.9629629629629629,1
112446,3.295836866004329,11.4,17.23076923076923,58.5,2.0744289998562917,0.5172413793103449,1
15197,2.3978952727983707,25.0,14.1,9.166666666666666,2.367123614131617,0.5287356321839081,0
113865,1.6094379124341003,25.666666666666668,14.25,1.6666666666666667,2.0794415416798357,0.047619047619047616,0
81356,1.6094379124341003,29.666666666666668,10.0,1.6666666666666667,2.1594842493533726,0.0,0
64989,3.6635616461296463,9.135135135135135,11.31578947368421,123.5,2.686191407289711,0.6778656126482213,1
53851,2.995732273553991,4.5,12.789473684210526,31.666666666666668,2.7898008511209027,0.4909090909090909,1
114320,1.9459101490553132,30.0,10.5,3.5,0.9555114450274365,0.375,3
182978,2.0794415416798357,13.333333333333334,14.714285714285714,4.666666666666667,2.5257286443082556,0.34782608695652173,0
36965,3.4965075614664802,6.354838709677419,17.09375,88.0,2.145742621501076,0.7649572649572649,1
177575,2.5649493574615367,22.363636363636363,16.083333333333332,13.0,1.4307461236907244,0.45714285714285713,3
61583,2.1972245773362196,22.285714285714285,17.25,6.0,3.2131451501592156,0.40119760479041916,0
61070,2.0794415416798357,14.0,14.714285714285714,4.666666666666667,2.03688192726104,0.275,0
110413,2.772588722239781,14.071428571428571,15.6,20.0,2.6184380424125226,0.3651685393258427,3
107275,1.6094379124341003,17.333333333333332,12.25,1.6666666666666667,2.4277482359480516,0.16129032258064516,0
73646,3.091042453358316,12.45,12.571428571428571,38.5,1.8164520818184267,0.6019417475728155,3
108237,1.6094379124341003,19.666666666666668,15.5,1.6666666666666667,2.793208009442517,0.043478260869565216,0
27363,1.9459101490553132,22.0,15.5,3.5,2.667228206581955,0.26865671641791045,0
84047,4.418840607796598,4.506172839506172,14.097560975609756,567.1666666666666,2.8618480850182415,0.6796407185628742,2
42397,1.791759469228055,21.5,8.6,2.5,2.277267285009756,0.2,0
169176,1.9459101490553132,17.8,15.666666666666666,3.5,1.791759469228055,0.2,3
200119,1.791759469228055,27.25,11.2,2.5,2.3978952727983707,0.175,0
106354,2.0794415416798357,15.666666666666666,13.428571428571429,4.666666666666667,2.0794415416798357,0.2857142857142857,0
185293,3.4657359027997265,10.0,13.03225806451613,82.66666666666667,2.8507065015037334,0.6830265848670757,1
98177,1.9459101490553132,22.0,16.5,3.5,2.174751721484161,0.10256410256410256,0
134972,3.6888794541139363,9.368421052631579,15.692307692307692,130.0,2.3156571745613985,0.6858789625360231,1
45759,2.995732273553991,14.277777777777779,13.368421052631579,31.666666666666668,1.9771626925594177,0.5,3
68982,2.302585092994046,12.125,11.777777777777779,7.5,2.169053700369523,0.2903225806451613,0
3622,1.6094379124341003,30.0,14.0,1.6666666666666667,1.791759469228055,0.3333333333333333,0
7951,2.3978952727983707,21.77777777777778,16.2,9.166666666666666,1.8971199848858813,0.2549019607843137,3
90879,1.791759469228055,24.0,12.8,2.5,2.639057329615259,0.038461538461538464,0
24112,1.791759469228055,18.5,14.0,2.5,2.1972245773362196,0.0625,0
10119,1.791759469228055,30.0,12.2,2.5,2.302585092994046,0.1388888888888889,0
174933,3.295836866004329,8.56,15.038461538461538,58.5,1.9960599327407849,0.5345911949685535,3
96904,1.9459101490553132,24.4,16.666666666666668,3.5,2.501435951739211,0.42857142857142855,0
135303,2.70805020110221,15.307692307692308,16.0,17.5,1.1239300966523995,0.5185185185185185,3
40027,2.70805020110221,4.769230769230769,11.285714285714286,17.5,2.2792377289970545,0.4298245614035088,0
129835,2.3978952727983707,14.88888888888889,9.1,9.166666666666666,2.1465808445174646,0.5294117647058824,0
156656,1.6094379124341003,20.666666666666668,10.0,1.6666666666666667,1.2992829841302609,0.125,3
104656,2.9444389791664403,19.0,14.0,28.5,2.8122335535870215,0.46616541353383456,1
26367,2.3978952727983707,5.777777777777778,15.7,9.166666666666666,1.5869650565820417,0.5428571428571428,3
104307,4.5217885770490405,4.055555555555555,13.483516483516484,697.6666666666666,2.145281299175379,0.7687776141384389,2
172476,2.0794415416798357,5.166666666666667,13.142857142857142,4.666666666666667,3.157000421150113,0.45925925925925926,0
182071,3.258096538021482,13.583333333333334,13.08,54.166666666666664,0.8649974374866045,0.7272727272727273,3
122602,3.912023005428146,7.395833333333333,11.693877551020408,204.16666666666666,2.3768418636005384,0.5735607675906184,1
103475,1.6094379124341003,10.666666666666666,10.75,1.6666666666666667,2.120263536200091,0.22727272727272727,0
90994,2.70805020110221,17.384615384615383,13.642857142857142,17.5,3.0371694634181643,0.43410852713178294,1
148662,1.9459101490553132,5.6,14.333333333333334,3.5,2.341805806147327,0.2978723404255319,0
194585,2.3978952727983707,16.666666666666668,13.6,9.166666666666666,1.5869650565820417,0.22857142857142856,0
63724,3.258096538021482,11.541666666666666,12.68,54.166666666666664,1.9218125974762528,0.15714285714285714,0
98431,1.6094379124341003,25.0,16.0,1.6666666666666667,2.1594842493533726,0.08695652173913043,0
177247,1.791759469228055,24.5,11.6,2.5,2.7568403652716422,0.1864406779661017,0
114278,3.258096538021482,10.75,15.44,54.166666666666664,1.8123787564307907,0.3821138211382114,3
108182,1.6094379124341003,27.666666666666668,6.5,1.6666666666666667,2.3353749158170367,0.17857142857142858,0
64079,2.5649493574615367,4.090909090909091,12.416666666666666,13.0,2.9911764570181303,0.6153846153846154,1
156357,1.791759469228055,11.0,14.4,2.5,2.0149030205422647,0.11538461538461539,0
38814,2.0794415416798357,19.333333333333332,11.285714285714286,4.666666666666667,1.6094379124341003,0.125,0
172916,3.2188758248682006,7.826086956521739,16.208333333333332,50.0,2.1115298562313365,0.41916167664670656,3
83004,1.6094379124341003,16.333333333333332,16.25,1.6666666666666667,2.9789251552376097,0.26785714285714285,0
112981,3.367295829986474,12.25925925925926,15.392857142857142,67.66666666666667,2.2763171661734356,0.5211864406779662,1
63860,2.70805020110221,14.538461538461538,16.928571428571427,17.5,2.743318339939668,0.4074074074074074,0
35193,1.791759469228055,21.75,15.0,2.5,1.252762968495368,0.2,3
198773,1.791759469228055,25.0,14.0,2.5,2.3978952727983707,0.3,0
51261,3.912023005428146,7.583333333333333,15.755102040816327,204.16666666666666,2.5106150064982073,0.7624309392265194,1
22844,1.6094379124341003,15.0,17.5,1.6666666666666667,2.0794415416798357,0.09523809523809523,0
177300,2.0794415416798357,21.666666666666668,12.285714285714286,4.666666666666667,2.2335922215070942,0.18,0
185268,2.5649493574615367,10.090909090909092,14.0,13.0,1.9061698204057993,0.3968253968253968,3
19008,2.0794415416798357,13.833333333333334,10.142857142857142,4.666666666666667,1.5404450409471488,0.3181818181818182,3
77862,2.0794415416798357,23.5,14.857142857142858,4.666666666666667,2.456735772821304,0.234375,0
157179,2.0794415416798357,8.166666666666666,13.714285714285714,4.666666666666667,2.639057329615259,0.358974358974359,0
169927,3.295836866004329,11.84,14.23076923076923,58.5,3.011605622710281,0.5175983436853002,1
43516,1.6094379124341003,19.333333333333332,12.25,1.6666666666666667,1.3862943611198906,0.0,3
191356,1.9459101490553132,14.0,10.0,3.5,2.4849066497880004,0.2545454545454545,0
148877,2.302585092994046,22.0,9.555555555555555,7.5,2.8622008809294686,0.5909090909090909,0
139484,2.0794415416798357,22.166666666666668,11.571428571428571,4.666666666666667,2.3513752571634776,0.22807017543859648,0
43354,2.0794415416798357,26.666666666666668,12.428571428571429,4.666666666666667,2.3978952727983707,0.5666666666666667,0
63307,2.4849066497880004,18.7,14.181818181818182,11.0,2.1162555148025524,0.5616438356164384,3
83787,2.302585092994046,24.375,16.666666666666668,7.5,2.45315795147342,0.4588235294117647,0
179391,3.828641396489095,8.295454545454545,13.777777777777779,172.5,1.9129038525871431,0.7677165354330708,1
192349,1.6094379124341003,10.0,16.5,1.6666666666666667,1.8971199848858813,0.29411764705882354,0
175552,1.9459101490553132,27.0,15.166666666666666,3.5,2.2407096892759584,0.11904761904761904,0
185120,1.6094379124341003,16.666666666666668,21.0,1.6666666666666667,2.7300291078209855,0.4418604651162791,0
108271,3.828641396489095,8.022727272727273,12.444444444444445,172.5,3.0606258452900015,0.6715083798882682,1
170767,3.258096538021482,11.041666666666666,12.8,54.166666666666664,2.5520459526256287,0.6267605633802817,1
64422,3.258096538021482,13.208333333333334,11.16,54.166666666666664,2.294216843323529,0.6635514018691588,1
69760,3.1780538303479458,15.818181818181818,13.608695652173912,46.0,1.5040773967762742,0.8051948051948052,3
52707,3.6375861597263857,10.11111111111111,12.486486486486486,117.16666666666667,2.4895255956442948,0.7311557788944724,1
100267,2.833213344056216,6.8,15.8125,22.666666666666668,1.582409240046181,0.7931034482758621,1
150702,2.3978952727983707,13.11111111111111,14.7,9.166666666666666,2.6230569882688175,0.33043478260869563,3
155921,3.4965075614664802,10.935483870967742,15.875,88.0,2.346756311307183,0.4402730375426621,1
111900,2.639057329615259,17.5,12.23076923076923,15.166666666666666,3.131864447878571,0.34980988593155893,0
26239,1.9459101490553132,28.0,10.333333333333334,3.5,1.5260563034950494,0.2222222222222222,3
124200,2.1972245773362196,15.857142857142858,12.75,6.0,2.228477120840324,0.27586206896551724,0
151492,2.833213344056216,16.066666666666666,14.4375,22.666666666666668,2.690112500415543,0.529126213592233,1
131703,1.6094379124341003,5.666666666666667,15.75,1.6666666666666667,3.258096538021482,0.06666666666666667,0
173706,2.302585092994046,15.75,13.555555555555555,7.5,2.5356789751614235,0.26881720430107525,0
173992,1.6094379124341003,8.0,11.75,1.6666666666666667,3.20545280453606,0.22535211267605634,0
170901,1.9459101490553132,13.0,14.5,3.5,2.0014800002101243,0.40625,3
67558,4.04305126783455,6.618181818181818,12.107142857142858,266.0,1.9275610103871168,0.8142414860681114,1
201873,3.258096538021482,13.791666666666666,12.52,54.166666666666664,1.4663370687934272,0.3875,0
120395,2.772588722239781,22.5,13.933333333333334,20.0,2.5704288232261625,0.48520710059171596,1
97052,2.0794415416798357,10.333333333333334,12.428571428571429,4.666666666666667,1.7635885922613586,0.20689655172413793,0
145541,2.8903717578961645,13.9375,9.705882352941176,25.5,2.087223682121891,0.2743362831858407,0
96357,2.70805020110221,15.461538461538462,15.142857142857142,17.5,2.75317063638268,0.6544502617801047,1
80712,2.0794415416798357,23.333333333333332,13.857142857142858,4.666666666666667,2.8903717578961645,0.22549019607843138,0
34574,2.833213344056216,18.666666666666668,10.3125,22.666666666666668,1.120591195386885,0.45161290322580644,3
138133,2.995732273553991,16.833333333333332,13.368421052631579,31.666666666666668,3.0808900818942977,0.6550802139037433,1
43729,1.791759469228055,7.0,10.4,2.5,2.3978952727983707,0.35,0
86412,2.9444389791664403,10.058823529411764,12.11111111111111,28.5,1.8672670217362002,0.44086021505376344,0
89895,2.1972245773362196,26.428571428571427,12.125,6.0,1.6094379124341003,0.5357142857142857,0
109421,1.9459101490553132,29.8,14.666666666666666,3.5,3.367295829986474,0.36428571428571427,0
59745,1.6094379124341003,25.333333333333332,14.25,1.6666666666666667,1.6739764335716716,0.23076923076923078,0
180012,2.0794415416798357,26.833333333333332,11.142857142857142,4.666666666666667,1.4663370687934272,0.45,0
100621,3.4339872044851463,11.482758620689655,14.133333333333333,77.5,1.8901995420413076,0.5705521472392638,1
197519,1.791759469228055,21.0,12.4,2.5,2.5649493574615367,0.5,0
166663,2.302585092994046,20.125,15.666666666666666,7.5,2.45315795147342,0.6352941176470588,3
56103,3.4965075614664802,10.709677419354838,14.21875,88.0,2.14196189866117,0.5407725321888412,1
52416,3.6109179126442243,10.142857142857142,13.36111111111111,111.0,1.0498221244986778,0.36923076923076925,1
4679,2.833213344056216,16.4,13.3125,22.666666666666668,2.7429882524634905,0.573394495412844,1
29300,2.4849066497880004,10.1,11.272727272727273,11.0,2.151762203259462,0.3684210526315789,0
73815,2.0794415416798357,21.333333333333332,14.142857142857142,4.666666666666667,1.8971199848858813,0.47058823529411764,0
29799,1.791759469228055,20.0,11.8,2.5,2.583997552432231,0.30612244897959184,0
163064,1.791759469228055,13.0,14.4,2.5,1.6582280766035324,0.17647058823529413,3
6596,1.791759469228055,24.0,14.6,2.5,2.463853240590168,0.3488372093023256,0
25528,1.9459101490553132,5.4,11.833333333333334,3.5,0.6931471805599453,0.8,3
6541,3.7612001156935624,8.097560975609756,12.619047619047619,150.5,2.8502834598278195,0.7215568862275449,1
77293,4.584967478670572,3.78125,16.814432989690722,792.1666666666666,2.1714318227744904,0.8766756032171582,2
13392,2.70805020110221,16.46153846153846,14.428571428571429,17.5,2.0402208285265546,0.3218390804597701,0
149535,2.639057329615259,8.166666666666666,12.23076923076923,15.166666666666666,1.777773227253315,0.864406779661017,3
73564,2.4849066497880004,13.2,13.363636363636363,11.0,2.2300144001592104,0.3614457831325301,3
156447,3.6888794541139363,9.447368421052632,12.256410256410257,130.0,2.6446805871696206,0.7002012072434608,1
171196,4.406719247264253,4.5375,12.493827160493828,553.5,2.5237266416375825,0.8028322440087146,2
146657,1.6094379124341003,17.0,13.5,1.6666666666666667,0.8472978603872036,0.25,3
50912,2.70805020110221,12.692307692307692,12.285714285714286,17.5,2.302585092994046,0.41025641025641024,0
201441,2.8903717578961645,12.875,10.705882352941176,25.5,2.414797083600974,0.7239263803680982,1
96233,2.639057329615259,20.5,12.384615384615385,15.166666666666666,2.2335922215070942,0.59,0
122862,2.4849066497880004,13.0,14.181818181818182,11.0,1.667706820558076,0.3488372093023256,3
66485,3.044522437723423,11.31578947368421,15.5,35.0,2.3638287182347644,0.36065573770491804,1
87919,3.8501476017100584,7.7555555555555555,13.91304347826087,180.16666666666666,2.468099531471619,0.6275720164609053,1
204437,2.995732273553991,15.555555555555555,15.052631578947368,31.666666666666668,2.153053359023082,0.5766423357664233,1
201084,2.302585092994046,22.5,15.666666666666666,7.5,1.6817585740137266,0.34285714285714286,3
9221,4.07753744390572,3.456140350877193,11.017241379310345,285.1666666666667,2.0066821873974074,0.5122615803814714,1
169999,3.8066624897703196,8.348837209302326,12.363636363636363,165.0,2.4926286958819106,0.5471698113207547,1
71053,2.995732273553991,12.555555555555555,14.473684210526315,31.666666666666668,2.412933150162911,0.3224043715846995,1
20074,2.833213344056216,17.066666666666666,9.125,22.666666666666668,2.699121570357909,0.5240384615384616,1
86627,2.995732273553991,16.166666666666668,14.421052631578947,31.666666666666668,2.0074680420547466,0.49137931034482757,3
65100,2.3978952727983707,13.88888888888889,14.4,9.166666666666666,2.268683541318364,0.3076923076923077,3
98751,1.9459101490553132,9.8,15.666666666666666,3.5,2.302585092994046,0.1111111111111111,0
90187,3.7612001156935624,7.853658536585366,11.714285714285714,150.5,2.3171131935569553,0.4186666666666667,1
79488,2.5649493574615367,3.0,13.5,13.0,2.381228220313159,0.3148148148148148,1
56473,1.6094379124341003,21.666666666666668,15.0,1.6666666666666667,2.4277482359480516,0.16129032258064516,0
28766,3.5263605246161616,2.84375,13.757575757575758,93.5,1.8375690052593492,0.514792899408284,1
160995,3.6109179126442243,5.6,14.055555555555555,111.0,1.7529196359117911,0.7125748502994012,1
32811,2.1972245773362196,9.857142857142858,17.0,6.0,2.575878427993727,0.35294117647058826,0
124,2.302585092994046,15.875,10.333333333333334,7.5,2.386466576974748,0.3924050632911392,0
171671,4.394449154672439,4.594936708860759,14.525,540.0,2.170138103150648,0.6655791190864601,2
136268,1.6094379124341003,7.333333333333333,13.0,1.6666666666666667,2.302585092994046,0.18518518518518517,0
63906,1.9459101490553132,18.2,12.166666666666666,3.5,2.6100697927420065,0.3968253968253968,0
38250,1.791759469228055,16.0,11.6,2.5,2.1972245773362196,0.46875,0
121323,3.044522437723423,13.736842105263158,12.8,35.0,2.5770219386958058,0.5281385281385281,1
39068,3.4011973816621555,11.892857142857142,15.344827586206897,72.5,3.076324280884294,0.7029360967184801,1
102720,2.302585092994046,22.5,15.11111111111111,7.5,2.4849066497880004,0.38636363636363635,0
52126,3.7612001156935624,8.707317073170731,13.142857142857142,150.5,2.373202660207999,0.6741854636591479,1
191901,3.367295829986474,9.851851851851851,13.285714285714286,67.66666666666667,2.302585092994046,0.588477366255144,1
163322,3.9889840465642745,6.461538461538462,15.377358490566039,238.5,2.089010992695987,0.7744565217391305,1
184864,1.9459101490553132,26.2,14.166666666666666,3.5,2.533696813957432,0.2413793103448276,0
146120,2.5649493574615367,11.181818181818182,14.083333333333334,13.0,2.1453995094716336,0.37349397590361444,3
135488,1.9459101490553132,26.6,13.833333333333334,3.5,2.772588722239781,0.48,0
205193,2.302585092994046,21.5,14.333333333333334,7.5,2.639057329615259,0.41346153846153844,0
21409,1.6094379124341003,6.666666666666667,17.0,1.6666666666666667,2.833213344056216,0.08333333333333333,0
31016,2.3978952727983707,23.11111111111111,13.1,9.166666666666666,1.7730673362159024,0.3409090909090909,3
162754,4.174387269895637,5.714285714285714,12.375,346.6666666666667,2.257122718917288,0.7680890538033395,2
140195,2.5649493574615367,12.545454545454545,15.166666666666666,13.0,3.044522437723423,0.5863636363636363,1
28914,2.8903717578961645,16.3125,16.058823529411764,25.5,2.6996819514316934,0.6261261261261262,1
66408,1.6094379124341003,5.666666666666667,15.75,1.6666666666666667,2.5649493574615367,0.027777777777777776,0
15772,1.9459101490553132,20.2,13.166666666666666,3.5,3.250374491927572,0.29838709677419356,0
173586,1.791759469228055,29.75,17.2,2.5,2.1102132003465894,0.034482758620689655,0
164207,2.70805020110221,8.0,14.142857142857142,17.5,2.030170492673053,0.3953488372093023,3
12163,1.6094379124341003,17.0,7.75,1.6666666666666667,2.5902671654458267,0.43243243243243246,0
189999,2.0794415416798357,22.833333333333332,15.428571428571429,4.666666666666667,2.762117422372486,0.5955056179775281,0
166671,3.332204510175204,13.538461538461538,12.0,63.0,2.126398524767607,0.421875,0
31748,3.4965075614664802,11.580645161290322,11.34375,88.0,1.713507272328307,0.7163120567375887,1
87431,2.70805020110221,9.461538461538462,14.642857142857142,17.5,2.7482566215802504,0.5947368421052631,1
113602,2.5649493574615367,18.636363636363637,13.833333333333334,13.0,2.7668907011251433,0.5548780487804879,1
159709,2.8903717578961645,6.5,13.588235294117647,25.5,1.8021222562636017,0.38271604938271603,0
74392,1.6094379124341003,18.666666666666668,12.75,1.6666666666666667,2.456735772821304,0.21875,0
154508,4.465908118654584,4.247058823529412,13.069767441860465,623.5,2.9530703521117285,0.792098445595855,2
177914,2.639057329615259,15.833333333333334,14.384615384615385,15.166666666666666,2.6968769005040847,0.6987951807228916,1
43966,3.9512437185814275,6.1,12.901960784313726,221.0,2.546315277916644,0.7125850340136054,1
76492,2.3978952727983707,12.88888888888889,16.1,9.166666666666666,1.791759469228055,0.5111111111111111,3
76098,3.367295829986474,7.962962962962963,12.928571428571429,67.66666666666667,2.641699339078097,0.6335227272727273,1
129367,2.70805020110221,17.76923076923077,12.571428571428571,17.5,2.2141741356499924,0.5188679245283019,0
124317,2.0794415416798357,15.666666666666666,10.0,4.666666666666667,1.3437347467010947,0.11764705882352941,3
201151,2.0794415416798357,21.166666666666668,10.142857142857142,4.666666666666667,2.2155737160044158,0.1836734693877551,0
173013,3.713572066704308,9.23076923076923,12.95,136.66666666666666,2.5864135961298365,0.7536534446764092,1
67539,2.0794415416798357,10.833333333333334,19.714285714285715,4.666666666666667,1.2039728043259361,0.7857142857142857,1
8480,2.5649493574615367,13.909090909090908,12.583333333333334,13.0,1.9588135538912212,0.417910447761194,0
27543,2.5649493574615367,12.545454545454545,15.666666666666666,13.0,2.854378155248259,0.45,1
65925,1.6094379124341003,14.666666666666666,12.5,1.6666666666666667,2.03688192726104,0.25,0
156091,2.833213344056216,13.333333333333334,15.75,22.666666666666668,2.0014800002101243,0.5,3
117358,1.9459101490553132,19.4,12.166666666666666,3.5,2.0794415416798357,0.11428571428571428,0
174636,2.70805020110221,15.923076923076923,15.642857142857142,17.5,1.9236870122706031,0.3815789473684211,3
204631,2.995732273553991,6.666666666666667,14.947368421052632,31.666666666666668,2.498699971920336,0.6467661691542289,1
21732,1.6094379124341003,22.0,17.25,1.6666666666666667,1.8971199848858813,0.17647058823529413,0
58945,1.6094379124341003,29.333333333333332,15.0,1.6666666666666667,2.03688192726104,0.25,0
126114,2.70805020110221,19.076923076923077,12.714285714285714,17.5,2.126398524767607,0.59375,0
202135,1.791759469228055,21.25,12.8,2.5,1.3217558399823195,0.0,3
30486,1.6094379124341003,17.666666666666668,12.5,1.6666666666666667,2.70805020110221,0.21428571428571427,0
181036,1.791759469228055,28.0,16.0,2.5,1.9810014688665833,0.12,0
183497,2.70805020110221,11.153846153846153,10.642857142857142,17.5,2.70805020110221,0.4945054945054945,1
24765,3.784189633918261,7.714285714285714,11.13953488372093,157.66666666666666,2.472930458741285,0.7390350877192983,1
154637,2.3978952727983707,12.777777777777779,14.4,9.166666666666666,1.8632184332102,0.3877551020408163,3
123299,3.258096538021482,11.416666666666666,13.6,54.166666666666664,2.224623551524334,0.6616161616161617,1
126642,2.1972245773362196,12.0,15.125,6.0,2.2735975561207935,0.5573770491803278,3
151800,1.9459101490553132,16.4,13.666666666666666,3.5,1.5260563034950494,0.2222222222222222,3
76301,3.8918202981106265,7.0,13.541666666666666,196.0,2.514603155141853,0.6797752808988764,1
71441,2.0794415416798357,9.166666666666666,13.0,4.666666666666667,1.6739764335716716,0.34615384615384615,3
184181,3.258096538021482,13.583333333333334,7.0,54.166666666666664,1.1657515915057384,0.5283018867924528,3
168374,1.6094379124341003,23.333333333333332,15.5,1.6666666666666667,1.9459101490553132,0.1111111111111111,0
87793,2.302585092994046,25.375,10.333333333333334,7.5,2.169053700369523,0.6451612903225806,0
115391,2.4849066497880004,15.6,13.454545454545455,11.0,2.4595888418037104,0.2803738317757009,0
109764,2.3978952727983707,24.444444444444443,15.3,9.166666666666666,2.3774864011671637,0.4772727272727273,0
206084,2.995732273553991,12.833333333333334,15.631578947368421,31.666666666666668,1.9616585060234524,0.5,3
184684,2.1972245773362196,2.857142857142857,14.25,6.0,2.344549292093078,0.3787878787878788,1
14656,1.6094379124341003,19.666666666666668,13.0,1.6666666666666667,1.7346010553881064,0.2857142857142857,0
108914,1.791759469228055,26.5,11.6,2.5,1.9095425048844383,0.21739130434782608,0
179924,3.044522437723423,14.31578947368421,13.15,35.0,2.2260450158717116,0.5668789808917197,1
20060,2.0794415416798357,13.0,10.571428571428571,4.666666666666667,2.268683541318364,0.28846153846153844,0
2185,2.70805020110221,14.692307692307692,15.214285714285714,17.5,1.3862943611198906,0.5128205128205128,3
178303,2.4849066497880004,19.2,17.363636363636363,11.0,2.1400661634962708,0.4533333333333333,0
90424,2.8903717578961645,16.75,9.0,25.5,3.062222014822824,0.4938650306748466,1
103342,3.2188758248682006,11.347826086956522,15.375,50.0,1.635190408536515,0.4631578947368421,3
172534,1.6094379124341003,12.0,13.0,1.6666666666666667,2.793208009442517,0.10869565217391304,0
135827,1.791759469228055,16.75,10.0,2.5,2.0794415416798357,0.39285714285714285,0
55240,2.772588722239781,10.357142857142858,11.466666666666667,20.0,2.2512917986064953,0.5378151260504201,1
176081,2.3978952727983707,15.444444444444445,13.2,9.166666666666666,2.58189891577531,0.5636363636363636,1
76838,1.791759469228055,24.25,14.8,2.5,2.6567569067146595,0.37735849056603776,0
30589,2.302585092994046,18.625,11.555555555555555,7.5,1.252762968495368,0.65,3
40158,1.6094379124341003,27.666666666666668,6.25,1.6666666666666667,3.0122615755052013,0.5172413793103449,0
122335,1.791759469228055,21.5,17.8,2.5,1.252762968495368,0.5,3
149722,2.0794415416798357,26.833333333333332,10.428571428571429,4.666666666666667,0.6931471805599453,0.3333333333333333,3
125216,2.995732273553991,15.61111111111111,13.105263157894736,31.666666666666668,2.4614863755799017,0.6580310880829016,1
34879,2.0794415416798357,22.333333333333332,13.571428571428571,4.666666666666667,1.9694406464655074,0.05405405405405406,0
189561,2.3978952727983707,9.555555555555555,13.7,9.166666666666666,1.7346010553881064,0.38095238095238093,3
67641,1.6094379124341003,11.0,16.0,1.6666666666666667,2.03688192726104,0.1,0
43268,2.1972245773362196,20.142857142857142,12.5,6.0,1.717651497074333,0.5625,0
131040,1.6094379124341003,25.333333333333332,19.75,1.6666666666666667,3.091042453358316,0.15873015873015872,0
36370,4.584967478670572,3.7708333333333335,13.762886597938145,792.1666666666666,2.1618852108909103,0.8441734417344173,2
94813,2.833213344056216,15.733333333333333,14.125,22.666666666666668,2.247776856499051,0.4645669291338583,3
119113,3.6635616461296463,9.675675675675675,13.736842105263158,123.5,1.8358194590220855,0.8205128205128205,1
174903,3.091042453358316,15.45,13.761904761904763,38.5,2.529720665577793,0.7186147186147186,1
30317,2.1972245773362196,11.857142857142858,11.75,6.0,2.6888188391743224,0.17708333333333334,0
132996,2.8903717578961645,17.4375,11.705882352941176,25.5,1.8718021769015913,0.3977272727272727,0
147781,2.302585092994046,19.375,13.666666666666666,7.5,1.749199854809259,0.18421052631578946,0
16394,2.302585092994046,22.125,14.777777777777779,7.5,2.8763855159214247,0.5074626865671642,0
166046,1.791759469228055,17.25,10.4,2.5,0.6931471805599453,0.25,3
32283,2.4849066497880004,22.0,13.454545454545455,11.0,2.0412203288596382,0.373134328358209,0
114679,1.6094379124341003,30.0,15.0,1.6666666666666667,1.5404450409471488,0.09090909090909091,0
163340,4.3694478524670215,4.688311688311688,10.794871794871796,513.5,2.0105646189436666,0.6907630522088354,2
176061,3.784189633918261,8.285714285714286,13.44186046511628,157.66666666666666,2.438197651822393,0.6765375854214123,1
101867,2.3978952727983707,9.555555555555555,14.9,9.166666666666666,2.5649493574615367,0.49074074074074076,1
113752,1.9459101490553132,18.4,15.666666666666666,3.5,0.9555114450274365,0.375,3
126432,2.4849066497880004,14.5,14.727272727272727,11.0,1.9459101490553132,0.2833333333333333,3
128977,1.791759469228055,15.5,18.0,2.5,1.7047480922384253,0.2222222222222222,0
112528,1.9459101490553132,15.8,15.166666666666666,3.5,2.302585092994046,0.3333333333333333,0
198202,1.6094379124341003,16.333333333333332,13.25,1.6666666666666667,2.512305623976115,0.14705882352941177,0
19251,2.8903717578961645,16.25,14.882352941176471,25.5,3.0853444322436783,0.6017964071856288,1
82500,1.6094379124341003,24.0,12.75,1.6666666666666667,2.538973871058276,0.02857142857142857,0
184368,2.0794415416798357,15.666666666666666,15.285714285714286,4.666666666666667,2.8903717578961645,0.2549019607843137,0
90244,1.6094379124341003,15.0,10.25,1.6666666666666667,2.302585092994046,0.3333333333333333,0
58079,3.1780538303479458,6.909090909090909,14.173913043478262,46.0,2.645529844120876,0.6215277777777778,1
182116,2.302585092994046,21.375,14.555555555555555,7.5,1.5040773967762742,0.17857142857142858,3
146420,2.833213344056216,13.466666666666667,13.0625,22.666666666666668,2.341805806147327,0.3546099290780142,0
41387,1.9459101490553132,10.2,11.166666666666666,3.5,1.7227665977411035,0.17391304347826086,0
132148,3.2188758248682006,14.391304347826088,16.0,50.0,3.0486546750083336,0.5670995670995671,1
184549,3.1354942159291497,6.190476190476191,15.545454545454545,42.166666666666664,1.717651497074333,0.4375,3
29190,2.9444389791664403,8.235294117647058,11.666666666666666,28.5,1.4434527749598391,0.7090909090909091,3
5029,2.0794415416798357,12.833333333333334,16.0,4.666666666666667,3.0122615755052013,0.5258620689655172,0
169903,2.1972245773362196,13.428571428571429,16.625,6.0,2.5427262206768266,0.2804878048780488,0
161060,1.791759469228055,14.5,12.2,2.5,1.55814461804655,0.6,3
159223,4.189654742026425,5.671875,13.461538461538462,357.5,2.540617256802006,0.7994652406417112,2
11714,2.70805020110221,21.615384615384617,10.285714285714286,17.5,1.5459245067117746,0.6875,0
150192,2.1972245773362196,17.714285714285715,12.5,6.0,2.2587824703356527,0.4166666666666667,0
141752,3.367295829986474,5.037037037037037,15.785714285714286,67.66666666666667,2.518293665820737,0.41883116883116883,1
172369,4.304065093204169,5.069444444444445,11.342465753424657,450.1666666666667,2.131862672043443,0.8934579439252337,2
117608,1.791759469228055,28.25,18.0,2.5,2.4849066497880004,0.2727272727272727,0
25101,2.639057329615259,5.416666666666667,15.307692307692308,15.166666666666666,1.252762968495368,0.7333333333333333,1
194466,4.07753744390572,6.2631578947368425,13.517241379310345,285.1666666666667,2.3060877235452475,0.6660194174757281,1
63435,1.9459101490553132,15.0,11.0,3.5,2.451005098112319,0.20754716981132076,0
117417,2.5649493574615367,17.727272727272727,15.583333333333334,13.0,2.6127400212978853,0.4172661870503597,1
34110,1.791759469228055,17.75,12.6,2.5,2.1102132003465894,0.4482758620689655,3
19028,3.8918202981106265,6.170212765957447,16.458333333333332,196.0,2.4724176382172254,0.6411764705882353,1
32990,1.791759469228055,30.0,17.2,2.5,2.6741486494265287,0.09259259259259259,0
8384,2.3978952727983707,26.444444444444443,11.8,9.166666666666666,1.0986122886681096,0.3333333333333333,3
149331,2.1972245773362196,16.714285714285715,13.375,6.0,1.8827312474337816,0.38461538461538464,3
35251,2.639057329615259,15.416666666666666,12.461538461538462,15.166666666666666,2.359280436670591,0.2608695652173913,0
5738,3.5263605246161616,7.9375,13.393939393939394,93.5,2.976804263668472,0.7768456375838926,1
72343,2.0794415416798357,10.666666666666666,14.0,4.666666666666667,2.456735772821304,0.296875,0
36165,1.9459101490553132,16.4,16.833333333333332,3.5,1.791759469228055,0.08,3
86188,1.6094379124341003,9.333333333333334,15.25,1.6666666666666667,2.2335922215070942,0.2,0
29666,2.70805020110221,16.615384615384617,16.071428571428573,17.5,2.144580843850797,0.7244897959183674,1
98888,4.382026634673881,4.615384615384615,13.481012658227849,526.6666666666666,2.016610962887421,0.9311023622047244,2
183882,2.9444389791664403,12.411764705882353,10.555555555555555,28.5,2.8015762591130335,0.34980988593155893,1
178512,2.3978952727983707,15.777777777777779,14.9,9.166666666666666,1.9771626925594177,0.39285714285714285,3
87926,1.6094379124341003,9.666666666666666,12.5,1.6666666666666667,2.908720896564361,0.25,0
180137,3.828641396489095,8.227272727272727,14.422222222222222,172.5,2.465785608341222,0.46835443037974683,1
69048,1.6094379124341003,27.333333333333332,14.75,1.6666666666666667,1.3862943611198906,0.4444444444444444,3
130090,2.995732273553991,15.055555555555555,13.842105263157896,31.666666666666668,2.970414465569701,0.7447447447447447,1
88068,1.9459101490553132,24.2,13.666666666666666,3.5,2.128231705849268,0.13513513513513514,0
108792,2.833213344056216,7.2,10.4375,22.666666666666668,3.155580974495887,0.5816023738872403,1
158982,3.091042453358316,8.8,17.047619047619047,38.5,2.4292177439274116,0.3140096618357488,3
135646,1.6094379124341003,10.0,10.75,1.6666666666666667,2.4277482359480516,0.16129032258064516,0
135115,3.044522437723423,7.684210526315789,13.85,35.0,1.1986957472250923,0.5909090909090909,3
135179,2.302585092994046,19.375,14.555555555555555,7.5,2.8693183486983322,0.5338345864661654,0
177340,2.302585092994046,23.625,16.444444444444443,7.5,1.890850371872286,0.3333333333333333,3
56422,3.295836866004329,4.8,16.0,58.5,2.2823823856765264,0.6409090909090909,1
19101,3.295836866004329,13.08,12.73076923076923,58.5,1.7715567619105355,0.5163934426229508,3
134504,2.0794415416798357,12.333333333333334,13.428571428571429,4.666666666666667,2.302585092994046,0.3333333333333333,0
13247,2.4849066497880004,13.5,13.454545454545455,11.0,2.827313621929028,0.4339622641509434,1
66944,1.6094379124341003,30.0,15.0,1.6666666666666667,2.639057329615259,0.20512820512820512,0
183575,2.4849066497880004,24.3,11.272727272727273,11.0,1.4350845252893227,0.59375,0
184938,2.833213344056216,22.0,13.5625,22.666666666666668,1.8870696490323797,0.5952380952380952,3
130251,2.1972245773362196,10.285714285714286,12.875,6.0,1.3121863889661687,0.6842105263157895,3
113240,1.6094379124341003,16.333333333333332,15.25,1.6666666666666667,2.662587827025453,0.225,0
95108,3.58351893845611,10.5,12.771428571428572,105.0,2.2388305781686832,0.631578947368421,1
64684,2.639057329615259,12.583333333333334,15.0,15.166666666666666,1.8588987720656835,0.13846153846153847,3
153054,1.791759469228055,24.75,11.8,2.5,1.749199854809259,0.42105263157894735,0
91117,1.6094379124341003,23.0,12.0,1.6666666666666667,2.2335922215070942,0.08,0
201977,1.791759469228055,20.75,15.2,2.5,2.0476928433652555,0.037037037037037035,0
41630,2.1972245773362196,21.142857142857142,13.25,6.0,1.2729656758128876,0.4444444444444444,3
148803,2.9444389791664403,11.235294117647058,13.0,28.5,1.5105920777974677,0.35,0
168365,2.833213344056216,18.333333333333332,15.125,22.666666666666668,2.495956485974585,0.49101796407185627,1
23002,1.791759469228055,29.0,13.6,2.5,2.8763855159214247,0.31343283582089554,0
119954,2.0794415416798357,19.5,13.714285714285714,4.666666666666667,2.2155737160044158,0.3877551020408163,0
51003,2.0794415416798357,8.666666666666666,14.857142857142858,4.666666666666667,2.6968769005040847,0.25301204819277107,0
64437,2.4849066497880004,12.5,15.818181818181818,11.0,2.3978952727983707,0.39,3
155756,1.9459101490553132,25.0,14.666666666666666,3.5,2.747270914255491,0.1917808219178082,0
135292,3.2188758248682006,14.73913043478261,15.791666666666666,50.0,1.6847873496758872,0.5643564356435643,3
14187,3.091042453358316,13.0,11.80952380952381,38.5,2.2617630984737906,0.5523255813953488,1
46484,2.1972245773362196,20.0,14.75,6.0,2.2881963555419462,0.16129032258064516,0
10366,2.3978952727983707,7.666666666666667,15.5,9.166666666666666,1.9459101490553132,0.25925925925925924,3
204069,3.8712010109078907,6.0,10.425531914893616,188.0,2.835767623861313,0.7764227642276422,1
95825,1.6094379124341003,27.666666666666668,14.0,1.6666666666666667,1.6739764335716716,0.15384615384615385,0
90228,3.5553480614894135,6.333333333333333,13.970588235294118,99.16666666666667,2.662587827025453,0.6090909090909091,1
68302,3.970291913552122,6.764705882352941,14.038461538461538,229.66666666666666,2.8605187947464836,0.7261904761904762,1
56027,2.9444389791664403,11.235294117647058,16.944444444444443,28.5,2.325841955158313,0.5414012738853503,1
44744,2.0794415416798357,8.5,11.142857142857142,4.666666666666667,1.4271163556401456,0.2631578947368421,3
121695,2.995732273553991,13.666666666666666,12.526315789473685,31.666666666666668,2.4228342211456226,0.6378378378378379,1
172183,1.6094379124341003,18.666666666666668,15.5,1.6666666666666667,2.4277482359480516,0.1935483870967742,0
113666,3.4657359027997265,10.166666666666666,14.741935483870968,82.66666666666667,2.312535423847214,0.6153846153846154,1
44652,1.791759469228055,27.0,16.0,2.5,2.327277705584417,0.21621621621621623,0
96813,3.2188758248682006,14.0,12.0,50.0,2.7533837424037313,0.5502958579881657,1
55318,1.791759469228055,15.5,10.4,2.5,1.3217558399823195,0.36363636363636365,3
5433,2.1972245773362196,12.428571428571429,14.375,6.0,1.717651497074333,0.375,3
79730,3.091042453358316,11.2,15.476190476190476,38.5,2.4336133554004498,0.4951923076923077,1
140306,3.1354942159291497,12.904761904761905,13.181818181818182,42.166666666666664,2.0794415416798357,0.5850340136054422,1
2450,2.5649493574615367,19.363636363636363,12.75,13.0,2.2749335616635356,0.2916666666666667,0
95819,3.367295829986474,12.25925925925926,14.678571428571429,67.66666666666667,3.0409888651421118,0.6635687732342007,1
125475,2.0794415416798357,20.0,17.285714285714285,4.666666666666667,2.2335922215070942,0.3,0
157864,1.6094379124341003,9.0,11.0,1.6666666666666667,2.367123614131617,0.1724137931034483,0
96787,2.1972245773362196,19.714285714285715,15.25,6.0,2.816263785742443,0.509090909090909,0
118710,3.2188758248682006,15.26086956521739,13.375,50.0,1.2339536365378718,0.6964285714285714,3
170174,3.8918202981106265,6.085106382978723,11.791666666666666,196.0,0.6931471805599453,0.9787234042553191,1
168772,2.0794415416798357,20.333333333333332,13.285714285714286,4.666666666666667,2.1972245773362196,0.20833333333333334,0
55203,2.9444389791664403,13.235294117647058,16.38888888888889,28.5,2.9779276489204842,0.5173501577287066,1
13897,1.9459101490553132,26.8,15.0,3.5,2.2823823856765264,0.45454545454545453,0
6214,2.1972245773362196,18.142857142857142,14.125,6.0,2.316769727986002,0.265625,0
15597,1.9459101490553132,6.8,11.666666666666666,3.5,2.2407096892759584,0.09523809523809523,0
133210,2.5649493574615367,7.090909090909091,13.75,13.0,2.9348235204669986,0.826530612244898,1
6091,2.8903717578961645,17.125,9.705882352941176,25.5,2.217843864538955,0.45038167938931295,0
99912,3.6888794541139363,8.105263157894736,11.179487179487179,130.0,1.5988558031035633,0.8,1
167376,2.5649493574615367,17.363636363636363,14.5,13.0,2.492453855423383,0.36885245901639346,1
42792,4.07753744390572,4.842105263157895,15.189655172413794,285.1666666666667,2.6239055245946563,0.7722908093278463,1
7699,2.772588722239781,10.142857142857142,18.133333333333333,20.0,2.429846872604973,0.593103448275862,0
187037,1.791759469228055,25.0,12.0,2.5,1.9459101490553132,0.041666666666666664,0
66192,3.367295829986474,11.592592592592593,15.0,67.66666666666667,2.41789593950504,0.5398550724637681,1
125823,3.6888794541139363,9.31578947368421,14.35897435897436,130.0,2.621995304338537,0.7154639175257732,1
91255,2.639057329615259,17.333333333333332,11.461538461538462,15.166666666666666,1.252762968495368,0.3333333333333333,3
71584,3.091042453358316,9.7,16.0,38.5,2.151762203259462,0.506578947368421,3
199253,2.302585092994046,22.5,12.0,7.5,2.5649493574615367,0.3854166666666667,0
23132,2.0794415416798357,25.833333333333332,14.0,4.666666666666667,1.9694406464655074,0.40540540540540543,0
75443,2.70805020110221,9.923076923076923,13.642857142857142,17.5,1.285198244248522,0.5294117647058824,3
171244,3.2188758248682006,8.608695652173912,13.958333333333334,50.0,2.319826899428552,0.5687203791469194,1
195984,1.9459101490553132,19.2,10.666666666666666,3.5,1.2809338454620645,0.15384615384615385,3
132551,2.833213344056216,18.066666666666666,14.5625,22.666666666666668,1.5960148921019597,0.6271186440677966,3
197243,3.367295829986474,6.0,11.535714285714286,67.66666666666667,1.5716975844512533,0.7766990291262136,1
138585,3.4011973816621555,12.321428571428571,12.620689655172415,72.5,2.5084371471981943,0.819620253164557,1
124518,2.0794415416798357,29.166666666666668,13.571428571428571,4.666666666666667,2.9444389791664403,0.5092592592592593,0
46606,2.8903717578961645,12.4375,13.411764705882353,25.5,2.1902559080201263,0.3858267716535433,3
168981,2.0794415416798357,11.666666666666666,15.857142857142858,4.666666666666667,2.0583881324820035,0.1951219512195122,0
131911,2.5649493574615367,17.727272727272727,13.666666666666666,13.0,2.0794415416798357,0.44155844155844154,3
138015,1.9459101490553132,16.8,14.166666666666666,3.5,1.6094379124341003,0.2,3
41372,1.791759469228055,23.0,12.2,2.5,1.8718021769015913,0.22727272727272727,0
44197,2.70805020110221,15.538461538461538,13.357142857142858,17.5,2.0600234558227344,0.24719101123595505,0
97500,1.6094379124341003,27.666666666666668,13.75,1.6666666666666667,2.6855773452501515,0.3170731707317073,0
160504,1.791759469228055,27.25,15.2,2.5,2.463853240590168,0.11627906976744186,0
137306,2.5649493574615367,4.545454545454546,12.25,13.0,2.1019143975318944,0.5569620253164557,3
108255,2.3978952727983707,21.77777777777778,17.6,9.166666666666666,1.8632184332102,0.2653061224489796,3
186466,2.5649493574615367,13.909090909090908,12.583333333333334,13.0,3.07856827913314,0.6228070175438597,1
193300,1.9459101490553132,19.2,14.5,3.5,2.322387720290225,0.30434782608695654,0
95464,2.1972245773362196,23.0,14.375,6.0,1.8382794848629478,0.08108108108108109,0
179515,1.9459101490553132,5.8,11.833333333333334,3.5,2.0014800002101243,0.375,0
48028,4.31748811353631,4.917808219178082,13.567567567567568,462.5,2.4028642271215577,0.5694822888283378,2
160129,1.791759469228055,25.0,12.0,2.5,2.3513752571634776,0.2894736842105263,0
117737,1.6094379124341003,29.333333333333332,14.75,1.6666666666666667,3.0757749812275277,0.3709677419354839,0
170323,2.70805020110221,21.076923076923077,12.357142857142858,17.5,2.6499864001474487,0.5497076023391813,0
79434,2.0794415416798357,12.833333333333334,12.571428571428571,4.666666666666667,1.8971199848858813,0.3235294117647059,3
52729,3.091042453358316,13.85,12.380952380952381,38.5,1.0818051703517284,0.6923076923076923,3
157588,1.9459101490553132,8.0,15.5,3.5,1.916922612182061,0.41379310344827586,3
93251,4.04305126783455,6.6,13.446428571428571,266.0,2.051790010349326,0.7962466487935657,1
28331,2.0794415416798357,17.0,15.142857142857142,4.666666666666667,2.614959778036198,0.27631578947368424,0
23172,2.70805020110221,22.846153846153847,12.5,17.5,1.8538912503350613,0.6142857142857143,3
152127,3.58351893845611,9.735294117647058,15.4,105.0,2.653656129036411,0.7572383073496659,1
22873,2.0794415416798357,14.333333333333334,11.0,4.666666666666667,1.992430164690206,0.21052631578947367,0
87047,2.3978952727983707,22.666666666666668,16.8,9.166666666666666,2.4941233048929243,0.31,0
9970,1.6094379124341003,9.0,9.5,1.6666666666666667,3.1498829533812494,0.2835820895522388,0
118435,2.302585092994046,18.75,14.222222222222221,7.5,2.5356789751614235,0.40860215053763443,0
44434,2.1972245773362196,23.285714285714285,9.0,6.0,1.455287232606842,0.4782608695652174,3
59299,2.1972245773362196,18.571428571428573,10.75,6.0,3.3219480100080148,0.5187165775401069,0
101332,2.5649493574615367,3.727272727272727,10.583333333333334,13.0,1.2909841813155658,0.6206896551724138,3
193291,3.091042453358316,9.7,8.952380952380953,38.5,1.2237754316221157,0.75,3
85631,3.4339872044851463,12.137931034482758,13.766666666666667,77.5,1.1865810616140668,0.6515151515151515,3
79066,3.6109179126442243,9.257142857142858,13.88888888888889,111.0,1.3573068242466384,0.6831683168316832,1
46802,2.5649493574615367,21.09090909090909,11.083333333333334,13.0,1.3862943611198906,0.6666666666666666,3
169737,2.0794415416798357,20.5,16.428571428571427,4.666666666666667,2.5649493574615367,0.2916666666666667,0
141623,1.6094379124341003,7.666666666666667,14.0,1.6666666666666667,2.662587827025453,0.15,0
81844,2.4849066497880004,24.1,15.272727272727273,11.0,2.8507065015037334,0.3496932515337423,0
27719,1.9459101490553132,23.6,13.833333333333334,3.5,2.174751721484161,0.28205128205128205,0
159126,3.784189633918261,8.523809523809524,9.534883720930232,157.66666666666666,2.9008981708831523,0.8033240997229917,1
34857,2.0794415416798357,15.5,12.571428571428571,4.666666666666667,2.614959778036198,0.39473684210526316,0
62313,3.295836866004329,12.88,9.76923076923077,58.5,1.9344157696295783,0.6081081081081081,3
116914,2.5649493574615367,21.272727272727273,13.833333333333334,13.0,2.732003442124703,0.46835443037974683,1
191889,2.5649493574615367,25.181818181818183,12.5,13.0,1.213022639845854,0.7692307692307693,0
85959,3.332204510175204,13.461538461538462,12.74074074074074,63.0,2.2512917986064953,0.6289592760180995,1
63862,3.258096538021482,11.083333333333334,14.52,54.166666666666664,1.8055527913603908,0.4918032786885246,3
105906,2.5649493574615367,12.272727272727273,14.916666666666666,13.0,2.3470368555648795,0.20192307692307693,3
63374,2.9444389791664403,16.352941176470587,14.61111111111111,28.5,2.475054353344989,0.6054054054054054,1
162593,2.5649493574615367,19.181818181818183,14.166666666666666,13.0,2.2270775404859005,0.4725274725274725,0
143041,3.091042453358316,13.2,16.333333333333332,38.5,2.7631695003232895,0.3164983164983165,1
64261,1.9459101490553132,16.2,12.666666666666666,3.5,2.2617630984737906,0.18604651162790697,0
64232,3.091042453358316,14.4,10.80952380952381,38.5,2.3978952727983707,0.51,1
108915,1.6094379124341003,19.666666666666668,11.0,1.6666666666666667,1.6739764335716716,0.0,3
144114,2.8903717578961645,16.5625,15.058823529411764,25.5,2.643511679964639,0.41148325358851673,1
90161,2.995732273553991,19.055555555555557,11.789473684210526,31.666666666666668,2.5477075510270306,0.6415094339622641,1
98477,2.639057329615259,13.25,14.615384615384615,15.166666666666666,2.3978952727983707,0.44166666666666665,3
156267,2.0794415416798357,7.0,11.714285714285714,4.666666666666667,1.5040773967762742,0.3333333333333333,3
84030,2.5649493574615367,19.545454545454547,15.583333333333334,13.0,2.671008929421861,0.41216216216216217,1
121699,3.5263605246161616,11.03125,14.242424242424242,93.5,2.579269411236285,0.5897435897435898,1
165339,1.9459101490553132,23.6,14.666666666666666,3.5,2.0541237336955462,0.0,0
60398,2.4849066497880004,21.2,15.909090909090908,11.0,1.5040773967762742,0.42857142857142855,3
8645,2.0794415416798357,8.166666666666666,8.857142857142858,4.666666666666667,1.8718021769015913,0.6666666666666666,0
46158,3.713572066704308,8.256410256410257,13.025,136.66666666666666,3.3891594031026764,0.7931960608773501,1
5134,1.6094379124341003,20.666666666666668,10.75,1.6666666666666667,1.2039728043259361,0.14285714285714285,3
91553,3.4657359027997265,12.133333333333333,14.35483870967742,82.66666666666667,2.7256718024520294,0.735981308411215,1
6701,2.5649493574615367,16.727272727272727,10.416666666666666,13.0,2.256065077359153,0.24468085106382978,0
101480,2.302585092994046,17.125,15.555555555555555,7.5,2.70805020110221,0.6339285714285714,1
76518,1.9459101490553132,20.8,17.5,3.5,2.1041341542702074,0.2777777777777778,0
69885,3.258096538021482,11.916666666666666,15.4,54.166666666666664,3.004031076368686,0.6369565217391304,1
136339,2.302585092994046,23.75,15.555555555555555,7.5,2.924504764265623,0.2198581560283688,0
98796,2.0794415416798357,17.166666666666668,14.142857142857142,4.666666666666667,3.3019907315787074,0.28662420382165604,0
100242,1.9459101490553132,4.0,11.5,3.5,2.302585092994046,0.3333333333333333,0
103946,2.70805020110221,10.923076923076923,13.5,17.5,2.1624384612508036,0.21,3
82215,1.6094379124341003,29.333333333333332,11.25,1.6666666666666667,1.791759469228055,0.0,0
13922,2.833213344056216,14.533333333333333,13.6875,22.666666666666668,2.341805806147327,0.2765957446808511,0
179177,1.9459101490553132,24.2,14.166666666666666,3.5,2.028148247292285,0.06060606060606061,0
65382,1.791759469228055,26.0,13.6,2.5,2.7245795030534206,0.2982456140350877,0
62308,3.258096538021482,8.25,13.28,54.166666666666664,2.7381482322594897,0.6397694524495677,1
19606,2.302585092994046,7.75,11.555555555555555,7.5,1.3862943611198906,0.875,3
164986,2.639057329615259,12.5,13.153846153846153,15.166666666666666,1.9694406464655074,0.527027027027027,3
190731,4.204692619390966,3.9076923076923076,12.848484848484848,368.5,2.272918592645576,0.7402826855123675,2
70002,1.791759469228055,26.25,12.0,2.5,2.277267285009756,0.05714285714285714,0
56014,3.8712010109078907,7.8478260869565215,14.23404255319149,188.0,1.3071570405611668,0.9032258064516129,1
160903,2.0794415416798357,22.166666666666668,14.142857142857142,4.666666666666667,2.3353749158170367,0.14285714285714285,0
79763,2.639057329615259,7.0,8.076923076923077,15.166666666666666,2.6855773452501515,0.3719512195121951,0
101420,1.6094379124341003,13.0,10.5,1.6666666666666667,1.3862943611198906,0.5555555555555556,0
63459,2.1972245773362196,22.285714285714285,10.75,6.0,3.077970371790963,0.42758620689655175,0
78511,1.6094379124341003,14.0,9.75,1.6666666666666667,3.2188758248682006,0.08333333333333333,0
89982,1.791759469228055,21.5,14.0,2.5,2.8903717578961645,0.38235294117647056,0
137446,2.639057329615259,15.583333333333334,11.615384615384615,15.166666666666666,0.8109302162163288,0.3333333333333333,3
192057,2.995732273553991,18.22222222222222,12.894736842105264,31.666666666666668,2.245426679154097,0.756578947368421,1
172095,1.9459101490553132,10.6,14.833333333333334,3.5,1.916922612182061,0.0,0
129,2.5649493574615367,9.545454545454545,17.083333333333332,13.0,1.91959284073794,0.484375,0
1028,1.6094379124341003,26.333333333333332,15.5,1.6666666666666667,2.9267394020670396,0.2830188679245283,0
186285,1.9459101490553132,25.8,11.5,3.5,1.6863989535702286,0.18181818181818182,0
152807,3.9512437185814275,7.26,8.568627450980392,221.0,2.5400259490090797,0.797945205479452,1
96852,2.3978952727983707,25.88888888888889,10.8,9.166666666666666,0.8472978603872036,0.5833333333333334,0
147342,3.7612001156935624,8.878048780487806,14.738095238095237,150.5,2.6850228678308996,0.7625,1
112191,1.6094379124341003,18.666666666666668,16.5,1.6666666666666667,2.302585092994046,0.07407407407407407,0
193435,2.833213344056216,10.2,16.3125,22.666666666666668,2.506885556506776,0.514792899408284,1
60560,2.5649493574615367,11.454545454545455,13.5,13.0,2.833213344056216,0.7102272727272727,1
4191,1.6094379124341003,23.333333333333332,14.5,1.6666666666666667,1.992430164690206,0.21052631578947367,0
3236,2.4849066497880004,13.9,16.09090909090909,11.0,2.6026896854443837,0.376,3
124517,2.9444389791664403,12.529411764705882,13.38888888888889,28.5,2.216642663193321,0.5827338129496403,1
37206,3.4011973816621555,8.107142857142858,11.517241379310345,72.5,2.0927455073061987,0.7989949748743719,1
6394,2.0794415416798357,19.0,12.0,4.666666666666667,1.8971199848858813,0.29411764705882354,0
160798,1.6094379124341003,6.0,18.0,1.6666666666666667,1.6739764335716716,0.07692307692307693,0
7144,3.8712010109078907,7.565217391304348,12.085106382978724,188.0,1.8982063510981022,0.6551724137931034,1
149161,2.639057329615259,9.5,13.461538461538462,15.166666666666666,1.957744606702316,0.6575342465753424,3
168080,3.4965075614664802,6.451612903225806,11.28125,88.0,2.0255983096590127,0.6323529411764706,1
160540,2.1972245773362196,30.0,12.25,6.0,1.2321436812926323,0.6470588235294118,0
43603,2.639057329615259,17.916666666666668,14.692307692307692,15.166666666666666,1.8588987720656835,0.5692307692307692,3
72932,1.791759469228055,14.5,16.4,2.5,3.16758253048065,0.3956043956043956,0
123434,2.1972245773362196,13.714285714285714,11.5,6.0,2.330755969960742,0.16923076923076924,0
67794,1.6094379124341003,12.0,12.25,1.6666666666666667,2.6855773452501515,0.1951219512195122,0
154870,1.791759469228055,21.0,14.8,2.5,1.6582280766035324,0.0,0
84241,2.3978952727983707,8.333333333333334,15.3,9.166666666666666,2.606796467397037,0.5309734513274337,1
168127,3.1354942159291497,14.80952380952381,15.363636363636363,42.166666666666664,1.9252908618525777,0.5121951219512195,3
202433,2.833213344056216,18.133333333333333,13.875,22.666666666666668,2.4904468301636156,0.43373493975903615,1
65039,4.61512051684126,3.2323232323232323,10.32,841.6666666666666,2.066734890410721,0.8462664714494875,2
163810,3.091042453358316,10.5,12.380952380952381,38.5,2.6979998652487085,0.44404332129963897,1
184391,2.3978952727983707,24.0,17.1,9.166666666666666,3.111043120064985,0.39378238341968913,0
69841,2.0794415416798357,18.333333333333332,14.714285714285714,4.666666666666667,1.7346010553881064,0.0,0
163471,3.58351893845611,5.352941176470588,12.685714285714285,105.0,1.9667009187243871,0.5789473684210527,1
104432,2.4849066497880004,8.4,11.454545454545455,11.0,1.1314021114911006,0.7619047619047619,3
187491,3.258096538021482,14.666666666666666,12.2,54.166666666666664,2.08463635855694,0.6568047337278107,1
125947,3.295836866004329,11.56,11.884615384615385,58.5,2.7053799725463312,0.501432664756447,1
80851,3.091042453358316,15.85,11.095238095238095,38.5,2.3702437414678603,0.5618556701030928,1
137503,3.4339872044851463,11.379310344827585,13.9,77.5,2.70805020110221,0.6798029556650246,1
95164,4.290459441148391,5.112676056338028,14.527777777777779,438.0,2.3914726431419036,0.6382978723404256,2
137673,2.833213344056216,18.533333333333335,13.375,22.666666666666668,2.1041341542702074,0.37962962962962965,3
5059,1.791759469228055,28.0,13.0,2.5,1.3217558399823195,0.18181818181818182,0
163934,2.0794415416798357,26.833333333333332,15.428571428571429,4.666666666666667,2.302585092994046,0.2222222222222222,0
180429,1.6094379124341003,22.333333333333332,13.25,1.6666666666666667,2.8903717578961645,0.17647058823529413,0
129819,2.833213344056216,18.666666666666668,13.5,22.666666666666668,2.7256718024520294,0.6542056074766355,1
115622,3.8066624897703196,7.395348837209302,16.65909090909091,165.0,2.639057329615259,0.6601073345259392,1
27122,4.477336814478207,4.22093023255814,15.701149425287356,638.0,2.5432486867284188,0.8263888888888888,2
68890,2.302585092994046,9.125,14.11111111111111,7.5,2.8622008809294686,0.4015151515151515,0
178962,2.4849066497880004,14.1,10.818181818181818,11.0,1.667706820558076,0.3953488372093023,0
138433,4.59511985013459,3.711340206185567,13.795918367346939,808.5,2.0251595207094537,0.7366771159874608,2
133898,1.791759469228055,22.5,14.0,2.5,0.9162907318741551,0.16666666666666666,3
159970,1.791759469228055,29.25,11.6,2.5,1.0986122886681096,0.125,3
133069,2.833213344056216,15.6,11.625,22.666666666666668,2.517696472610991,0.391812865497076,0
195567,2.70805020110221,23.53846153846154,14.285714285714286,17.5,2.1171818696626827,0.7578947368421053,3
107126,1.791759469228055,26.75,15.2,2.5,2.327277705584417,0.2702702702702703,0
144606,2.1972245773362196,20.571428571428573,12.0,6.0,2.5427262206768266,0.4024390243902439,0
101686,2.5649493574615367,13.363636363636363,10.416666666666666,13.0,1.7764919970972666,0.2222222222222222,0
99475,1.6094379124341003,5.333333333333333,19.0,1.6666666666666667,2.751535313041949,0.13636363636363635,0
37798,2.5649493574615367,16.545454545454547,14.166666666666666,13.0,1.0986122886681096,0.5,3
154096,2.639057329615259,11.416666666666666,14.846153846153847,15.166666666666666,1.2762934659055623,0.7419354838709677,3
116249,1.9459101490553132,18.0,8.166666666666666,3.5,1.0296194171811583,0.6666666666666666,3
178923,2.0794415416798357,8.0,18.285714285714285,4.666666666666667,2.3513752571634776,0.5087719298245614,0
156758,3.5553480614894135,10.06060606060606,15.647058823529411,99.16666666666667,2.5532258937654775,0.4731457800511509,1
1070,1.791759469228055,27.0,9.8,2.5,2.374905754573672,0.1794871794871795,0
144173,1.9459101490553132,10.0,12.333333333333334,3.5,2.2407096892759584,0.2619047619047619,0
11662,1.6094379124341003,22.0,14.0,1.6666666666666667,1.8458266904983307,0.0625,0
49125,4.23410650459726,5.402985074626866,15.117647058823529,391.0,2.1479367769286,0.4635108481262327,2
18421,3.091042453358316,13.35,15.952380952380953,38.5,1.8946168546677629,0.5132743362831859,3
155278,2.3978952727983707,18.0,15.8,9.166666666666666,1.791759469228055,0.17777777777777778,3
94888,3.367295829986474,9.407407407407407,13.535714285714286,67.66666666666667,2.749168448031683,0.549367088607595,1
115767,4.0943445622221,6.224137931034483,11.559322033898304,295.0,2.396326645025744,0.6545768566493955,2
31236,3.970291913552122,7.0588235294117645,14.076923076923077,229.66666666666666,1.8702927426527372,0.7607142857142857,1
194164,1.6094379124341003,30.0,13.0,1.6666666666666667,1.5404450409471488,0.18181818181818182,0
81972,2.0794415416798357,26.666666666666668,15.0,4.666666666666667,2.614959778036198,0.35526315789473684,0
118062,1.6094379124341003,23.333333333333332,13.0,1.6666666666666667,2.456735772821304,0.3125,0
102966,3.5553480614894135,6.515151515151516,7.588235294117647,99.16666666666667,2.11662054492159,0.8879668049792531,1
79581,2.302585092994046,8.875,13.666666666666666,7.5,2.5552874465497997,0.3157894736842105,0
68553,1.9459101490553132,25.2,13.833333333333334,3.5,2.70805020110221,0.5142857142857142,0
157027,2.70805020110221,15.0,10.428571428571429,17.5,1.9568392195875035,0.6708860759493671,3
119296,1.791759469228055,25.25,15.2,2.5,1.4469189829363254,0.6153846153846154,3
68479,2.0794415416798357,11.166666666666666,15.0,4.666666666666667,2.268683541318364,0.19230769230769232,0
86891,1.791759469228055,28.25,12.8,2.5,1.749199854809259,0.2631578947368421,0
124474,2.639057329615259,6.166666666666667,12.692307692307692,15.166666666666666,3.004031076368686,0.4608695652173913,1
67728,4.04305126783455,5.581818181818182,11.767857142857142,266.0,1.7129785913749407,0.824,1
63793,4.61512051684126,3.3737373737373737,12.66,841.6666666666666,2.5261326031099514,0.6918349429323969,2
182464,3.295836866004329,7.0,12.653846153846153,58.5,2.278292400425001,0.6529680365296804,1
164779,3.713572066704308,7.0,14.225,136.66666666666666,0.705886206337375,0.95,1
110379,1.9459101490553132,22.8,15.166666666666666,3.5,1.6486586255873816,0.5238095238095238,3
111870,2.833213344056216,13.6,11.5,22.666666666666668,1.7805861686299298,0.36486486486486486,0
152014,2.833213344056216,13.733333333333333,15.0625,22.666666666666668,2.348195604246098,0.38028169014084506,1
95110,3.295836866004329,6.6,12.153846153846153,58.5,2.1610215286722587,0.4791666666666667,1
142023,1.791759469228055,16.25,12.2,2.5,2.4423470353692043,0.2619047619047619,0
117500,2.3978952727983707,16.22222222222222,13.8,9.166666666666666,1.8632184332102,0.32653061224489793,3
110001,3.6635616461296463,5.783783783783784,13.710526315789474,123.5,2.147983861233056,0.5214285714285715,1
126164,2.302585092994046,13.25,14.777777777777779,7.5,2.4849066497880004,0.3181818181818182,3
35560,2.8903717578961645,16.5,16.88235294117647,25.5,1.6582280766035324,0.6617647058823529,3
147103,1.6094379124341003,15.0,14.25,1.6666666666666667,2.793208009442517,0.2826086956521739,0
184484,3.1354942159291497,16.19047619047619,12.181818181818182,42.166666666666664,1.3375041969504586,0.711864406779661,3
195226,1.6094379124341003,18.0,13.75,1.6666666666666667,1.8971199848858813,0.23529411764705882,0
81901,3.7376696182833684,6.275,14.073170731707316,143.5,2.391053740981654,0.6171284634760705,1
95671,1.6094379124341003,25.333333333333332,15.75,1.6666666666666667,2.268683541318364,0.15384615384615385,0
162000,1.9459101490553132,27.0,14.166666666666666,3.5,2.9549102790337356,0.34065934065934067,0
45735,2.1972245773362196,25.0,14.75,6.0,2.097141118779237,0.26,0
63541,1.6094379124341003,30.0,11.75,1.6666666666666667,2.5649493574615367,0.16666666666666666,0
192177,4.060443010546419,6.321428571428571,11.87719298245614,275.5,2.6960740100554945,0.7260981912144703,1
87895,2.639057329615259,13.916666666666666,13.076923076923077,15.166666666666666,2.5964977151964628,0.40268456375838924,0
203997,2.0794415416798357,24.833333333333332,13.142857142857142,4.666666666666667,3.0204248861443626,0.4358974358974359,0
93778,2.4849066497880004,22.4,11.454545454545455,11.0,1.7227665977411035,0.34782608695652173,0
73685,2.0794415416798357,10.833333333333334,14.0,4.666666666666667,1.8191584434161694,0.3870967741935484,3
54234,1.9459101490553132,23.8,15.333333333333334,3.5,2.151762203259462,0.34210526315789475,0
160505,2.3978952727983707,17.333333333333332,13.5,9.166666666666666,1.9771626925594177,0.35714285714285715,3
202177,2.9444389791664403,17.88235294117647,13.833333333333334,28.5,2.248191020928247,0.25,0
168364,2.70805020110221,12.923076923076923,13.357142857142858,17.5,3.094532858298084,0.4051094890510949,1
23241,3.7612001156935624,8.75609756097561,14.857142857142858,150.5,2.9710396609636196,0.69433465085639,1
131174,3.044522437723423,10.473684210526315,14.8,35.0,2.752654507338964,0.7347670250896058,1
187582,2.3978952727983707,7.111111111111111,14.0,9.166666666666666,2.3353749158170367,0.2261904761904762,0
158871,1.791759469228055,14.0,14.4,2.5,2.5649493574615367,0.25,0
174561,2.0794415416798357,21.166666666666668,12.285714285714286,4.666666666666667,1.8971199848858813,0.029411764705882353,0
56549,2.0794415416798357,14.0,13.0,4.666666666666667,3.0524276172305362,0.3140495867768595,0
197937,3.2188758248682006,4.260869565217392,10.5,50.0,1.246532418744732,0.6491228070175439,3
16855,2.995732273553991,18.666666666666668,11.68421052631579,31.666666666666668,2.0149030205422647,0.3333333333333333,0
203807,3.6635616461296463,7.324324324324325,11.894736842105264,123.5,2.400349261759937,0.7142857142857143,1
92047,2.9444389791664403,17.294117647058822,14.555555555555555,28.5,2.6048659648669794,0.7605633802816901,1
70904,3.091042453358316,13.45,14.904761904761905,38.5,2.4765384001174837,0.38073394495412843,1
34124,3.1354942159291497,3.238095238095238,13.409090909090908,42.166666666666664,3.042252289188884,0.29832935560859186,1
108664,1.6094379124341003,30.0,11.5,1.6666666666666667,2.512305623976115,0.20588235294117646,0
95042,2.4849066497880004,3.2,12.272727272727273,11.0,2.501435951739211,0.5982142857142857,1
130890,3.044522437723423,14.421052631578947,12.65,35.0,2.3785709999719677,0.5268817204301075,1
101638,4.343805421853684,3.973333333333333,10.092105263157896,487.6666666666667,2.2378687782743545,0.9140127388535032,2
98297,1.9459101490553132,20.6,14.666666666666666,3.5,2.772588722239781,0.2,0
31608,4.07753744390572,6.315789473684211,15.258620689655173,285.1666666666667,2.6843804570163052,0.718508997429306,1
101927,2.833213344056216,15.6,14.9375,22.666666666666668,1.8769172775683618,0.3373493975903614,3
77803,3.4965075614664802,11.67741935483871,14.5625,88.0,2.838889802061021,0.8316633266533067,1
84022,2.302585092994046,12.625,14.88888888888889,7.5,2.4423470353692043,0.34523809523809523,3
80071,2.639057329615259,22.416666666666668,12.692307692307692,15.166666666666666,2.608843551018762,0.40397350993377484,0
20037,2.302585092994046,10.625,13.555555555555555,7.5,3.0385522707369192,0.49056603773584906,1
165498,2.70805020110221,21.53846153846154,13.214285714285714,17.5,1.8044984950054848,0.6060606060606061,3
23502,3.5553480614894135,7.96969696969697,16.058823529411764,99.16666666666667,2.2623942124108005,0.6971830985915493,1
153797,2.0794415416798357,15.0,12.857142857142858,4.666666666666667,3.3141860046725258,0.3081761006289308,0
93887,1.6094379124341003,14.333333333333334,15.0,1.6666666666666667,1.8971199848858813,0.5294117647058824,3
167240,1.6094379124341003,27.666666666666668,13.5,1.6666666666666667,1.992430164690206,0.0,0
26181,2.302585092994046,21.0,14.555555555555555,7.5,2.4203681286504293,0.21951219512195122,0
63782,2.0794415416798357,22.333333333333332,13.285714285714286,4.666666666666667,0.9808292530117262,0.4,3
54872,2.4849066497880004,16.1,11.272727272727273,11.0,1.8562979903656263,0.37037037037037035,0
7609,1.9459101490553132,25.2,16.666666666666668,3.5,2.302585092994046,0.022222222222222223,0
18608,2.772588722239781,17.0,14.2,20.0,2.6741486494265287,0.4603174603174603,1
53499,2.833213344056216,19.8,11.6875,22.666666666666668,2.1972245773362196,0.48333333333333334,0
186246,2.1972245773362196,14.142857142857142,15.25,6.0,2.2587824703356527,0.16666666666666666,0
109482,1.6094379124341003,11.0,11.25,1.6666666666666667,1.791759469228055,0.06666666666666667,0
143158,3.7376696182833684,8.9,13.317073170731707,143.5,0.9162907318741551,0.7833333333333333,1
63574,3.1780538303479458,11.727272727272727,15.608695652173912,46.0,3.1094667206843742,0.6411889596602972,1
131377,2.772588722239781,19.5,13.2,20.0,2.8743714165497236,0.5299145299145299,1
7723,2.5649493574615367,18.0,13.25,13.0,2.0209453349982276,0.3055555555555556,0
98677,1.9459101490553132,13.0,14.666666666666666,3.5,2.4849066497880004,0.36363636363636365,0
43244,1.791759469228055,24.25,14.2,2.5,2.5455312716044354,0.3191489361702128,0
104687,1.791759469228055,8.0,11.2,2.5,1.3217558399823195,0.36363636363636365,3
196269,2.3978952727983707,21.88888888888889,15.8,9.166666666666666,2.456735772821304,0.25,0
159339,4.110873864173311,6.0,13.466666666666667,305.0,2.191558839800542,0.7164179104477612,1
204063,3.7612001156935624,8.048780487804878,13.571428571428571,150.5,2.2927810928974246,0.6383561643835617,1
30665,3.091042453358316,17.3,12.285714285714286,38.5,1.2809338454620645,0.46153846153846156,3
170581,4.2626798770413155,5.159420289855072,14.085714285714285,414.1666666666667,2.2731712077877524,0.8019966722129783,2
192608,3.044522437723423,15.263157894736842,14.45,35.0,2.5278316945050343,0.5753424657534246,1
162945,2.1972245773362196,17.285714285714285,15.5,6.0,2.7545702167371027,0.24271844660194175,0
122293,1.9459101490553132,11.8,11.833333333333334,3.5,2.8213788864092133,0.4050632911392405,0
23679,3.1780538303479458,4.818181818181818,14.173913043478262,46.0,2.381228220313159,0.6574074074074074,1
144547,1.6094379124341003,27.0,15.75,1.6666666666666667,2.4277482359480516,0.45161290322580644,0
197775,3.091042453358316,12.95,13.857142857142858,38.5,2.3561258599220753,0.4607329842931937,3
185186,3.6109179126442243,7.0,12.055555555555555,111.0,2.6225960525611867,0.6129753914988815,1
